;FLAVOR:Marlin
;TIME:1888
;Filament used: 0.594162m
;Layer height: 0.16
;MINX:64.5
;MINY:102.5
;MINZ:0.2
;MAXX:170.5
;MAXY:132.5
;MAXZ:2.8
;TARGET_MACHINE.NAME:Creality Ender-3
;Generated with Cura_SteamEngine 5.13.0
M140 S60
M105
M190 S60
M104 S230
M105
M109 S230
; Ender 3 Custom Start G-code
G92 E0 ; Reset Extruder
G28 ; Home all axes
G1 Z2.0 F3000 ; Move Z Axis up little to prevent scratching of Heat Bed
G1 X0.1 Y20 Z0.3 F5000.0 ; Move to start position
G1 X0.1 Y200.0 Z0.3 F1500.0 E15 ; Draw the first line
G1 X0.4 Y200.0 Z0.3 F5000.0 ; Move to side a little
G1 X0.4 Y20 Z0.3 F1500.0 E30 ; Draw the second line
G92 E0 ; Reset Extruder
G1 Z2.0 F3000 ; Move Z Axis up little to prevent scratching of Heat Bed
G1 X5 Y20 Z0.3 F5000.0 ; Move over to prevent blob squish
M82 ;absolute extrusion mode
G92 E0
G92 E0
;LAYER_COUNT:14
;LAYER:0
M107
G0 F6000 X69.498 Y104.297 Z0.2
;TYPE:SKIRT
G1 F1200 X70.337 Y103.801 E0.03242
G1 X71.151 Y103.41 E0.06245
G1 X72.128 Y103.042 E0.09718
G1 X73.032 Y102.792 E0.12837
G1 X74.034 Y102.609 E0.16225
G1 X75.205 Y102.513 E0.20133
G1 X75.812 Y102.5 E0.22152
G1 X158.804 Y102.5 E2.98185
G1 X159.684 Y102.513 E3.01112
G1 X160.656 Y102.572 E3.04351
G1 X161.619 Y102.718 E3.0759
G1 X162.566 Y102.949 E3.10832
G1 X163.454 Y103.249 E3.1395
G1 X164.346 Y103.639 E3.17188
G1 X165.229 Y104.126 E3.20542
G1 X165.98 Y104.628 E3.23546
G1 X166.795 Y105.286 E3.2703
G1 X167.493 Y105.964 E3.30267
G1 X168.129 Y106.701 E3.33504
G1 X168.699 Y107.491 E3.36745
G1 X169.161 Y108.267 E3.39748
G1 X169.615 Y109.209 E3.43226
G1 X169.944 Y110.087 E3.46345
G1 X170.213 Y111.059 E3.49699
G1 X170.39 Y112.025 E3.52966
G1 X170.485 Y113.155 E3.56737
G1 X170.5 Y113.83 E3.58983
G1 X170.499 Y120.916 E3.82551
G1 X170.487 Y121.677 E3.85082
G1 X170.429 Y122.65 E3.88324
G1 X170.283 Y123.613 E3.91564
G1 X170.052 Y124.56 E3.94806
G1 X169.739 Y125.482 E3.98045
G1 X169.347 Y126.373 E4.01282
G1 X168.895 Y127.195 E4.04402
G1 X168.333 Y128.033 E4.07758
G1 X167.743 Y128.763 E4.1088
G1 X167.04 Y129.489 E4.14241
G1 X166.304 Y130.125 E4.17476
G1 X165.514 Y130.695 E4.20717
G1 X164.738 Y131.158 E4.23722
G1 X163.798 Y131.611 E4.27193
G1 X162.885 Y131.953 E4.30435
G1 X161.947 Y132.212 E4.33672
G1 X160.981 Y132.389 E4.36938
G1 X159.845 Y132.485 E4.4073
G1 X159.17 Y132.5 E4.42976
G1 X76.049 Y132.499 E7.19437
G1 X75.316 Y132.487 E7.21876
G1 X74.344 Y132.428 E7.25114
G1 X73.381 Y132.282 E7.28354
G1 X72.434 Y132.051 E7.31596
G1 X71.546 Y131.751 E7.34714
G1 X70.654 Y131.361 E7.37952
G1 X69.771 Y130.874 E7.41305
G1 X69.02 Y130.372 E7.4431
G1 X68.205 Y129.714 E7.47794
G1 X67.507 Y129.036 E7.5103
G1 X66.871 Y128.299 E7.54268
G1 X66.301 Y127.509 E7.57508
G1 X65.839 Y126.733 E7.60512
G1 X65.385 Y125.791 E7.6399
G1 X65.056 Y124.913 E7.67109
G1 X64.787 Y123.94 E7.70466
G1 X64.61 Y122.973 E7.73736
G1 X64.514 Y121.808 E7.77624
G1 X64.5 Y121.158 E7.79786
G1 X64.501 Y114.009 E8.03564
G1 X64.513 Y113.308 E8.05896
G1 X64.573 Y112.335 E8.09138
G1 X64.72 Y111.374 E8.12372
G1 X64.951 Y110.426 E8.15617
G1 X65.253 Y109.537 E8.1874
G1 X65.66 Y108.615 E8.22092
G1 X66.131 Y107.763 E8.2533
G1 X66.676 Y106.954 E8.28574
G1 X67.267 Y106.226 E8.31693
G1 X67.969 Y105.501 E8.35049
G1 X68.679 Y104.887 E8.38171
G1 X69.498 Y104.297 E8.41529
G0 F6000 X69.702 Y104.641
G1 F1200 X70.51 Y104.162 E8.44653
G1 X71.324 Y103.771 E8.47656
G1 X72.235 Y103.428 E8.50894
G1 X73.139 Y103.178 E8.54014
G1 X74.067 Y103.008 E8.57151
G1 X75.214 Y102.913 E8.60979
G1 X75.821 Y102.9 E8.62999
G1 X158.798 Y102.9 E11.38981
G1 X159.66 Y102.912 E11.41849
G1 X160.597 Y102.968 E11.44971
G1 X161.525 Y103.107 E11.48092
G1 X162.438 Y103.328 E11.51216
G1 X163.294 Y103.616 E11.5422
G1 X164.186 Y104.006 E11.57458
G1 X165.007 Y104.459 E11.60577
G1 X165.758 Y104.961 E11.63581
G1 X166.517 Y105.573 E11.66824
G1 X167.191 Y106.226 E11.69945
G1 X167.805 Y106.935 E11.73065
G1 X168.355 Y107.696 E11.76188
G1 X168.817 Y108.472 E11.79192
G1 X169.24 Y109.349 E11.8243
G1 X169.569 Y110.227 E11.85549
G1 X169.82 Y111.132 E11.88672
G1 X169.991 Y112.059 E11.91807
G1 X170.086 Y113.189 E11.95579
G1 X170.1 Y113.83 E11.97712
G1 X170.099 Y120.91 E12.2126
G1 X170.088 Y121.654 E12.23735
G1 X170.033 Y122.591 E12.26856
G1 X169.894 Y123.519 E12.29977
G1 X169.673 Y124.432 E12.33102
G1 X169.373 Y125.321 E12.36222
G1 X168.996 Y126.18 E12.39342
G1 X168.544 Y127.002 E12.42463
G1 X168.021 Y127.782 E12.45586
G1 X167.455 Y128.485 E12.48588
G1 X166.778 Y129.187 E12.51832
G1 X166.07 Y129.801 E12.54949
G1 X165.309 Y130.351 E12.58072
G1 X164.533 Y130.814 E12.61077
G1 X163.657 Y131.237 E12.64313
G1 X162.778 Y131.568 E12.67436
G1 X161.874 Y131.819 E12.70557
G1 X160.947 Y131.99 E12.73692
G1 X159.811 Y132.086 E12.77484
G1 X159.17 Y132.1 E12.79616
G1 X76.055 Y132.099 E15.56058
G1 X75.34 Y132.088 E15.58436
G1 X74.403 Y132.032 E15.61559
G1 X73.475 Y131.893 E15.64679
G1 X72.562 Y131.672 E15.67804
G1 X71.706 Y131.384 E15.70808
G1 X70.814 Y130.994 E15.74046
G1 X69.993 Y130.541 E15.77164
G1 X69.242 Y130.039 E15.80169
G1 X68.483 Y129.427 E15.83412
G1 X67.809 Y128.774 E15.86533
G1 X67.195 Y128.065 E15.89653
G1 X66.645 Y127.304 E15.92776
G1 X66.183 Y126.528 E15.95779
G1 X65.76 Y125.651 E15.99018
G1 X65.431 Y124.773 E16.02136
G1 X65.18 Y123.868 E16.0526
G1 X65.009 Y122.94 E16.08398
G1 X64.913 Y121.775 E16.12286
G1 X64.9 Y121.158 E16.14339
G1 X64.901 Y114.015 E16.38097
G1 X64.912 Y113.332 E16.40369
G1 X64.969 Y112.395 E16.43491
G1 X65.109 Y111.468 E16.46609
G1 X65.33 Y110.555 E16.49733
G1 X65.632 Y109.666 E16.52856
G1 X66.01 Y108.808 E16.55975
G1 X66.463 Y107.986 E16.59096
G1 X66.987 Y107.206 E16.62222
G1 X67.578 Y106.478 E16.6534
G1 X68.231 Y105.804 E16.68462
G1 X68.941 Y105.19 E16.71584
G1 X69.702 Y104.641 E16.74705
G0 F6000 X69.907 Y104.985
G1 F1200 X70.683 Y104.523 E16.77709
G1 X71.497 Y104.132 E16.80712
G1 X72.342 Y103.813 E16.83716
G1 X73.212 Y103.571 E16.8672
G1 X74.1 Y103.407 E16.89723
G1 X75.223 Y103.313 E16.93471
G1 X75.83 Y103.3 E16.95491
G1 X158.793 Y103.3 E19.71427
G1 X159.637 Y103.311 E19.74234
G1 X160.539 Y103.364 E19.77239
G1 X161.432 Y103.496 E19.80242
G1 X162.31 Y103.707 E19.83245
G1 X163.166 Y103.995 E19.86249
G1 X163.993 Y104.357 E19.89252
G1 X164.785 Y104.792 E19.92257
G1 X165.536 Y105.294 E19.95261
G1 X166.239 Y105.861 E19.98265
G1 X166.889 Y106.488 E20.01269
G1 X167.481 Y107.17 E20.04273
G1 X168.011 Y107.901 E20.07276
G1 X168.473 Y108.677 E20.1028
G1 X168.866 Y109.49 E20.13283
G1 X169.184 Y110.335 E20.16286
G1 X169.427 Y111.205 E20.1929
G1 X169.592 Y112.093 E20.22294
G1 X169.687 Y113.223 E20.26066
G1 X169.7 Y113.83 E20.28086
G1 X169.699 Y120.904 E20.51614
G1 X169.689 Y121.631 E20.54032
G1 X169.637 Y122.533 E20.57037
G1 X169.505 Y123.426 E20.60039
G1 X169.294 Y124.305 E20.63046
G1 X169.007 Y125.161 E20.66049
G1 X168.645 Y125.988 E20.69051
G1 X168.211 Y126.78 E20.72055
G1 X167.709 Y127.531 E20.7506
G1 X167.143 Y128.234 E20.78062
G1 X166.516 Y128.885 E20.81068
G1 X165.835 Y129.477 E20.84069
G1 X165.104 Y130.007 E20.87072
G1 X164.328 Y130.47 E20.90078
G1 X163.515 Y130.863 E20.93081
G1 X162.67 Y131.183 E20.96086
G1 X161.801 Y131.426 E20.99087
G1 X160.913 Y131.591 E21.02091
G1 X159.777 Y131.687 E21.05883
G1 X159.17 Y131.7 E21.07903
G1 X76.061 Y131.699 E23.84324
G1 X75.363 Y131.689 E23.86646
G1 X74.461 Y131.636 E23.89651
G1 X73.568 Y131.504 E23.92654
G1 X72.69 Y131.293 E23.95657
G1 X71.834 Y131.005 E23.98661
G1 X71.007 Y130.643 E24.01664
G1 X70.215 Y130.208 E24.04669
G1 X69.464 Y129.706 E24.07673
G1 X68.761 Y129.139 E24.10677
G1 X68.111 Y128.512 E24.13681
G1 X67.519 Y127.83 E24.16685
G1 X66.989 Y127.099 E24.19688
G1 X66.527 Y126.323 E24.22692
G1 X66.134 Y125.51 E24.25695
G1 X65.816 Y124.665 E24.28698
G1 X65.573 Y123.795 E24.31702
G1 X65.408 Y122.907 E24.34707
G1 X65.313 Y121.766 E24.38515
G1 X65.3 Y121.158 E24.40537
G1 X65.301 Y114.021 E24.64275
G1 X65.311 Y113.356 E24.66487
G1 X65.365 Y112.454 E24.69493
G1 X65.498 Y111.561 E24.72495
G1 X65.709 Y110.683 E24.75499
G1 X65.998 Y109.827 E24.78504
G1 X66.361 Y109 E24.81508
G1 X66.795 Y108.209 E24.84509
G1 X67.298 Y107.458 E24.87515
G1 X67.866 Y106.756 E24.90518
G1 X68.493 Y106.106 E24.93522
G1 X69.175 Y105.514 E24.96526
G1 X69.907 Y104.985 E24.9953
;MESH:3mm_tpu.stl
G0 F6000 X75.924 Y112.835
G0 X75.924 Y113.924
G0 X80.744 Y114.656
G0 X80.188 Y114.702
G0 X77.865 Y116.395
G0 X78.593 Y118.499
G0 X78.889 Y118.926
G0 X79.202 Y119.205
G0 X80.826 Y120.166
;TYPE:WALL-INNER
G1 F659.3 X80.147 Y120.166 E25.01585
G1 F625 X79.554 Y120.037 E25.03523
G1 F600 X79.072 Y119.789 E25.05325
G1 X78.864 Y119.645 E25.06167
G1 X78.471 Y119.294 E25.07919
G1 X78.098 Y118.755 E25.101
G1 X77.871 Y118.155 E25.12233
G1 X77.796 Y117.536 E25.14307
G1 X77.866 Y116.851 E25.16597
G1 X78.1 Y116.245 E25.18758
G1 X78.464 Y115.709 E25.20913
G1 X78.864 Y115.351 E25.22698
G1 X79.072 Y115.207 E25.2354
G1 X79.563 Y114.954 E25.25377
G1 F631.6 X80.173 Y114.834 E25.27341
G1 F661.2 X80.845 Y114.834 E25.29369
G1 F626.6 X81.436 Y114.956 E25.31291
G1 F600 X81.924 Y115.207 E25.33117
G1 X82.132 Y115.351 E25.33958
G1 X82.531 Y115.709 E25.35741
G1 X82.898 Y116.246 E25.37904
G1 X83.13 Y116.857 E25.40078
G1 X83.2 Y117.535 E25.42345
G1 X83.127 Y118.148 E25.44398
G1 X82.898 Y118.755 E25.46556
G1 X82.527 Y119.291 E25.48724
G1 X82.132 Y119.645 E25.50488
G1 X81.923 Y119.789 E25.51333
G1 X81.44 Y120.038 E25.5314
G1 F631.6 X80.826 Y120.166 E25.55122
G0 F6000 X80.776 Y119.788
G1 F600 X80.217 Y119.788 E25.56981
G1 X79.68 Y119.653 E25.58823
G1 X79.19 Y119.4 E25.60657
G1 X78.773 Y119.027 E25.62518
G1 X78.455 Y118.567 E25.64378
G1 X78.261 Y118.056 E25.66195
G1 X78.195 Y117.501 E25.68054
G1 X78.259 Y116.945 E25.69916
G1 X78.456 Y116.431 E25.71747
G1 X78.768 Y115.974 E25.73587
G1 X79.19 Y115.596 E25.75471
G1 X79.685 Y115.341 E25.77323
G1 X80.221 Y115.212 E25.79157
G1 X80.78 Y115.212 E25.81016
G1 X81.312 Y115.341 E25.82837
G1 X81.806 Y115.596 E25.84686
G1 X82.228 Y115.974 E25.8657
G1 X82.54 Y116.432 E25.88414
G1 X82.736 Y116.943 E25.90234
G1 X82.796 Y117.5 E25.92097
G1 X82.738 Y118.048 E25.9393
G1 X82.54 Y118.569 E25.95784
G1 X82.225 Y119.025 E25.97627
G1 X81.808 Y119.398 E25.99488
G1 X81.312 Y119.654 E26.01345
G1 X80.776 Y119.788 E26.03182
G0 F6000 X80.776 Y120.098
G0 X80.252 Y120.344
G0 X117.5 Y120.499
G1 F600 X153.596 Y120.499 E27.23238
G1 F634.9 X154.292 Y120.522 E27.25427
G1 F674.2 X154.704 Y120.522 E27.26646
G1 F634.9 X155.4 Y120.499 E27.28835
G1 F600 X158.5 Y120.5 E27.39146
G1 X158.5 Y114.5 E27.59102
G1 X155.388 Y114.5 E27.69452
G1 F634.9 X154.704 Y114.478 E27.71603
G1 F674.2 X154.292 Y114.478 E27.72823
G1 F634.9 X153.608 Y114.5 E27.74974
G1 F600 X81.388 Y114.5 E30.15179
G1 F634.9 X80.704 Y114.478 E30.1733
G1 F674.2 X80.292 Y114.478 E30.18549
G1 F634.9 X79.608 Y114.5 E30.207
G1 F600 X76.501 Y114.501 E30.31034
G1 X76.5 Y120.5 E30.50987
G1 X79.596 Y120.499 E30.61284
G1 F634.9 X80.292 Y120.522 E30.63473
G1 F674.2 X80.704 Y120.522 E30.64693
G1 F634.9 X81.4 Y120.499 E30.66881
G1 F600 X117.5 Y120.499 E31.8695
G0 F6000 X117.5 Y120.9
G1 F600 X158.9 Y120.9 E33.24647
G1 X158.9 Y114.1 E33.47264
G1 X76.101 Y114.101 E36.22655
G1 X76.1 Y120.9 E36.45268
G1 X117.5 Y120.9 E37.82965
G0 F6000 X117.5 Y120.59
G0 X154 Y120.365
G0 X154.332 Y120.344
G0 X154.147 Y120.166
G1 F625 X153.554 Y120.037 E37.84903
G1 F600 X153.072 Y119.789 E37.86706
G1 X152.864 Y119.645 E37.87547
G1 X152.471 Y119.294 E37.893
G1 X152.098 Y118.755 E37.9148
G1 X151.869 Y118.148 E37.93638
G1 X151.796 Y117.535 E37.95691
G1 X151.866 Y116.857 E37.97958
G1 X152.098 Y116.246 E38.00132
G1 X152.465 Y115.709 E38.02295
G1 X152.864 Y115.351 E38.04078
G1 X153.072 Y115.207 E38.0492
G1 X153.563 Y114.954 E38.06757
G1 F631.6 X154.173 Y114.834 E38.08721
G1 F661.2 X154.845 Y114.834 E38.10749
G1 F626.6 X155.436 Y114.956 E38.12671
G1 F600 X155.924 Y115.207 E38.14496
G1 X156.132 Y115.351 E38.15338
G1 X156.532 Y115.709 E38.17123
G1 X156.896 Y116.245 E38.19278
G1 X157.128 Y116.847 E38.21424
G1 X157.196 Y117.5 E38.23608
G1 X157.126 Y118.152 E38.25789
G1 X156.895 Y118.759 E38.27949
G1 X156.528 Y119.29 E38.30096
G1 X156.132 Y119.645 E38.31865
G1 X155.923 Y119.789 E38.32709
G1 X155.44 Y120.038 E38.34516
G1 F631.6 X154.826 Y120.166 E38.36498
G1 F659.3 X154.147 Y120.166 E38.38553
G0 F6000 X154.217 Y119.788
G1 F600 X153.68 Y119.653 E38.40395
G1 X153.191 Y119.4 E38.42226
G1 X152.773 Y119.028 E38.44087
G1 X152.456 Y118.569 E38.45942
G1 X152.26 Y118.052 E38.47781
G1 X152.2 Y117.5 E38.49628
G1 X152.26 Y116.944 E38.51488
G1 X152.456 Y116.431 E38.53315
G1 X152.768 Y115.974 E38.55155
G1 X153.19 Y115.596 E38.57039
G1 X153.685 Y115.341 E38.58891
G1 X154.221 Y115.212 E38.60725
G1 X154.78 Y115.212 E38.62584
G1 X155.312 Y115.341 E38.64405
G1 X155.806 Y115.596 E38.66254
G1 X156.228 Y115.974 E38.68138
G1 X156.54 Y116.432 E38.69982
G1 X156.736 Y116.943 E38.71802
G1 X156.796 Y117.5 E38.73665
G1 X156.735 Y118.055 E38.75522
G1 X156.539 Y118.57 E38.77355
G1 X156.225 Y119.024 E38.79191
G1 X155.809 Y119.398 E38.81052
G1 X155.312 Y119.654 E38.82911
G1 X154.776 Y119.788 E38.84749
G1 X154.217 Y119.788 E38.86608
G0 F6000 X154.243 Y119.382
;TYPE:WALL-OUTER
G1 F600 X153.804 Y119.266 E38.88118
G1 X153.398 Y119.049 E38.89649
G1 X153.09 Y118.774 E38.91023
G1 X152.804 Y118.359 E38.92699
G1 X152.66 Y117.979 E38.9405
G1 X152.601 Y117.524 E38.95576
G1 X152.649 Y117.064 E38.97115
G1 X152.826 Y116.599 E38.9877
G1 X153.058 Y116.259 E39.00139
G1 X153.417 Y115.93 E39.01758
G1 X153.848 Y115.713 E39.03363
G1 X154.257 Y115.614 E39.04763
G1 X154.752 Y115.617 E39.06409
G1 X155.148 Y115.713 E39.07764
G1 X155.579 Y115.93 E39.09369
G1 X155.938 Y116.259 E39.10989
G1 X156.17 Y116.599 E39.12358
G1 X156.347 Y117.064 E39.14013
G1 X156.396 Y117.5 E39.15472
G1 X156.346 Y117.943 E39.16955
G1 X156.169 Y118.402 E39.18591
G1 X155.937 Y118.738 E39.19949
G1 X155.579 Y119.066 E39.21564
G1 X155.15 Y119.282 E39.23162
G1 X154.739 Y119.386 E39.24572
G1 X154.243 Y119.382 E39.26221
G0 F6000 X154.074 Y120.07
G0 X154.332 Y120.344
G0 X117.5 Y120.59
G0 X117.5 Y121.3
G1 F600 X159.3 Y121.3 E40.65249
G1 X159.3 Y113.7 E40.90527
G1 X75.701 Y113.701 E43.68578
G1 X75.7 Y121.3 E43.93852
G1 X117.5 Y121.3 E45.3288
G0 F6000 X117.5 Y120.59
G0 X80.705 Y120.383
G0 X80.252 Y120.344
G0 X80.907 Y120.075
G0 X80.739 Y119.386
G1 F600 X80.243 Y119.382 E45.34529
G1 X79.804 Y119.266 E45.3604
G1 X79.398 Y119.049 E45.37571
G1 X79.09 Y118.774 E45.38944
G1 X78.804 Y118.359 E45.4062
G1 X78.65 Y117.943 E45.42096
G1 X78.601 Y117.524 E45.43499
G1 X78.649 Y117.064 E45.45037
G1 X78.826 Y116.599 E45.46692
G1 X79.058 Y116.259 E45.48061
G1 X79.417 Y115.93 E45.49681
G1 X79.848 Y115.713 E45.51286
G1 X80.257 Y115.614 E45.52685
G1 X80.752 Y115.617 E45.54332
G1 X81.148 Y115.713 E45.55687
G1 X81.579 Y115.93 E45.57292
G1 X81.938 Y116.259 E45.58911
G1 X82.17 Y116.599 E45.60281
G1 X82.347 Y117.064 E45.61935
G1 X82.396 Y117.5 E45.63395
G1 X82.336 Y117.979 E45.65
G1 X82.192 Y118.359 E45.66352
G1 X81.937 Y118.738 E45.67871
G1 X81.579 Y119.066 E45.69486
G1 X81.15 Y119.282 E45.71084
G1 X80.739 Y119.386 E45.72494
G0 F6000 X80.907 Y120.075
G0 X80.252 Y120.344
G0 X117.5 Y120.399
G0 X117.5 Y120.136
;TYPE:SKIN
G1 F600 X82.041 Y120.136 E46.90431
G1 X82.37 Y119.91 E46.91758
G1 X82.693 Y119.619 E46.93204
G1 X82.877 Y119.414 E46.94121
G1 X83.121 Y119.062 E46.95545
G1 X83.266 Y118.789 E46.96573
G1 X83.416 Y118.395 E46.97975
G1 X83.495 Y118.085 E46.99039
G1 X83.56 Y117.497 E47.01007
G1 X83.495 Y116.903 E47.02994
G1 X83.423 Y116.615 E47.03982
G1 X83.266 Y116.202 E47.05451
G1 X83.142 Y115.967 E47.06335
G1 X82.893 Y115.602 E47.07805
G1 X82.694 Y115.375 E47.08809
G1 X82.371 Y115.079 E47.10266
G1 X82.057 Y114.86 E47.11539
G1 X152.935 Y114.86 E49.4728
G1 X152.621 Y115.079 E49.48554
G1 X152.298 Y115.375 E49.50011
G1 X152.114 Y115.583 E49.50935
G1 X151.863 Y115.946 E49.52402
G1 X151.726 Y116.202 E49.53368
G1 X151.569 Y116.616 E49.54841
G1 X151.497 Y116.908 E49.55841
G1 X151.432 Y117.499 E49.57819
G1 X151.493 Y118.063 E49.59705
G1 X151.576 Y118.395 E49.60844
G1 X151.716 Y118.767 E49.62166
G1 X151.858 Y119.041 E49.63192
G1 X152.115 Y119.415 E49.64701
G1 X152.303 Y119.622 E49.65631
G1 X152.621 Y119.913 E49.67065
G1 X152.94 Y120.135 E49.68358
G1 X117.5 Y120.136 E50.86232
G0 F6000 X117.5 Y120.399
G0 X80.705 Y120.383
G0 X80.252 Y120.344
G0 X82.567 Y119.375
G0 X82.908 Y119.677
G1 F600 X83.166 Y119.935 E50.87445
G0 F6000 X83.731 Y119.935
G1 F600 X83.158 Y119.362 E50.9014
G0 F6000 X83.374 Y119.012
G1 F600 X84.297 Y119.935 E50.94482
G0 F6000 X84.863 Y119.935
G1 F600 X83.543 Y118.616 E51.00688
G0 F6000 X83.676 Y118.183
G1 F600 X85.428 Y119.935 E51.08929
G0 F6000 X85.994 Y119.935
G1 F600 X83.739 Y117.68 E51.19536
G0 F6000 X83.714 Y117.09
G1 F600 X86.56 Y119.935 E51.32921
G0 F6000 X87.125 Y119.935
G1 F600 X83.531 Y116.341 E51.49826
G0 F6000 X83.103 Y116.504
G0 X81.374 Y114.779
G0 X80.664 Y114.658
G0 X83.381 Y114.6
G0 X83.381 Y115.059
G1 F600 X88.257 Y119.935 E51.72761
G0 F6000 X87.691 Y119.935
G1 F600 X82.815 Y115.059 E51.95696
G0 F6000 X82.815 Y114.6
G0 X83.946 Y114.6
G0 X83.946 Y115.059
G1 F600 X88.823 Y119.935 E52.18634
G0 F6000 X89.388 Y119.935
G1 F600 X84.512 Y115.059 E52.41569
G0 F6000 X85.078 Y115.059
G1 F600 X89.954 Y119.935 E52.64504
G0 F6000 X90.52 Y119.935
G1 F600 X85.643 Y115.059 E52.87442
G0 F6000 X86.209 Y115.059
G1 F600 X91.085 Y119.935 E53.10377
G0 F6000 X91.651 Y119.935
G1 F600 X86.775 Y115.059 E53.33312
G0 F6000 X87.34 Y115.059
G1 F600 X92.217 Y119.935 E53.5625
G0 F6000 X92.782 Y119.935
G1 F600 X87.906 Y115.059 E53.79185
G0 F6000 X88.472 Y115.059
G1 F600 X93.348 Y119.935 E54.0212
G0 F6000 X93.914 Y119.935
G1 F600 X89.037 Y115.059 E54.25058
G0 F6000 X89.603 Y115.059
G1 F600 X94.479 Y119.935 E54.47993
G0 F6000 X95.045 Y119.935
G1 F600 X90.169 Y115.059 E54.70928
G0 F6000 X90.735 Y115.059
G1 F600 X95.611 Y119.935 E54.93863
G0 F6000 X96.176 Y119.935
G1 F600 X91.3 Y115.059 E55.16798
G0 F6000 X91.866 Y115.059
G1 F600 X96.742 Y119.935 E55.39734
G0 F6000 X97.308 Y119.935
G1 F600 X92.432 Y115.059 E55.62669
G0 F6000 X92.997 Y115.059
G1 F600 X97.873 Y119.935 E55.85604
G0 F6000 X98.439 Y119.935
G1 F600 X93.563 Y115.059 E56.08539
G0 F6000 X94.129 Y115.059
G1 F600 X99.005 Y119.935 E56.31474
G0 F6000 X99.571 Y119.935
G1 F600 X94.694 Y115.059 E56.54412
G0 F6000 X95.26 Y115.059
G1 F600 X100.136 Y119.935 E56.77347
G0 F6000 X100.702 Y119.935
G1 F600 X95.826 Y115.059 E57.00282
G0 F6000 X96.391 Y115.059
G1 F600 X101.268 Y119.935 E57.2322
G0 F6000 X101.833 Y119.935
G1 F600 X96.957 Y115.059 E57.46155
G0 F6000 X97.523 Y115.059
G1 F600 X102.399 Y119.935 E57.6909
G0 F6000 X102.965 Y119.935
G1 F600 X98.088 Y115.059 E57.92028
G0 F6000 X98.654 Y115.059
G1 F600 X103.53 Y119.935 E58.14963
G0 F6000 X104.096 Y119.935
G1 F600 X99.22 Y115.059 E58.37898
G0 F6000 X99.785 Y115.059
G1 F600 X104.662 Y119.935 E58.60836
G0 F6000 X105.227 Y119.935
G1 F600 X100.351 Y115.059 E58.83771
G0 F6000 X100.917 Y115.059
G1 F600 X105.793 Y119.935 E59.06706
G0 F6000 X106.359 Y119.935
G1 F600 X101.483 Y115.059 E59.29642
G0 F6000 X102.048 Y115.059
G1 F600 X106.924 Y119.935 E59.52577
G0 F6000 X107.49 Y119.935
G1 F600 X102.614 Y115.059 E59.75512
G0 F6000 X103.18 Y115.059
G1 F600 X108.056 Y119.935 E59.98447
G0 F6000 X108.622 Y119.935
G1 F600 X103.745 Y115.059 E60.21385
G0 F6000 X104.311 Y115.059
G1 F600 X109.187 Y119.935 E60.4432
G0 F6000 X109.753 Y119.935
G1 F600 X104.877 Y115.059 E60.67255
G0 F6000 X105.442 Y115.059
G1 F600 X110.319 Y119.935 E60.90193
G0 F6000 X110.884 Y119.935
G1 F600 X106.008 Y115.059 E61.13128
G0 F6000 X106.574 Y115.059
G1 F600 X111.45 Y119.935 E61.36063
G0 F6000 X112.016 Y119.935
G1 F600 X107.139 Y115.059 E61.59001
G0 F6000 X107.705 Y115.059
G1 F600 X112.581 Y119.935 E61.81936
G0 F6000 X113.147 Y119.935
G1 F600 X108.271 Y115.059 E62.04871
G0 F6000 X108.836 Y115.059
G1 F600 X113.713 Y119.935 E62.27809
G0 F6000 X114.278 Y119.935
G1 F600 X109.402 Y115.059 E62.50744
G0 F6000 X109.968 Y115.059
G1 F600 X114.844 Y119.935 E62.73679
G0 F6000 X115.41 Y119.935
G1 F600 X110.534 Y115.059 E62.96614
G0 F6000 X111.099 Y115.059
G1 F600 X115.975 Y119.935 E63.19549
G0 F6000 X116.541 Y119.935
G1 F600 X111.665 Y115.059 E63.42485
G0 F6000 X112.231 Y115.059
G1 F600 X117.107 Y119.935 E63.6542
G0 F6000 X117.672 Y119.935
G1 F600 X112.796 Y115.059 E63.88355
G0 F6000 X113.362 Y115.059
G1 F600 X118.238 Y119.935 E64.1129
G0 F6000 X118.804 Y119.935
G1 F600 X113.928 Y115.059 E64.34226
G0 F6000 X114.493 Y115.059
G1 F600 X119.37 Y119.935 E64.57163
G0 F6000 X119.935 Y119.935
G1 F600 X115.059 Y115.059 E64.80098
G0 F6000 X115.625 Y115.059
G1 F600 X120.501 Y119.935 E65.03034
G0 F6000 X121.067 Y119.935
G1 F600 X116.19 Y115.059 E65.25971
G0 F6000 X116.756 Y115.059
G1 F600 X121.632 Y119.935 E65.48906
G0 F6000 X122.198 Y119.935
G1 F600 X117.322 Y115.059 E65.71841
G0 F6000 X117.887 Y115.059
G1 F600 X122.764 Y119.935 E65.94779
G0 F6000 X123.329 Y119.935
G1 F600 X118.453 Y115.059 E66.17714
G0 F6000 X119.019 Y115.059
G1 F600 X123.895 Y119.935 E66.40649
G0 F6000 X124.461 Y119.935
G1 F600 X119.584 Y115.059 E66.63587
G0 F6000 X120.15 Y115.059
G1 F600 X125.026 Y119.935 E66.86522
G0 F6000 X125.592 Y119.935
G1 F600 X120.716 Y115.059 E67.09457
G0 F6000 X121.282 Y115.059
G1 F600 X126.158 Y119.935 E67.32393
G0 F6000 X126.723 Y119.935
G1 F600 X121.847 Y115.059 E67.55328
G0 F6000 X122.413 Y115.059
G1 F600 X127.289 Y119.935 E67.78263
G0 F6000 X127.855 Y119.935
G1 F600 X122.979 Y115.059 E68.01198
G0 F6000 X123.544 Y115.059
G1 F600 X128.42 Y119.935 E68.24133
G0 F6000 X128.986 Y119.935
G1 F600 X124.11 Y115.059 E68.47069
G0 F6000 X124.676 Y115.059
G1 F600 X129.552 Y119.935 E68.70004
G0 F6000 X130.118 Y119.935
G1 F600 X125.241 Y115.059 E68.92941
G0 F6000 X125.807 Y115.059
G1 F600 X130.683 Y119.935 E69.15877
G0 F6000 X131.249 Y119.935
G1 F600 X126.373 Y115.059 E69.38812
G0 F6000 X126.938 Y115.059
G1 F600 X131.815 Y119.935 E69.61749
G0 F6000 X132.38 Y119.935
G1 F600 X127.504 Y115.059 E69.84685
G0 F6000 X128.07 Y115.059
G1 F600 X132.946 Y119.935 E70.0762
G0 F6000 X133.512 Y119.935
G1 F600 X128.635 Y115.059 E70.30557
G0 F6000 X129.201 Y115.059
G1 F600 X134.077 Y119.935 E70.53493
G0 F6000 X134.643 Y119.935
G1 F600 X129.767 Y115.059 E70.76428
G0 F6000 X130.333 Y115.059
G1 F600 X135.209 Y119.935 E70.99363
G0 F6000 X135.774 Y119.935
G1 F600 X130.898 Y115.059 E71.22298
G0 F6000 X131.464 Y115.059
G1 F600 X136.34 Y119.935 E71.45233
G0 F6000 X136.906 Y119.935
G1 F600 X132.03 Y115.059 E71.68169
G0 F6000 X132.595 Y115.059
G1 F600 X137.471 Y119.935 E71.91104
G0 F6000 X138.037 Y119.935
G1 F600 X133.161 Y115.059 E72.14039
G0 F6000 X133.727 Y115.059
G1 F600 X138.603 Y119.935 E72.36974
G0 F6000 X139.169 Y119.935
G1 F600 X134.292 Y115.059 E72.59912
G0 F6000 X134.858 Y115.059
G1 F600 X139.734 Y119.935 E72.82847
G0 F6000 X140.3 Y119.935
G1 F600 X135.424 Y115.059 E73.05782
G0 F6000 X135.989 Y115.059
G1 F600 X140.866 Y119.935 E73.2872
G0 F6000 X141.431 Y119.935
G1 F600 X136.555 Y115.059 E73.51655
G0 F6000 X137.121 Y115.059
G1 F600 X141.997 Y119.935 E73.7459
G0 F6000 X142.563 Y119.935
G1 F600 X137.686 Y115.059 E73.97528
G0 F6000 X138.252 Y115.059
G1 F600 X143.128 Y119.935 E74.20463
G0 F6000 X143.694 Y119.935
G1 F600 X138.818 Y115.059 E74.43398
G0 F6000 X139.383 Y115.059
G1 F600 X144.26 Y119.935 E74.66336
G0 F6000 X144.825 Y119.935
G1 F600 X139.949 Y115.059 E74.89271
G0 F6000 X140.515 Y115.059
G1 F600 X145.391 Y119.935 E75.12206
G0 F6000 X145.957 Y119.935
G1 F600 X141.081 Y115.059 E75.35141
G0 F6000 X141.646 Y115.059
G1 F600 X146.522 Y119.935 E75.58077
G0 F6000 X147.088 Y119.935
G1 F600 X142.212 Y115.059 E75.81012
G0 F6000 X142.778 Y115.059
G1 F600 X147.654 Y119.935 E76.03947
G0 F6000 X148.219 Y119.935
G1 F600 X143.343 Y115.059 E76.26882
G0 F6000 X143.909 Y115.059
G1 F600 X148.785 Y119.935 E76.49817
G0 F6000 X149.351 Y119.935
G1 F600 X144.475 Y115.059 E76.72753
G0 F6000 X145.04 Y115.059
G1 F600 X149.917 Y119.935 E76.9569
G0 F6000 X150.482 Y119.935
G1 F600 X145.606 Y115.059 E77.18625
G0 F6000 X146.172 Y115.059
G1 F600 X151.048 Y119.935 E77.41561
G0 F6000 X151.614 Y119.935
G1 F600 X146.737 Y115.059 E77.64498
G0 F6000 X147.303 Y115.059
G1 F600 X152.179 Y119.935 E77.87433
G0 F6000 X152.179 Y120.399
G0 X154.332 Y120.344
G0 X154.004 Y120.286
G0 X152.834 Y119.457
G0 X151.89 Y118.486
G0 X151.459 Y118.649
G1 F600 X147.869 Y115.059 E78.0432
G0 F6000 X148.434 Y115.059
G1 F600 X151.275 Y117.899 E78.17681
G0 F6000 X151.254 Y117.313
G1 F600 X149 Y115.059 E78.28283
G0 F6000 X149.566 Y115.059
G1 F600 X151.317 Y116.81 E78.36519
G0 F6000 X151.447 Y116.375
G1 F600 X150.131 Y115.059 E78.42709
G0 F6000 X150.697 Y115.059
G1 F600 X151.619 Y115.98 E78.47043
G0 F6000 X151.837 Y115.633
G1 F600 X151.263 Y115.059 E78.49743
G0 F6000 X151.829 Y115.059
G1 F600 X152.084 Y115.314 E78.50943
G0 F6000 X152.431 Y115.618
G0 X151.695 Y118.042
G0 X153.361 Y120.119
G0 X154.004 Y120.286
G0 X154.332 Y120.344
G0 X153.995 Y120.364
G0 X80.705 Y120.383
G0 X78.942 Y120.4
G0 X78.942 Y120.136
G1 F600 X76.86 Y120.139 E78.57867
G1 X76.86 Y118.916 E78.61935
G1 F540.5 X76.904 Y118.391 E78.6388
G1 F471.5 X76.925 Y118.263 E78.64429
G1 F472.4 X76.903 Y117.5 E78.67653
G1 F478.1 X76.919 Y116.896 E78.70176
G1 F518.4 X76.865 Y116.53 E78.716
G1 F594.1 X76.86 Y114.86 E78.7721
G1 F600 X78.935 Y114.86 E78.84111
G1 X78.621 Y115.079 E78.85385
G1 X78.298 Y115.375 E78.86842
G1 X78.114 Y115.583 E78.87765
G1 X77.862 Y115.946 E78.89235
G1 X77.726 Y116.208 E78.90217
G1 X77.576 Y116.596 E78.91601
G1 F524 X77.435 Y116.924 E78.9296
G1 F478.1 X77.389 Y117.473 E78.9526
G1 F504.2 X77.451 Y118.21 E78.98187
G1 F555.6 X77.723 Y118.786 E79.00475
G1 F600 X77.871 Y119.063 E79.0152
G1 X78.103 Y119.395 E79.02867
G1 X78.302 Y119.621 E79.03869
G1 X78.621 Y119.913 E79.05307
G1 X78.942 Y120.136 E79.06607
G0 F6000 X78.942 Y120.4
G0 X77.512 Y120.4
G0 X77.512 Y119.938
G1 F600 X77.06 Y119.486 E79.08733
G0 F6000 X77.06 Y118.921
G1 F600 X78.077 Y119.937 E79.13514
G0 F6000 X78.077 Y120.4
G0 X80.332 Y120.344
G0 X80.004 Y120.286
G0 X79.426 Y119.882
G0 X77.948 Y118.64
G0 X77.51 Y118.805
G1 F600 X77.14 Y118.435 E79.15255
G0 F6000 X76.601 Y118.434
G0 X76.672 Y120.328
G0 X80 Y120.365
G0 X80.332 Y120.344
G0 X80.004 Y120.286
G0 X78.115 Y118.857
G0 X77.757 Y116.953
G0 X77.222 Y116.82
G1 F600 X77.127 Y116.725 E79.15702
G0 F6000 X77.418 Y116.451
G1 F600 X77.06 Y116.092 E79.17388
G0 F6000 X77.583 Y116.05
G1 F600 X77.06 Y115.526 E79.1985
G0 F6000 X77.159 Y115.06
G1 F600 X77.794 Y115.695 E79.22837
G0 F6000 X78.035 Y115.37
G1 F600 X77.724 Y115.06 E79.24298
G0 F6000 X77.724 Y114.6
G0 X80.744 Y114.656
G0 X80.188 Y114.702
G0 X82.546 Y115.506
G0 X83.302 Y118.042
G0 X81.635 Y120.118
G0 X80.807 Y120.298
G0 X80.252 Y120.344
G0 X156.044 Y120.399
G0 X156.045 Y120.136
G1 F600 X156.35 Y119.926 E79.25529
G1 X156.678 Y119.633 E79.26992
G1 X156.875 Y119.413 E79.27974
G1 X157.121 Y119.058 E79.29411
G1 X157.265 Y118.79 E79.30423
G1 F533.3 X157.509 Y118.284 E79.32525
G1 F463.3 X157.541 Y118.242 E79.32752
G1 F467.8 X157.605 Y117.473 E79.36044
G1 F470.6 X157.556 Y116.888 E79.38533
G1 F500 X157.437 Y116.611 E79.39736
G1 F571.4 X157.42 Y116.591 E79.39828
G1 F592.6 X157.269 Y116.21 E79.41208
G1 F600 X157.122 Y115.935 E79.42245
G1 X156.902 Y115.611 E79.43548
G1 X156.695 Y115.372 E79.446
G1 X156.37 Y115.079 E79.46055
G1 X156.057 Y114.86 E79.47325
G1 X158.14 Y114.86 E79.54254
G1 F592.6 X158.135 Y116.461 E79.59645
G1 F511.7 X158.076 Y116.824 E79.61079
G1 F470.6 X158.095 Y117.447 E79.63722
G1 F467.8 X158.073 Y118.288 E79.67311
G1 F463.3 X158.091 Y118.389 E79.67753
G1 F533.3 X158.14 Y118.924 E79.69763
G1 F600 X158.14 Y120.139 E79.73804
G1 X156.045 Y120.136 E79.80772
G0 F6000 X156.044 Y120.399
G0 X154.252 Y120.344
G0 X156.616 Y119.319
G0 X156.956 Y119.621
G1 F600 X157.273 Y119.937 E79.82261
G0 F6000 X157.839 Y119.938
G1 F600 X157.198 Y119.297 E79.85276
G0 F6000 X157.408 Y118.941
G1 F600 X157.94 Y119.473 E79.87778
G0 F6000 X157.936 Y118.904
G1 F600 X157.616 Y118.583 E79.89286
G0 F6000 X157.139 Y118.401
G0 X156.961 Y116.055
G0 X154.664 Y114.658
G0 X154.984 Y114.634
G0 X158.328 Y114.672
G0 X158.4 Y116.593
G0 X157.888 Y116.593
G1 F600 X157.468 Y116.173 E79.91262
G0 F6000 X157.94 Y116.079
G1 F600 X156.922 Y115.061 E79.9605
G0 F6000 X157.487 Y115.06
G1 F600 X157.94 Y115.514 E79.98183
;MESH:NONMESH
G0 F300 Z0.4
G0 F6000 X158.4 Y115.514
G0 X158.328 Y114.672
G0 X75.924 Y113.924
G0 X75.924 Y112.835
G0 X69.907 Y104.985
;TIME_ELAPSED:224.821277
;LAYER:1
M106 S85
;TYPE:SKIRT
G1 F1200 X70.683 Y104.523 E80.01187
G1 X71.497 Y104.132 E80.0419
G1 X72.342 Y103.813 E80.07194
G1 X73.212 Y103.571 E80.10198
G1 X74.1 Y103.407 E80.13201
G1 X75.223 Y103.313 E80.16949
G1 X75.83 Y103.3 E80.18969
G1 X158.793 Y103.3 E82.94905
G1 X159.637 Y103.311 E82.97712
G1 X160.539 Y103.364 E83.00718
G1 X161.432 Y103.496 E83.0372
G1 X162.31 Y103.707 E83.06723
G1 X163.166 Y103.995 E83.09727
G1 X163.993 Y104.357 E83.1273
G1 X164.785 Y104.792 E83.15735
G1 X165.536 Y105.294 E83.1874
G1 X166.239 Y105.861 E83.21744
G1 X166.889 Y106.488 E83.24747
G1 X167.481 Y107.17 E83.27751
G1 X168.011 Y107.901 E83.30754
G1 X168.473 Y108.677 E83.33758
G1 X168.866 Y109.49 E83.36761
G1 X169.184 Y110.335 E83.39764
G1 X169.427 Y111.205 E83.42769
G1 X169.592 Y112.093 E83.45773
G1 X169.687 Y113.223 E83.49544
G1 X169.7 Y113.83 E83.51564
G1 X169.699 Y120.904 E83.75092
G1 X169.689 Y121.631 E83.7751
G1 X169.637 Y122.533 E83.80515
G1 X169.505 Y123.426 E83.83518
G1 X169.294 Y124.305 E83.86524
G1 X169.007 Y125.161 E83.89527
G1 X168.645 Y125.988 E83.9253
G1 X168.211 Y126.78 E83.95533
G1 X167.709 Y127.531 E83.98538
G1 X167.143 Y128.234 E84.0154
G1 X166.516 Y128.885 E84.04546
G1 X165.835 Y129.477 E84.07547
G1 X165.104 Y130.007 E84.1055
G1 X164.328 Y130.47 E84.13556
G1 X163.515 Y130.863 E84.16559
G1 X162.67 Y131.183 E84.19564
G1 X161.801 Y131.426 E84.22566
G1 X160.913 Y131.591 E84.2557
G1 X159.777 Y131.687 E84.29362
G1 X159.17 Y131.7 E84.31381
G1 X76.061 Y131.699 E87.07803
G1 X75.363 Y131.689 E87.10124
G1 X74.461 Y131.636 E87.1313
G1 X73.568 Y131.504 E87.16132
G1 X72.69 Y131.293 E87.19135
G1 X71.834 Y131.005 E87.22139
G1 X71.007 Y130.643 E87.25142
G1 X70.215 Y130.208 E87.28147
G1 X69.464 Y129.706 E87.31152
G1 X68.761 Y129.139 E87.34156
G1 X68.111 Y128.512 E87.37159
G1 X67.519 Y127.83 E87.40163
G1 X66.989 Y127.099 E87.43166
G1 X66.527 Y126.323 E87.4617
G1 X66.134 Y125.51 E87.49173
G1 X65.816 Y124.665 E87.52176
G1 X65.573 Y123.795 E87.55181
G1 X65.408 Y122.907 E87.58185
G1 X65.313 Y121.766 E87.61993
G1 X65.3 Y121.158 E87.64016
G1 X65.301 Y114.021 E87.87753
G1 X65.311 Y113.356 E87.89965
G1 X65.365 Y112.454 E87.92971
G1 X65.498 Y111.561 E87.95974
G1 X65.709 Y110.683 E87.98977
G1 X65.998 Y109.827 E88.01982
G1 X66.361 Y109 E88.04986
G1 X66.795 Y108.209 E88.07987
G1 X67.298 Y107.458 E88.10993
G1 X67.866 Y106.756 E88.13997
G1 X68.493 Y106.106 E88.17
G1 X69.175 Y105.514 E88.20004
G1 X69.907 Y104.985 E88.23008
;MESH:3mm_tpu.stl
G0 F7500 X75.924 Y112.835
G0 X75.924 Y113.924
G0 X80.744 Y114.656
G0 X80.188 Y114.702
G0 X77.865 Y116.395
G0 X78.593 Y118.499
G0 X78.889 Y118.926
G0 X79.202 Y119.205
G0 X80.826 Y120.166
;TYPE:WALL-INNER
G1 F659.3 X80.147 Y120.166 E88.25063
G1 F625 X79.554 Y120.037 E88.27001
G1 F600 X79.072 Y119.789 E88.28804
G1 X78.864 Y119.645 E88.29645
G1 X78.471 Y119.294 E88.31398
G1 X78.098 Y118.755 E88.33578
G1 X77.871 Y118.155 E88.35711
G1 X77.796 Y117.536 E88.37785
G1 X77.866 Y116.851 E88.40075
G1 X78.1 Y116.245 E88.42236
G1 X78.464 Y115.709 E88.44391
G1 X78.864 Y115.351 E88.46176
G1 X79.072 Y115.207 E88.47018
G1 X79.563 Y114.954 E88.48855
G1 F631.6 X80.173 Y114.834 E88.50819
G1 F661.2 X80.845 Y114.834 E88.52848
G1 F626.6 X81.436 Y114.956 E88.5477
G1 F600 X81.924 Y115.207 E88.56595
G1 X82.132 Y115.351 E88.57436
G1 X82.531 Y115.709 E88.59219
G1 X82.898 Y116.246 E88.61382
G1 X83.13 Y116.857 E88.63556
G1 X83.2 Y117.535 E88.65823
G1 X83.127 Y118.148 E88.67877
G1 X82.898 Y118.755 E88.70034
G1 X82.527 Y119.291 E88.72202
G1 X82.132 Y119.645 E88.73967
G1 X81.923 Y119.789 E88.74811
G1 X81.44 Y120.038 E88.76618
G1 F631.6 X80.826 Y120.166 E88.786
G0 F7500 X80.776 Y119.788
G1 F600 X80.217 Y119.788 E88.80459
G1 X79.68 Y119.653 E88.82301
G1 X79.19 Y119.4 E88.84135
G1 X78.773 Y119.027 E88.85996
G1 X78.455 Y118.567 E88.87856
G1 X78.261 Y118.056 E88.89674
G1 X78.195 Y117.501 E88.91533
G1 X78.259 Y116.945 E88.93394
G1 X78.456 Y116.431 E88.95225
G1 X78.768 Y115.974 E88.97065
G1 X79.19 Y115.596 E88.9895
G1 X79.685 Y115.341 E89.00802
G1 X80.221 Y115.212 E89.02635
G1 X80.78 Y115.212 E89.04495
G1 X81.312 Y115.341 E89.06315
G1 X81.806 Y115.596 E89.08164
G1 X82.228 Y115.974 E89.10049
G1 X82.54 Y116.432 E89.11892
G1 X82.736 Y116.943 E89.13712
G1 X82.796 Y117.5 E89.15576
G1 X82.738 Y118.048 E89.17408
G1 X82.54 Y118.569 E89.19262
G1 X82.225 Y119.025 E89.21105
G1 X81.808 Y119.398 E89.22966
G1 X81.312 Y119.654 E89.24823
G1 X80.776 Y119.788 E89.2666
G0 F7500 X80.776 Y120.098
G0 X80.252 Y120.344
G0 X117.5 Y120.499
G1 F600 X153.596 Y120.499 E90.46716
G1 F634.9 X154.292 Y120.522 E90.48905
G1 F674.2 X154.704 Y120.522 E90.50125
G1 F634.9 X155.4 Y120.499 E90.52313
G1 F600 X158.5 Y120.5 E90.62624
G1 X158.5 Y114.5 E90.8258
G1 X155.388 Y114.5 E90.92931
G1 F634.9 X154.704 Y114.478 E90.95082
G1 F674.2 X154.292 Y114.478 E90.96301
G1 F634.9 X153.608 Y114.5 E90.98452
G1 F600 X81.388 Y114.5 E93.38657
G1 F634.9 X80.704 Y114.478 E93.40808
G1 F674.2 X80.292 Y114.478 E93.42027
G1 F634.9 X79.608 Y114.5 E93.44178
G1 F600 X76.501 Y114.501 E93.54512
G1 X76.5 Y120.5 E93.74465
G1 X79.596 Y120.499 E93.84762
G1 F634.9 X80.292 Y120.522 E93.86951
G1 F674.2 X80.704 Y120.522 E93.88171
G1 F634.9 X81.4 Y120.499 E93.9036
G1 F600 X117.5 Y120.499 E95.10429
G0 F7500 X117.5 Y120.9
G1 F600 X158.9 Y120.9 E96.48126
G1 X158.9 Y114.1 E96.70742
G1 X76.101 Y114.101 E99.46133
G1 X76.1 Y120.9 E99.68747
G1 X117.5 Y120.9 E101.06444
G0 F7500 X117.5 Y120.59
G0 X154 Y120.365
G0 X154.332 Y120.344
G0 X154.147 Y120.166
G1 F625 X153.554 Y120.037 E101.08381
G1 F600 X153.072 Y119.789 E101.10184
G1 X152.864 Y119.645 E101.11026
G1 X152.471 Y119.294 E101.12778
G1 X152.098 Y118.755 E101.14958
G1 X151.869 Y118.148 E101.17116
G1 X151.796 Y117.535 E101.19169
G1 X151.866 Y116.857 E101.21436
G1 X152.098 Y116.246 E101.2361
G1 X152.465 Y115.709 E101.25773
G1 X152.864 Y115.351 E101.27556
G1 X153.072 Y115.207 E101.28398
G1 X153.563 Y114.954 E101.30235
G1 F631.6 X154.173 Y114.834 E101.32199
G1 F661.2 X154.845 Y114.834 E101.34228
G1 F626.6 X155.436 Y114.956 E101.36149
G1 F600 X155.924 Y115.207 E101.37975
G1 X156.132 Y115.351 E101.38816
G1 X156.532 Y115.709 E101.40602
G1 X156.896 Y116.245 E101.42757
G1 X157.128 Y116.847 E101.44902
G1 X157.196 Y117.5 E101.47086
G1 X157.126 Y118.152 E101.49267
G1 X156.895 Y118.759 E101.51427
G1 X156.528 Y119.29 E101.53574
G1 X156.132 Y119.645 E101.55343
G1 X155.923 Y119.789 E101.56187
G1 X155.44 Y120.038 E101.57994
G1 F631.6 X154.826 Y120.166 E101.59976
G1 F659.3 X154.147 Y120.166 E101.62031
G0 F7500 X154.217 Y119.788
G1 F600 X153.68 Y119.653 E101.63873
G1 X153.191 Y119.4 E101.65704
G1 X152.773 Y119.028 E101.67565
G1 X152.456 Y118.569 E101.69421
G1 X152.26 Y118.052 E101.7126
G1 X152.2 Y117.5 E101.73106
G1 X152.26 Y116.944 E101.74966
G1 X152.456 Y116.431 E101.76793
G1 X152.768 Y115.974 E101.78633
G1 X153.19 Y115.596 E101.80518
G1 X153.685 Y115.341 E101.8237
G1 X154.221 Y115.212 E101.84203
G1 X154.78 Y115.212 E101.86063
G1 X155.312 Y115.341 E101.87883
G1 X155.806 Y115.596 E101.89732
G1 X156.228 Y115.974 E101.91617
G1 X156.54 Y116.432 E101.9346
G1 X156.736 Y116.943 E101.9528
G1 X156.796 Y117.5 E101.97143
G1 X156.735 Y118.055 E101.99
G1 X156.539 Y118.57 E102.00833
G1 X156.225 Y119.024 E102.02669
G1 X155.809 Y119.398 E102.0453
G1 X155.312 Y119.654 E102.06389
G1 X154.776 Y119.788 E102.08227
G1 X154.217 Y119.788 E102.10086
G0 F7500 X154.243 Y119.382
;TYPE:WALL-OUTER
G1 F600 X153.804 Y119.266 E102.11596
G1 X153.398 Y119.049 E102.13127
G1 X153.09 Y118.774 E102.14501
G1 X152.804 Y118.359 E102.16177
G1 X152.66 Y117.979 E102.17529
G1 X152.601 Y117.524 E102.19055
G1 X152.649 Y117.064 E102.20593
G1 X152.826 Y116.599 E102.22248
G1 X153.058 Y116.259 E102.23617
G1 X153.417 Y115.93 E102.25236
G1 X153.848 Y115.713 E102.26841
G1 X154.257 Y115.614 E102.28241
G1 X154.752 Y115.617 E102.29887
G1 X155.148 Y115.713 E102.31243
G1 X155.579 Y115.93 E102.32848
G1 X155.938 Y116.259 E102.34467
G1 X156.17 Y116.599 E102.35836
G1 X156.347 Y117.064 E102.37491
G1 X156.396 Y117.5 E102.3895
G1 X156.346 Y117.943 E102.40433
G1 X156.169 Y118.402 E102.42069
G1 X155.937 Y118.738 E102.43427
G1 X155.579 Y119.066 E102.45042
G1 X155.15 Y119.282 E102.4664
G1 X154.739 Y119.386 E102.4805
G1 X154.243 Y119.382 E102.497
G0 F7500 X154.074 Y120.07
G0 X154.332 Y120.344
G0 X117.5 Y120.59
G0 X117.5 Y121.3
G1 F600 X159.3 Y121.3 E103.88727
G1 X159.3 Y113.7 E104.14005
G1 X75.701 Y113.701 E106.92056
G1 X75.7 Y121.3 E107.17331
G1 X117.5 Y121.3 E108.56358
G0 F7500 X117.5 Y120.59
G0 X80.705 Y120.383
G0 X80.252 Y120.344
G0 X80.907 Y120.075
G0 X80.739 Y119.386
G1 F600 X80.243 Y119.382 E108.58008
G1 X79.804 Y119.266 E108.59518
G1 X79.398 Y119.049 E108.61049
G1 X79.09 Y118.774 E108.62422
G1 X78.804 Y118.359 E108.64099
G1 X78.65 Y117.943 E108.65574
G1 X78.601 Y117.524 E108.66977
G1 X78.649 Y117.064 E108.68515
G1 X78.826 Y116.599 E108.7017
G1 X79.058 Y116.259 E108.71539
G1 X79.417 Y115.93 E108.73159
G1 X79.848 Y115.713 E108.74764
G1 X80.257 Y115.614 E108.76164
G1 X80.752 Y115.617 E108.7781
G1 X81.148 Y115.713 E108.79165
G1 X81.579 Y115.93 E108.8077
G1 X81.938 Y116.259 E108.8239
G1 X82.17 Y116.599 E108.83759
G1 X82.347 Y117.064 E108.85414
G1 X82.396 Y117.5 E108.86873
G1 X82.336 Y117.979 E108.88478
G1 X82.192 Y118.359 E108.8983
G1 X81.937 Y118.738 E108.91349
G1 X81.579 Y119.066 E108.92964
G1 X81.15 Y119.282 E108.94562
G1 X80.739 Y119.386 E108.95972
G0 F7500 X80.907 Y120.075
G0 X80.252 Y120.344
G0 X117.5 Y120.399
G0 X117.5 Y120.136
;TYPE:SKIN
G1 F600 X82.041 Y120.136 E110.13909
G1 X82.37 Y119.91 E110.15237
G1 X82.693 Y119.619 E110.16683
G1 X82.877 Y119.414 E110.17599
G1 X83.121 Y119.062 E110.19023
G1 X83.266 Y118.789 E110.20051
G1 X83.416 Y118.395 E110.21454
G1 X83.495 Y118.085 E110.22518
G1 X83.56 Y117.497 E110.24485
G1 X83.495 Y116.903 E110.26473
G1 X83.423 Y116.615 E110.2746
G1 X83.266 Y116.202 E110.2893
G1 X83.142 Y115.967 E110.29813
G1 X82.893 Y115.602 E110.31283
G1 X82.694 Y115.375 E110.32287
G1 X82.371 Y115.079 E110.33744
G1 X82.057 Y114.86 E110.35017
G1 X152.935 Y114.86 E112.70759
G1 X152.621 Y115.079 E112.72032
G1 X152.298 Y115.375 E112.73489
G1 X152.114 Y115.583 E112.74413
G1 X151.863 Y115.946 E112.75881
G1 X151.726 Y116.202 E112.76846
G1 X151.569 Y116.616 E112.78319
G1 X151.497 Y116.908 E112.79319
G1 X151.432 Y117.499 E112.81297
G1 X151.493 Y118.063 E112.83184
G1 X151.576 Y118.395 E112.84322
G1 X151.716 Y118.767 E112.85644
G1 X151.858 Y119.041 E112.8667
G1 X152.115 Y119.415 E112.8818
G1 X152.303 Y119.622 E112.8911
G1 X152.621 Y119.913 E112.90543
G1 X152.94 Y120.135 E112.91836
G1 X117.5 Y120.136 E114.0971
G0 F7500 X117.5 Y120.399
G0 X154 Y120.365
G0 X154.332 Y120.344
G0 X152.555 Y119.504
G0 X152.251 Y119.843
G1 F600 X152.159 Y119.935 E114.10143
G0 F7500 X151.975 Y119.554
G1 F600 X151.593 Y119.936 E114.11939
G0 F7500 X151.027 Y119.936
G1 F600 X151.74 Y119.223 E114.15293
G0 F7500 X151.539 Y118.858
G1 F600 X150.462 Y119.936 E114.20361
G0 F7500 X149.896 Y119.936
G1 F600 X151.384 Y118.447 E114.27363
G0 F7500 X151.283 Y117.984
G1 F600 X149.33 Y119.936 E114.36547
G0 F7500 X148.765 Y119.936
G1 F600 X151.236 Y117.465 E114.4817
G0 F7500 X151.312 Y116.823
G1 F600 X148.199 Y119.936 E114.62812
G0 F7500 X147.633 Y119.936
G1 F600 X151.653 Y115.916 E114.81721
G0 F7500 X151.379 Y115.059
G1 F600 X146.502 Y119.936 E115.04661
G0 F7500 X147.068 Y119.936
G1 F600 X151.945 Y115.059 E115.27601
G0 F7500 X151.945 Y114.6
G0 X150.813 Y114.6
G0 X150.813 Y115.059
G1 F600 X145.936 Y119.936 E115.50541
G0 F7500 X145.371 Y119.936
G1 F600 X150.247 Y115.059 E115.73478
G0 F7500 X149.682 Y115.059
G1 F600 X144.805 Y119.936 E115.96418
G0 F7500 X144.239 Y119.936
G1 F600 X149.116 Y115.059 E116.19358
G0 F7500 X148.55 Y115.059
G1 F600 X143.673 Y119.936 E116.42298
G0 F7500 X143.108 Y119.936
G1 F600 X147.985 Y115.059 E116.65238
G0 F7500 X147.419 Y115.059
G1 F600 X142.542 Y119.936 E116.88178
G0 F7500 X141.976 Y119.936
G1 F600 X146.853 Y115.059 E117.11118
G0 F7500 X146.288 Y115.059
G1 F600 X141.411 Y119.936 E117.34058
G0 F7500 X140.845 Y119.936
G1 F600 X145.722 Y115.059 E117.56998
G0 F7500 X145.156 Y115.059
G1 F600 X140.279 Y119.936 E117.79938
G0 F7500 X139.714 Y119.936
G1 F600 X144.591 Y115.059 E118.02878
G0 F7500 X144.025 Y115.059
G1 F600 X139.148 Y119.936 E118.25817
G0 F7500 X138.582 Y119.936
G1 F600 X143.459 Y115.059 E118.48757
G0 F7500 X142.894 Y115.059
G1 F600 X138.017 Y119.936 E118.71697
G0 F7500 X137.451 Y119.936
G1 F600 X142.328 Y115.059 E118.94637
G0 F7500 X141.762 Y115.059
G1 F600 X136.885 Y119.936 E119.17577
G0 F7500 X136.32 Y119.936
G1 F600 X141.196 Y115.059 E119.40515
G0 F7500 X140.631 Y115.059
G1 F600 X135.754 Y119.936 E119.63455
G0 F7500 X135.188 Y119.936
G1 F600 X140.065 Y115.059 E119.86394
G0 F7500 X139.499 Y115.059
G1 F600 X134.623 Y119.936 E120.09332
G0 F7500 X134.057 Y119.936
G1 F600 X138.934 Y115.059 E120.32272
G0 F7500 X138.368 Y115.059
G1 F600 X133.491 Y119.936 E120.55212
G0 F7500 X132.925 Y119.936
G1 F600 X137.802 Y115.059 E120.78152
G0 F7500 X137.237 Y115.059
G1 F600 X132.36 Y119.936 E121.01092
G0 F7500 X131.794 Y119.936
G1 F600 X136.671 Y115.059 E121.24032
G0 F7500 X136.105 Y115.059
G1 F600 X131.228 Y119.936 E121.46972
G0 F7500 X130.663 Y119.936
G1 F600 X135.54 Y115.059 E121.69911
G0 F7500 X134.974 Y115.059
G1 F600 X130.097 Y119.936 E121.92851
G0 F7500 X129.531 Y119.936
G1 F600 X134.408 Y115.059 E122.15791
G0 F7500 X133.843 Y115.059
G1 F600 X128.966 Y119.936 E122.38731
G0 F7500 X128.4 Y119.936
G1 F600 X133.277 Y115.059 E122.61671
G0 F7500 X132.711 Y115.059
G1 F600 X127.834 Y119.936 E122.84611
G0 F7500 X127.269 Y119.936
G1 F600 X132.146 Y115.059 E123.07551
G0 F7500 X131.58 Y115.059
G1 F600 X126.703 Y119.936 E123.30491
G0 F7500 X126.137 Y119.936
G1 F600 X131.014 Y115.059 E123.53431
G0 F7500 X130.448 Y115.059
G1 F600 X125.572 Y119.936 E123.76368
G0 F7500 X125.006 Y119.936
G1 F600 X129.883 Y115.059 E123.99308
G0 F7500 X129.317 Y115.059
G1 F600 X124.44 Y119.936 E124.22248
G0 F7500 X123.875 Y119.936
G1 F600 X128.751 Y115.059 E124.45186
G0 F7500 X128.186 Y115.059
G1 F600 X123.309 Y119.936 E124.68126
G0 F7500 X122.743 Y119.936
G1 F600 X127.62 Y115.059 E124.91066
G0 F7500 X127.054 Y115.059
G1 F600 X122.177 Y119.936 E125.14005
G0 F7500 X121.612 Y119.936
G1 F600 X126.489 Y115.059 E125.36945
G0 F7500 X125.923 Y115.059
G1 F600 X121.046 Y119.936 E125.59885
G0 F7500 X120.48 Y119.936
G1 F600 X125.357 Y115.059 E125.82825
G0 F7500 X124.792 Y115.059
G1 F600 X119.915 Y119.936 E126.05765
G0 F7500 X119.349 Y119.936
G1 F600 X124.226 Y115.059 E126.28705
G0 F7500 X123.66 Y115.059
G1 F600 X118.783 Y119.936 E126.51645
G0 F7500 X118.218 Y119.936
G1 F600 X123.095 Y115.059 E126.74585
G0 F7500 X122.529 Y115.059
G1 F600 X117.652 Y119.936 E126.97525
G0 F7500 X117.086 Y119.936
G1 F600 X121.963 Y115.059 E127.20465
G0 F7500 X121.398 Y115.059
G1 F600 X116.521 Y119.936 E127.43405
G0 F7500 X115.955 Y119.936
G1 F600 X120.832 Y115.059 E127.66344
G0 F7500 X120.266 Y115.059
G1 F600 X115.389 Y119.936 E127.89284
G0 F7500 X114.824 Y119.936
G1 F600 X119.7 Y115.059 E128.12222
G0 F7500 X119.135 Y115.059
G1 F600 X114.258 Y119.936 E128.35162
G0 F7500 X113.692 Y119.936
G1 F600 X118.569 Y115.059 E128.58102
G0 F7500 X118.003 Y115.059
G1 F600 X113.126 Y119.936 E128.81042
G0 F7500 X112.561 Y119.936
G1 F600 X117.438 Y115.059 E129.03982
G0 F7500 X116.872 Y115.059
G1 F600 X111.995 Y119.936 E129.26921
G0 F7500 X111.429 Y119.936
G1 F600 X116.306 Y115.059 E129.49861
G0 F7500 X115.741 Y115.059
G1 F600 X110.864 Y119.936 E129.72801
G0 F7500 X110.298 Y119.936
G1 F600 X115.175 Y115.059 E129.95741
G0 F7500 X114.609 Y115.059
G1 F600 X109.732 Y119.936 E130.18681
G0 F7500 X109.167 Y119.936
G1 F600 X114.044 Y115.059 E130.41621
G0 F7500 X113.478 Y115.059
G1 F600 X108.601 Y119.936 E130.64561
G0 F7500 X108.035 Y119.936
G1 F600 X112.912 Y115.059 E130.87501
G0 F7500 X112.347 Y115.059
G1 F600 X107.47 Y119.936 E131.10441
G0 F7500 X106.904 Y119.936
G1 F600 X111.781 Y115.059 E131.33381
G0 F7500 X111.215 Y115.059
G1 F600 X106.338 Y119.936 E131.56321
G0 F7500 X105.773 Y119.936
G1 F600 X110.649 Y115.059 E131.79258
G0 F7500 X110.084 Y115.059
G1 F600 X105.207 Y119.936 E132.02198
G0 F7500 X104.641 Y119.936
G1 F600 X109.518 Y115.059 E132.25138
G0 F7500 X108.952 Y115.059
G1 F600 X104.076 Y119.936 E132.48076
G0 F7500 X103.51 Y119.936
G1 F600 X108.387 Y115.059 E132.71015
G0 F7500 X107.821 Y115.059
G1 F600 X102.944 Y119.936 E132.93955
G0 F7500 X102.378 Y119.936
G1 F600 X107.255 Y115.059 E133.16895
G0 F7500 X106.69 Y115.059
G1 F600 X101.813 Y119.936 E133.39835
G0 F7500 X101.247 Y119.936
G1 F600 X106.124 Y115.059 E133.62775
G0 F7500 X105.558 Y115.059
G1 F600 X100.681 Y119.936 E133.85715
G0 F7500 X100.116 Y119.936
G1 F600 X104.993 Y115.059 E134.08655
G0 F7500 X104.427 Y115.059
G1 F600 X99.55 Y119.936 E134.31595
G0 F7500 X98.984 Y119.936
G1 F600 X103.861 Y115.059 E134.54535
G0 F7500 X103.296 Y115.059
G1 F600 X98.419 Y119.936 E134.77475
G0 F7500 X97.853 Y119.936
G1 F600 X102.73 Y115.059 E135.00415
G0 F7500 X102.164 Y115.059
G1 F600 X97.287 Y119.936 E135.23355
G0 F7500 X96.722 Y119.936
G1 F600 X101.599 Y115.059 E135.46294
G0 F7500 X101.033 Y115.059
G1 F600 X96.156 Y119.936 E135.69234
G0 F7500 X95.59 Y119.936
G1 F600 X100.467 Y115.059 E135.92174
G0 F7500 X99.901 Y115.059
G1 F600 X95.025 Y119.936 E136.15112
G0 F7500 X94.459 Y119.936
G1 F600 X99.336 Y115.059 E136.38052
G0 F7500 X98.77 Y115.059
G1 F600 X93.893 Y119.936 E136.60992
G0 F7500 X93.327 Y119.936
G1 F600 X98.204 Y115.059 E136.83932
G0 F7500 X97.639 Y115.059
G1 F600 X92.762 Y119.936 E137.06871
G0 F7500 X92.196 Y119.936
G1 F600 X97.073 Y115.059 E137.29811
G0 F7500 X96.507 Y115.059
G1 F600 X91.63 Y119.936 E137.52751
G0 F7500 X91.065 Y119.936
G1 F600 X95.942 Y115.059 E137.75691
G0 F7500 X95.376 Y115.059
G1 F600 X90.499 Y119.936 E137.98631
G0 F7500 X89.933 Y119.936
G1 F600 X94.81 Y115.059 E138.21571
G0 F7500 X94.245 Y115.059
G1 F600 X89.368 Y119.936 E138.44511
G0 F7500 X88.802 Y119.936
G1 F600 X93.679 Y115.059 E138.67451
G0 F7500 X93.113 Y115.059
G1 F600 X88.236 Y119.936 E138.90391
G0 F7500 X87.671 Y119.936
G1 F600 X92.548 Y115.059 E139.13331
G0 F7500 X91.982 Y115.059
G1 F600 X87.105 Y119.936 E139.36271
G0 F7500 X86.539 Y119.936
G1 F600 X91.416 Y115.059 E139.59211
G0 F7500 X90.85 Y115.059
G1 F600 X85.974 Y119.936 E139.82148
G0 F7500 X85.408 Y119.936
G1 F600 X90.285 Y115.059 E140.05088
G0 F7500 X89.719 Y115.059
G1 F600 X84.842 Y119.936 E140.28028
G0 F7500 X84.277 Y119.936
G1 F600 X89.153 Y115.059 E140.50965
G0 F7500 X88.588 Y115.059
G1 F600 X83.711 Y119.936 E140.73905
G0 F7500 X83.145 Y119.936
G1 F600 X88.022 Y115.059 E140.96845
G0 F7500 X87.456 Y115.059
G1 F600 X83.168 Y119.348 E141.17017
G0 F7500 X82.791 Y119.086
G0 X83.203 Y118.194
G0 X83.646 Y118.303
G1 F600 X86.891 Y115.059 E141.32278
G0 F7500 X86.325 Y115.059
G1 F600 X83.744 Y117.64 E141.44418
G0 F7500 X83.716 Y117.102
G1 F600 X85.759 Y115.059 E141.54028
G0 F7500 X85.194 Y115.059
G1 F600 X83.631 Y116.622 E141.6138
G0 F7500 X83.481 Y116.206
G1 F600 X84.628 Y115.059 E141.66775
G0 F7500 X84.062 Y115.059
G1 F600 X83.29 Y115.831 E141.70406
G0 F7500 X83.062 Y115.494
G1 F600 X83.497 Y115.059 E141.72452
G0 F7500 X82.931 Y115.059
G1 F600 X82.794 Y115.196 E141.73097
G0 F7500 X82.49 Y115.536
G0 X82.981 Y116.887
G0 X83.056 Y117.499
G0 X82.981 Y118.112
G0 X82.763 Y118.686
G0 X82.413 Y119.193
G0 X81.953 Y119.601
G0 X81.406 Y119.89
G0 X80.004 Y120.286
G0 X80.332 Y120.344
G0 X78.942 Y120.4
G0 X78.942 Y120.136
G1 F600 X76.86 Y120.139 E141.80022
G1 X76.86 Y118.916 E141.84089
G1 F540.5 X76.904 Y118.391 E141.86034
G1 F471.5 X76.925 Y118.263 E141.86583
G1 F472.4 X76.903 Y117.5 E141.89808
G1 F478.1 X76.919 Y116.896 E141.9233
G1 F518.4 X76.865 Y116.53 E141.93754
G1 F594.1 X76.86 Y114.86 E141.99364
G1 F600 X78.935 Y114.86 E142.06265
G1 X78.621 Y115.079 E142.07539
G1 X78.298 Y115.375 E142.08996
G1 X78.114 Y115.583 E142.0992
G1 X77.862 Y115.946 E142.11389
G1 X77.726 Y116.208 E142.12371
G1 X77.576 Y116.596 E142.13755
G1 F524 X77.435 Y116.924 E142.15114
G1 F478.1 X77.389 Y117.473 E142.17414
G1 F504.2 X77.451 Y118.21 E142.20341
G1 F555.6 X77.723 Y118.786 E142.22629
G1 F600 X77.871 Y119.063 E142.23674
G1 X78.103 Y119.395 E142.25021
G1 X78.302 Y119.621 E142.26023
G1 X78.621 Y119.913 E142.27461
G1 X78.942 Y120.136 E142.28761
G0 F7500 X78.942 Y120.4
G0 X77.846 Y120.4
G0 X77.846 Y119.735
G1 F595.5 X77.261 Y119.735 E142.30721
G1 X77.261 Y118.932 E142.33412
G1 X77.281 Y118.813 E142.33817
G1 X77.53 Y119.275 E142.35575
G1 X77.846 Y119.735 E142.37445
G0 F7500 X77.846 Y120.4
G0 X76.672 Y120.328
G0 X76.601 Y116.292
G0 X77.262 Y116.293
G1 F595.5 X77.261 Y115.261 E142.40904
G1 X77.851 Y115.259 E142.42881
G1 X77.518 Y115.737 E142.44833
G1 X77.36 Y116.038 E142.45972
G1 X77.262 Y116.293 E142.46887
G0 F7500 X76.601 Y116.292
G0 X76.673 Y114.673
G0 X80.291 Y114.617
G0 X154.291 Y114.617
G0 X154.744 Y114.656
G0 X154.188 Y114.702
G0 X155.406 Y115.11
G0 X155.898 Y115.37
G0 X157.108 Y116.515
G0 X157.731 Y116.276
G1 F592.6 X157.631 Y116.038 E142.47757
G1 X157.463 Y115.72 E142.48968
G1 X157.154 Y115.262 E142.50828
G1 X157.738 Y115.262 E142.52795
G1 X157.731 Y116.276 E142.5621
G0 F7500 X157.108 Y116.515
G0 X156.994 Y117.952
G0 X156.641 Y119.291
G0 X157.139 Y119.732
G1 F588.2 X157.451 Y119.29 E142.58045
G1 X157.712 Y118.816 E142.59881
G1 X157.735 Y118.936 E142.60296
G1 X157.736 Y119.732 E142.62996
G1 X157.139 Y119.732 E142.65021
G0 F7500 X156.641 Y119.291
G0 X154.807 Y120.298
G0 X154.252 Y120.344
G0 X156.044 Y120.399
G0 X156.045 Y120.136
G1 F600 X156.35 Y119.926 E142.66253
G1 X156.678 Y119.633 E142.67716
G1 X156.875 Y119.413 E142.68698
G1 X157.121 Y119.058 E142.70135
G1 X157.265 Y118.79 E142.71146
G1 F533.3 X157.509 Y118.284 E142.73248
G1 F463.3 X157.541 Y118.242 E142.73476
G1 F467.8 X157.605 Y117.473 E142.76767
G1 F470.6 X157.556 Y116.888 E142.79257
G1 F500 X157.437 Y116.611 E142.8046
G1 F571.4 X157.42 Y116.591 E142.80552
G1 F592.6 X157.269 Y116.21 E142.81932
G1 F600 X157.122 Y115.935 E142.82969
G1 X156.902 Y115.611 E142.84272
G1 X156.695 Y115.372 E142.85323
G1 X156.37 Y115.079 E142.86779
G1 X156.057 Y114.86 E142.88049
G1 X158.14 Y114.86 E142.94977
G1 F592.6 X158.135 Y116.461 E143.00369
G1 F511.7 X158.076 Y116.824 E143.01803
G1 F470.6 X158.095 Y117.447 E143.04446
G1 F467.8 X158.073 Y118.288 E143.08035
G1 F463.3 X158.091 Y118.389 E143.08477
G1 F533.3 X158.14 Y118.924 E143.10487
G1 F600 X158.14 Y120.139 E143.14528
G1 X156.045 Y120.136 E143.21496
;MESH:NONMESH
G0 F300 Z0.6
G0 F7500 X156.044 Y120.399
G0 X154.252 Y120.344
G0 X154.807 Y120.298
G0 X151.763 Y118.323
G0 X153.361 Y114.877
G0 X154.188 Y114.702
G0 X154.744 Y114.656
G0 X75.924 Y113.924
G0 X75.924 Y112.835
G0 X69.907 Y104.985
;TIME_ELAPSED:420.109883
;LAYER:2
M106 S170
;TYPE:SKIRT
G1 F1200 X70.683 Y104.523 E143.245
G1 X71.497 Y104.132 E143.27503
G1 X72.342 Y103.813 E143.30507
G1 X73.212 Y103.571 E143.33511
G1 X74.1 Y103.407 E143.36514
G1 X75.223 Y103.313 E143.40263
G1 X75.83 Y103.3 E143.42282
G1 X158.793 Y103.3 E146.18218
G1 X159.637 Y103.311 E146.21025
G1 X160.539 Y103.364 E146.24031
G1 X161.432 Y103.496 E146.27033
G1 X162.31 Y103.707 E146.30036
G1 X163.166 Y103.995 E146.3304
G1 X163.993 Y104.357 E146.36043
G1 X164.785 Y104.792 E146.39048
G1 X165.536 Y105.294 E146.42053
G1 X166.239 Y105.861 E146.45057
G1 X166.889 Y106.488 E146.4806
G1 X167.481 Y107.17 E146.51064
G1 X168.011 Y107.901 E146.54067
G1 X168.473 Y108.677 E146.57071
G1 X168.866 Y109.49 E146.60075
G1 X169.184 Y110.335 E146.63077
G1 X169.427 Y111.205 E146.66082
G1 X169.592 Y112.093 E146.69086
G1 X169.687 Y113.223 E146.72858
G1 X169.7 Y113.83 E146.74877
G1 X169.699 Y120.904 E146.98405
G1 X169.689 Y121.631 E147.00823
G1 X169.637 Y122.533 E147.03828
G1 X169.505 Y123.426 E147.06831
G1 X169.294 Y124.305 E147.09837
G1 X169.007 Y125.161 E147.1284
G1 X168.645 Y125.988 E147.15843
G1 X168.211 Y126.78 E147.18847
G1 X167.709 Y127.531 E147.21851
G1 X167.143 Y128.234 E147.24853
G1 X166.516 Y128.885 E147.27859
G1 X165.835 Y129.477 E147.3086
G1 X165.104 Y130.007 E147.33863
G1 X164.328 Y130.47 E147.36869
G1 X163.515 Y130.863 E147.39872
G1 X162.67 Y131.183 E147.42878
G1 X161.801 Y131.426 E147.45879
G1 X160.913 Y131.591 E147.48883
G1 X159.777 Y131.687 E147.52675
G1 X159.17 Y131.7 E147.54694
G1 X76.061 Y131.699 E150.31116
G1 X75.363 Y131.689 E150.33437
G1 X74.461 Y131.636 E150.36443
G1 X73.568 Y131.504 E150.39445
G1 X72.69 Y131.293 E150.42448
G1 X71.834 Y131.005 E150.45452
G1 X71.007 Y130.643 E150.48455
G1 X70.215 Y130.208 E150.5146
G1 X69.464 Y129.706 E150.54465
G1 X68.761 Y129.139 E150.57469
G1 X68.111 Y128.512 E150.60473
G1 X67.519 Y127.83 E150.63476
G1 X66.989 Y127.099 E150.66479
G1 X66.527 Y126.323 E150.69483
G1 X66.134 Y125.51 E150.72487
G1 X65.816 Y124.665 E150.75489
G1 X65.573 Y123.795 E150.78494
G1 X65.408 Y122.907 E150.81498
G1 X65.313 Y121.766 E150.85306
G1 X65.3 Y121.158 E150.87329
G1 X65.301 Y114.021 E151.11066
G1 X65.311 Y113.356 E151.13278
G1 X65.365 Y112.454 E151.16284
G1 X65.498 Y111.561 E151.19287
G1 X65.709 Y110.683 E151.2229
G1 X65.998 Y109.827 E151.25295
G1 X66.361 Y109 E151.28299
G1 X66.795 Y108.209 E151.313
G1 X67.298 Y107.458 E151.34306
G1 X67.866 Y106.756 E151.3731
G1 X68.493 Y106.106 E151.40314
G1 X69.175 Y105.514 E151.43317
G1 X69.907 Y104.985 E151.46321
;MESH:3mm_tpu.stl
G0 F9000 X75.924 Y112.835
G0 X75.924 Y113.924
G0 X80.744 Y114.656
G0 X80.188 Y114.702
G0 X77.865 Y116.395
G0 X78.593 Y118.499
G0 X78.889 Y118.926
G0 X79.202 Y119.205
G0 X80.826 Y120.166
;TYPE:WALL-INNER
G1 F659.3 X80.147 Y120.166 E151.48376
G1 F625 X79.554 Y120.037 E151.50314
G1 F600 X79.072 Y119.789 E151.52117
G1 X78.864 Y119.645 E151.52958
G1 X78.471 Y119.294 E151.54711
G1 X78.098 Y118.755 E151.56891
G1 X77.871 Y118.155 E151.59025
G1 X77.796 Y117.536 E151.61098
G1 X77.866 Y116.851 E151.63389
G1 X78.1 Y116.245 E151.65549
G1 X78.464 Y115.709 E151.67704
G1 X78.864 Y115.351 E151.6949
G1 X79.072 Y115.207 E151.70331
G1 X79.563 Y114.954 E151.72168
G1 F631.6 X80.173 Y114.834 E151.74133
G1 F661.2 X80.845 Y114.834 E151.76161
G1 F626.6 X81.436 Y114.956 E151.78083
G1 F600 X81.924 Y115.207 E151.79908
G1 X82.132 Y115.351 E151.80749
G1 X82.531 Y115.709 E151.82532
G1 X82.898 Y116.246 E151.84696
G1 X83.13 Y116.857 E151.86869
G1 X83.2 Y117.535 E151.89136
G1 X83.127 Y118.148 E151.9119
G1 X82.898 Y118.755 E151.93347
G1 X82.527 Y119.291 E151.95516
G1 X82.132 Y119.645 E151.9728
G1 X81.923 Y119.789 E151.98124
G1 X81.44 Y120.038 E151.99931
G1 F631.6 X80.826 Y120.166 E152.01913
G0 F9000 X80.776 Y119.788
G1 F600 X80.217 Y119.788 E152.03772
G1 X79.68 Y119.653 E152.05614
G1 X79.19 Y119.4 E152.07448
G1 X78.773 Y119.027 E152.09309
G1 X78.455 Y118.567 E152.11169
G1 X78.261 Y118.056 E152.12987
G1 X78.195 Y117.501 E152.14846
G1 X78.259 Y116.945 E152.16707
G1 X78.456 Y116.431 E152.18538
G1 X78.768 Y115.974 E152.20379
G1 X79.19 Y115.596 E152.22263
G1 X79.685 Y115.341 E152.24115
G1 X80.221 Y115.212 E152.25949
G1 X80.78 Y115.212 E152.27808
G1 X81.312 Y115.341 E152.29628
G1 X81.806 Y115.596 E152.31478
G1 X82.228 Y115.974 E152.33362
G1 X82.54 Y116.432 E152.35205
G1 X82.736 Y116.943 E152.37025
G1 X82.796 Y117.5 E152.38889
G1 X82.738 Y118.048 E152.40721
G1 X82.54 Y118.569 E152.42575
G1 X82.225 Y119.025 E152.44419
G1 X81.808 Y119.398 E152.46279
G1 X81.312 Y119.654 E152.48136
G1 X80.776 Y119.788 E152.49974
G0 F9000 X80.776 Y120.098
G0 X80.252 Y120.344
G0 X117.5 Y120.499
G1 F600 X153.596 Y120.499 E153.70029
G1 F634.9 X154.292 Y120.522 E153.72218
G1 F674.2 X154.704 Y120.522 E153.73438
G1 F634.9 X155.4 Y120.499 E153.75626
G1 F600 X158.5 Y120.5 E153.85937
G1 X158.5 Y114.5 E154.05893
G1 X155.388 Y114.5 E154.16244
G1 F634.9 X154.704 Y114.478 E154.18395
G1 F674.2 X154.292 Y114.478 E154.19614
G1 F634.9 X153.608 Y114.5 E154.21765
G1 F600 X81.388 Y114.5 E156.6197
G1 F634.9 X80.704 Y114.478 E156.64121
G1 F674.2 X80.292 Y114.478 E156.65341
G1 F634.9 X79.608 Y114.5 E156.67492
G1 F600 X76.501 Y114.501 E156.77825
G1 X76.5 Y120.5 E156.97778
G1 X79.596 Y120.499 E157.08076
G1 F634.9 X80.292 Y120.522 E157.10264
G1 F674.2 X80.704 Y120.522 E157.11484
G1 F634.9 X81.4 Y120.499 E157.13673
G1 F600 X117.5 Y120.499 E158.33742
G0 F9000 X117.5 Y120.9
G1 F600 X158.9 Y120.9 E159.71439
G1 X158.9 Y114.1 E159.94056
G1 X76.101 Y114.101 E162.69446
G1 X76.1 Y120.9 E162.9206
G1 X117.5 Y120.9 E164.29757
G0 F9000 X117.5 Y120.59
G0 X154 Y120.365
G0 X154.332 Y120.344
G0 X154.147 Y120.166
G1 F625 X153.554 Y120.037 E164.31694
G1 F600 X153.072 Y119.789 E164.33497
G1 X152.864 Y119.645 E164.34339
G1 X152.471 Y119.294 E164.36091
G1 X152.098 Y118.755 E164.38271
G1 X151.869 Y118.148 E164.40429
G1 X151.796 Y117.535 E164.42482
G1 X151.866 Y116.857 E164.4475
G1 X152.098 Y116.246 E164.46923
G1 X152.465 Y115.709 E164.49087
G1 X152.864 Y115.351 E164.5087
G1 X153.072 Y115.207 E164.51711
G1 X153.563 Y114.954 E164.53548
G1 F631.6 X154.173 Y114.834 E164.55512
G1 F661.2 X154.845 Y114.834 E164.57541
G1 F626.6 X155.436 Y114.956 E164.59463
G1 F600 X155.924 Y115.207 E164.61288
G1 X156.132 Y115.351 E164.62129
G1 X156.532 Y115.709 E164.63915
G1 X156.896 Y116.245 E164.6607
G1 X157.128 Y116.847 E164.68215
G1 X157.196 Y117.5 E164.70399
G1 X157.126 Y118.152 E164.7258
G1 X156.895 Y118.759 E164.7474
G1 X156.528 Y119.29 E164.76887
G1 X156.132 Y119.645 E164.78656
G1 X155.923 Y119.789 E164.795
G1 X155.44 Y120.038 E164.81308
G1 F631.6 X154.826 Y120.166 E164.83289
G1 F659.3 X154.147 Y120.166 E164.85344
G0 F9000 X154.217 Y119.788
G1 F600 X153.68 Y119.653 E164.87186
G1 X153.191 Y119.4 E164.89017
G1 X152.773 Y119.028 E164.90878
G1 X152.456 Y118.569 E164.92734
G1 X152.26 Y118.052 E164.94573
G1 X152.2 Y117.5 E164.96419
G1 X152.26 Y116.944 E164.98279
G1 X152.456 Y116.431 E165.00106
G1 X152.768 Y115.974 E165.01946
G1 X153.19 Y115.596 E165.03831
G1 X153.685 Y115.341 E165.05683
G1 X154.221 Y115.212 E165.07516
G1 X154.78 Y115.212 E165.09376
G1 X155.312 Y115.341 E165.11196
G1 X155.806 Y115.596 E165.13045
G1 X156.228 Y115.974 E165.1493
G1 X156.54 Y116.432 E165.16773
G1 X156.736 Y116.943 E165.18593
G1 X156.796 Y117.5 E165.20457
G1 X156.735 Y118.055 E165.22314
G1 X156.539 Y118.57 E165.24146
G1 X156.225 Y119.024 E165.25982
G1 X155.809 Y119.398 E165.27843
G1 X155.312 Y119.654 E165.29702
G1 X154.776 Y119.788 E165.3154
G1 X154.217 Y119.788 E165.33399
G0 F9000 X154.243 Y119.382
;TYPE:WALL-OUTER
G1 F600 X153.804 Y119.266 E165.34909
G1 X153.398 Y119.049 E165.36441
G1 X153.09 Y118.774 E165.37814
G1 X152.804 Y118.359 E165.3949
G1 X152.66 Y117.979 E165.40842
G1 X152.601 Y117.524 E165.42368
G1 X152.649 Y117.064 E165.43906
G1 X152.826 Y116.599 E165.45561
G1 X153.058 Y116.259 E165.4693
G1 X153.417 Y115.93 E165.4855
G1 X153.848 Y115.713 E165.50155
G1 X154.257 Y115.614 E165.51554
G1 X154.752 Y115.617 E165.53201
G1 X155.148 Y115.713 E165.54556
G1 X155.579 Y115.93 E165.56161
G1 X155.938 Y116.259 E165.5778
G1 X156.17 Y116.599 E165.59149
G1 X156.347 Y117.064 E165.60804
G1 X156.396 Y117.5 E165.62264
G1 X156.346 Y117.943 E165.63746
G1 X156.169 Y118.402 E165.65383
G1 X155.937 Y118.738 E165.66741
G1 X155.579 Y119.066 E165.68355
G1 X155.15 Y119.282 E165.69953
G1 X154.739 Y119.386 E165.71363
G1 X154.243 Y119.382 E165.73013
G0 F9000 X154.074 Y120.07
G0 X154.332 Y120.344
G0 X117.5 Y120.59
G0 X117.5 Y121.3
G1 F600 X159.3 Y121.3 E167.1204
G1 X159.3 Y113.7 E167.37318
G1 X75.701 Y113.701 E170.15369
G1 X75.7 Y121.3 E170.40644
G1 X117.5 Y121.3 E171.79671
G0 F9000 X117.5 Y120.59
G0 X80.705 Y120.383
G0 X80.252 Y120.344
G0 X80.907 Y120.075
G0 X80.739 Y119.386
G1 F600 X80.243 Y119.382 E171.81321
G1 X79.804 Y119.266 E171.82831
G1 X79.398 Y119.049 E171.84362
G1 X79.09 Y118.774 E171.85736
G1 X78.804 Y118.359 E171.87412
G1 X78.65 Y117.943 E171.88887
G1 X78.601 Y117.524 E171.9029
G1 X78.649 Y117.064 E171.91829
G1 X78.826 Y116.599 E171.93483
G1 X79.058 Y116.259 E171.94852
G1 X79.417 Y115.93 E171.96472
G1 X79.848 Y115.713 E171.98077
G1 X80.257 Y115.614 E171.99477
G1 X80.752 Y115.617 E172.01123
G1 X81.148 Y115.713 E172.02478
G1 X81.579 Y115.93 E172.04083
G1 X81.938 Y116.259 E172.05703
G1 X82.17 Y116.599 E172.07072
G1 X82.347 Y117.064 E172.08727
G1 X82.396 Y117.5 E172.10186
G1 X82.336 Y117.979 E172.11792
G1 X82.192 Y118.359 E172.13143
G1 X81.937 Y118.738 E172.14663
G1 X81.579 Y119.066 E172.16277
G1 X81.15 Y119.282 E172.17875
G1 X80.739 Y119.386 E172.19285
G0 F9000 X80.907 Y120.075
G0 X80.252 Y120.344
G0 X117.5 Y120.399
G0 X117.5 Y120.136
;TYPE:SKIN
G1 F600 X82.041 Y120.136 E173.37222
G1 X82.37 Y119.91 E173.3855
G1 X82.693 Y119.619 E173.39996
G1 X82.877 Y119.414 E173.40912
G1 X83.121 Y119.062 E173.42336
G1 X83.266 Y118.789 E173.43365
G1 X83.416 Y118.395 E173.44767
G1 X83.495 Y118.085 E173.45831
G1 X83.56 Y117.497 E173.47798
G1 X83.495 Y116.903 E173.49786
G1 X83.423 Y116.615 E173.50773
G1 X83.266 Y116.202 E173.52243
G1 X83.142 Y115.967 E173.53127
G1 X82.893 Y115.602 E173.54596
G1 X82.694 Y115.375 E173.556
G1 X82.371 Y115.079 E173.57057
G1 X82.057 Y114.86 E173.58331
G1 X152.935 Y114.86 E175.94072
G1 X152.621 Y115.079 E175.95345
G1 X152.298 Y115.375 E175.96802
G1 X152.114 Y115.583 E175.97726
G1 X151.863 Y115.946 E175.99194
G1 X151.726 Y116.202 E176.00159
G1 X151.569 Y116.616 E176.01632
G1 X151.497 Y116.908 E176.02632
G1 X151.432 Y117.499 E176.0461
G1 X151.493 Y118.063 E176.06497
G1 X151.576 Y118.395 E176.07635
G1 X151.716 Y118.767 E176.08957
G1 X151.858 Y119.041 E176.09983
G1 X152.115 Y119.415 E176.11493
G1 X152.303 Y119.622 E176.12423
G1 X152.621 Y119.913 E176.13856
G1 X152.94 Y120.135 E176.15149
G1 X117.5 Y120.136 E177.33023
G0 F9000 X117.5 Y120.399
G0 X80.705 Y120.383
G0 X80.252 Y120.344
G0 X82.567 Y119.375
G0 X82.908 Y119.677
G1 F600 X83.166 Y119.936 E177.34239
G0 F9000 X83.731 Y119.935
G1 F600 X83.158 Y119.362 E177.36934
G0 F9000 X83.374 Y119.012
G1 F600 X84.297 Y119.935 E177.41276
G0 F9000 X84.863 Y119.935
G1 F600 X83.543 Y118.616 E177.47482
G0 F9000 X83.676 Y118.183
G1 F600 X85.428 Y119.935 E177.55723
G0 F9000 X85.994 Y119.935
G1 F600 X83.739 Y117.68 E177.6633
G0 F9000 X83.714 Y117.09
G1 F600 X86.56 Y119.935 E177.79714
G0 F9000 X87.125 Y119.935
G1 F600 X83.531 Y116.341 E177.96619
G0 F9000 X83.103 Y116.504
G0 X81.374 Y114.779
G0 X80.664 Y114.658
G0 X83.381 Y114.6
G0 X83.381 Y115.059
G1 F600 X88.257 Y119.935 E178.19555
G0 F9000 X87.691 Y119.935
G1 F600 X82.815 Y115.059 E178.4249
G0 F9000 X82.815 Y114.6
G0 X83.946 Y114.6
G0 X83.946 Y115.059
G1 F600 X88.823 Y119.935 E178.65427
G0 F9000 X89.388 Y119.935
G1 F600 X84.512 Y115.059 E178.88363
G0 F9000 X85.078 Y115.059
G1 F600 X89.954 Y119.935 E179.11298
G0 F9000 X90.52 Y119.935
G1 F600 X85.643 Y115.059 E179.34235
G0 F9000 X86.209 Y115.059
G1 F600 X91.085 Y119.935 E179.5717
G0 F9000 X91.651 Y119.935
G1 F600 X86.775 Y115.059 E179.80106
G0 F9000 X87.34 Y115.059
G1 F600 X92.217 Y119.935 E180.03043
G0 F9000 X92.782 Y119.935
G1 F600 X87.906 Y115.059 E180.25978
G0 F9000 X88.472 Y115.059
G1 F600 X93.348 Y119.935 E180.48914
G0 F9000 X93.914 Y119.935
G1 F600 X89.037 Y115.059 E180.71851
G0 F9000 X89.603 Y115.059
G1 F600 X94.479 Y119.935 E180.94786
G0 F9000 X95.045 Y119.935
G1 F600 X90.169 Y115.059 E181.17722
G0 F9000 X90.735 Y115.059
G1 F600 X95.611 Y119.935 E181.40657
G0 F9000 X96.176 Y119.935
G1 F600 X91.3 Y115.059 E181.63592
G0 F9000 X91.866 Y115.059
G1 F600 X96.742 Y119.935 E181.86527
G0 F9000 X97.308 Y119.935
G1 F600 X92.432 Y115.059 E182.09462
G0 F9000 X92.997 Y115.059
G1 F600 X97.873 Y119.935 E182.32398
G0 F9000 X98.439 Y119.935
G1 F600 X93.563 Y115.059 E182.55333
G0 F9000 X94.129 Y115.059
G1 F600 X99.005 Y119.935 E182.78268
G0 F9000 X99.571 Y119.935
G1 F600 X94.694 Y115.059 E183.01206
G0 F9000 X95.26 Y115.059
G1 F600 X100.136 Y119.935 E183.24141
G0 F9000 X100.702 Y119.935
G1 F600 X95.826 Y115.059 E183.47076
G0 F9000 X96.391 Y115.059
G1 F600 X101.268 Y119.935 E183.70014
G0 F9000 X101.833 Y119.935
G1 F600 X96.957 Y115.059 E183.92949
G0 F9000 X97.523 Y115.059
G1 F600 X102.399 Y119.935 E184.15884
G0 F9000 X102.965 Y119.935
G1 F600 X98.088 Y115.059 E184.38822
G0 F9000 X98.654 Y115.059
G1 F600 X103.53 Y119.935 E184.61757
G0 F9000 X104.096 Y119.935
G1 F600 X99.22 Y115.059 E184.84692
G0 F9000 X99.785 Y115.059
G1 F600 X104.662 Y119.935 E185.0763
G0 F9000 X105.227 Y119.935
G1 F600 X100.351 Y115.059 E185.30565
G0 F9000 X100.917 Y115.059
G1 F600 X105.793 Y119.935 E185.535
G0 F9000 X106.359 Y119.935
G1 F600 X101.483 Y115.059 E185.76435
G0 F9000 X102.048 Y115.059
G1 F600 X106.924 Y119.935 E185.9937
G0 F9000 X107.49 Y119.935
G1 F600 X102.614 Y115.059 E186.22306
G0 F9000 X103.18 Y115.059
G1 F600 X108.056 Y119.935 E186.45241
G0 F9000 X108.622 Y119.935
G1 F600 X103.745 Y115.059 E186.68178
G0 F9000 X104.311 Y115.059
G1 F600 X109.187 Y119.935 E186.91114
G0 F9000 X109.753 Y119.935
G1 F600 X104.877 Y115.059 E187.14049
G0 F9000 X105.442 Y115.059
G1 F600 X110.319 Y119.935 E187.36986
G0 F9000 X110.884 Y119.935
G1 F600 X106.008 Y115.059 E187.59922
G0 F9000 X106.574 Y115.059
G1 F600 X111.45 Y119.935 E187.82857
G0 F9000 X112.016 Y119.935
G1 F600 X107.139 Y115.059 E188.05794
G0 F9000 X107.705 Y115.059
G1 F600 X112.581 Y119.935 E188.2873
G0 F9000 X113.147 Y119.935
G1 F600 X108.271 Y115.059 E188.51665
G0 F9000 X108.836 Y115.059
G1 F600 X113.713 Y119.935 E188.74602
G0 F9000 X114.278 Y119.935
G1 F600 X109.402 Y115.059 E188.97538
G0 F9000 X109.968 Y115.059
G1 F600 X114.844 Y119.935 E189.20473
G0 F9000 X115.41 Y119.935
G1 F600 X110.534 Y115.059 E189.43408
G0 F9000 X111.099 Y115.059
G1 F600 X115.975 Y119.935 E189.66343
G0 F9000 X116.541 Y119.935
G1 F600 X111.665 Y115.059 E189.89278
G0 F9000 X112.231 Y115.059
G1 F600 X117.107 Y119.935 E190.12214
G0 F9000 X117.672 Y119.935
G1 F600 X112.796 Y115.059 E190.35149
G0 F9000 X113.362 Y115.059
G1 F600 X118.238 Y119.935 E190.58084
G0 F9000 X118.804 Y119.935
G1 F600 X113.928 Y115.059 E190.81019
G0 F9000 X114.493 Y115.059
G1 F600 X119.37 Y119.935 E191.03957
G0 F9000 X119.935 Y119.935
G1 F600 X115.059 Y115.059 E191.26892
G0 F9000 X115.625 Y115.059
G1 F600 X120.501 Y119.935 E191.49827
G0 F9000 X121.067 Y119.935
G1 F600 X116.19 Y115.059 E191.72765
G0 F9000 X116.756 Y115.059
G1 F600 X121.632 Y119.935 E191.957
G0 F9000 X122.198 Y119.935
G1 F600 X117.322 Y115.059 E192.18635
G0 F9000 X117.887 Y115.059
G1 F600 X122.764 Y119.935 E192.41573
G0 F9000 X123.329 Y119.935
G1 F600 X118.453 Y115.059 E192.64508
G0 F9000 X119.019 Y115.059
G1 F600 X123.895 Y119.935 E192.87443
G0 F9000 X124.461 Y119.935
G1 F600 X119.584 Y115.059 E193.10381
G0 F9000 X120.15 Y115.059
G1 F600 X125.026 Y119.935 E193.33316
G0 F9000 X125.592 Y119.935
G1 F600 X120.716 Y115.059 E193.56251
G0 F9000 X121.282 Y115.059
G1 F600 X126.158 Y119.935 E193.79186
G0 F9000 X126.723 Y119.935
G1 F600 X121.847 Y115.059 E194.02122
G0 F9000 X122.413 Y115.059
G1 F600 X127.289 Y119.935 E194.25057
G0 F9000 X127.855 Y119.935
G1 F600 X122.979 Y115.059 E194.47992
G0 F9000 X123.544 Y115.059
G1 F600 X128.42 Y119.935 E194.70927
G0 F9000 X128.986 Y119.935
G1 F600 X124.11 Y115.059 E194.93862
G0 F9000 X124.676 Y115.059
G1 F600 X129.552 Y119.935 E195.16798
G0 F9000 X130.118 Y119.935
G1 F600 X125.241 Y115.059 E195.39735
G0 F9000 X125.807 Y115.059
G1 F600 X130.683 Y119.935 E195.6267
G0 F9000 X131.249 Y119.935
G1 F600 X126.373 Y115.059 E195.85606
G0 F9000 X126.938 Y115.059
G1 F600 X131.815 Y119.935 E196.08543
G0 F9000 X132.38 Y119.935
G1 F600 X127.504 Y115.059 E196.31478
G0 F9000 X128.07 Y115.059
G1 F600 X132.946 Y119.935 E196.54414
G0 F9000 X133.512 Y119.935
G1 F600 X128.635 Y115.059 E196.77351
G0 F9000 X129.201 Y115.059
G1 F600 X134.077 Y119.935 E197.00286
G0 F9000 X134.643 Y119.935
G1 F600 X129.767 Y115.059 E197.23222
G0 F9000 X130.333 Y115.059
G1 F600 X135.209 Y119.935 E197.46157
G0 F9000 X135.774 Y119.935
G1 F600 X130.898 Y115.059 E197.69092
G0 F9000 X131.464 Y115.059
G1 F600 X136.34 Y119.935 E197.92027
G0 F9000 X136.906 Y119.935
G1 F600 X132.03 Y115.059 E198.14962
G0 F9000 X132.595 Y115.059
G1 F600 X137.471 Y119.935 E198.37898
G0 F9000 X138.037 Y119.935
G1 F600 X133.161 Y115.059 E198.60833
G0 F9000 X133.727 Y115.059
G1 F600 X138.603 Y119.935 E198.83768
G0 F9000 X139.169 Y119.935
G1 F600 X134.292 Y115.059 E199.06706
G0 F9000 X134.858 Y115.059
G1 F600 X139.734 Y119.935 E199.29641
G0 F9000 X140.3 Y119.935
G1 F600 X135.424 Y115.059 E199.52576
G0 F9000 X135.989 Y115.059
G1 F600 X140.866 Y119.935 E199.75514
G0 F9000 X141.431 Y119.935
G1 F600 X136.555 Y115.059 E199.98449
G0 F9000 X137.121 Y115.059
G1 F600 X141.997 Y119.935 E200.21384
G0 F9000 X142.563 Y119.935
G1 F600 X137.686 Y115.059 E200.44322
G0 F9000 X138.252 Y115.059
G1 F600 X143.128 Y119.935 E200.67257
G0 F9000 X143.694 Y119.935
G1 F600 X138.818 Y115.059 E200.90192
G0 F9000 X139.383 Y115.059
G1 F600 X144.26 Y119.935 E201.1313
G0 F9000 X144.825 Y119.935
G1 F600 X139.949 Y115.059 E201.36065
G0 F9000 X140.515 Y115.059
G1 F600 X145.391 Y119.935 E201.59
G0 F9000 X145.957 Y119.935
G1 F600 X141.081 Y115.059 E201.81935
G0 F9000 X141.646 Y115.059
G1 F600 X146.522 Y119.935 E202.0487
G0 F9000 X147.088 Y119.935
G1 F600 X142.212 Y115.059 E202.27806
G0 F9000 X142.778 Y115.059
G1 F600 X147.654 Y119.935 E202.50741
G0 F9000 X148.219 Y119.935
G1 F600 X143.343 Y115.059 E202.73676
G0 F9000 X143.909 Y115.059
G1 F600 X148.785 Y119.935 E202.96611
G0 F9000 X149.351 Y119.935
G1 F600 X144.475 Y115.059 E203.19546
G0 F9000 X145.04 Y115.059
G1 F600 X149.917 Y119.935 E203.42484
G0 F9000 X150.482 Y119.935
G1 F600 X145.606 Y115.059 E203.65419
G0 F9000 X146.172 Y115.059
G1 F600 X151.048 Y119.935 E203.88354
G0 F9000 X151.614 Y119.935
G1 F600 X146.737 Y115.059 E204.11292
G0 F9000 X147.303 Y115.059
G1 F600 X152.179 Y119.935 E204.34227
G0 F9000 X152.179 Y120.399
G0 X154.332 Y120.344
G0 X154.004 Y120.286
G0 X152.834 Y119.457
G0 X151.89 Y118.486
G0 X151.459 Y118.649
G1 F600 X147.869 Y115.059 E204.51113
G0 F9000 X148.434 Y115.059
G1 F600 X151.275 Y117.899 E204.64474
G0 F9000 X151.254 Y117.313
G1 F600 X149 Y115.059 E204.75076
G0 F9000 X149.566 Y115.059
G1 F600 X151.317 Y116.81 E204.83313
G0 F9000 X151.447 Y116.375
G1 F600 X150.131 Y115.059 E204.89503
G0 F9000 X150.697 Y115.059
G1 F600 X151.619 Y115.98 E204.93837
G0 F9000 X151.837 Y115.633
G1 F600 X151.263 Y115.059 E204.96537
G0 F9000 X151.829 Y115.059
G1 F600 X152.084 Y115.314 E204.97736
G0 F9000 X152.431 Y115.618
G0 X154.188 Y114.702
G0 X154.744 Y114.656
G0 X154.036 Y114.633
G0 X80.036 Y114.633
G0 X76.673 Y114.673
G0 X76.601 Y116.292
G0 X77.262 Y116.293
G1 F595.5 X77.261 Y115.261 E205.01195
G1 X77.851 Y115.259 E205.03172
G1 X77.518 Y115.737 E205.05124
G1 X77.36 Y116.038 E205.06263
G1 X77.262 Y116.293 E205.07178
G0 F9000 X76.601 Y116.292
G0 X76.672 Y120.328
G0 X77.846 Y120.4
G0 X77.846 Y119.735
G1 F595.5 X77.261 Y119.735 E205.09139
G1 X77.261 Y118.932 E205.1183
G1 X77.281 Y118.813 E205.12234
G1 X77.53 Y119.275 E205.13993
G1 X77.846 Y119.735 E205.15863
G0 F9000 X77.846 Y120.4
G0 X78.942 Y120.4
G0 X78.942 Y120.136
G1 F600 X76.86 Y120.139 E205.22787
G1 X76.86 Y118.916 E205.26855
G1 F540.5 X76.904 Y118.391 E205.288
G1 F471.5 X76.925 Y118.263 E205.29349
G1 F472.4 X76.903 Y117.5 E205.32573
G1 F478.1 X76.919 Y116.896 E205.35096
G1 F518.4 X76.865 Y116.53 E205.3652
G1 F594.1 X76.86 Y114.86 E205.4213
G1 F600 X78.935 Y114.86 E205.49031
G1 X78.621 Y115.079 E205.50305
G1 X78.298 Y115.375 E205.51762
G1 X78.114 Y115.583 E205.52685
G1 X77.862 Y115.946 E205.54155
G1 X77.726 Y116.208 E205.55137
G1 X77.576 Y116.596 E205.56521
G1 F524 X77.435 Y116.924 E205.5788
G1 F478.1 X77.389 Y117.473 E205.6018
G1 F504.2 X77.451 Y118.21 E205.63107
G1 F555.6 X77.723 Y118.786 E205.65395
G1 F600 X77.871 Y119.063 E205.6644
G1 X78.103 Y119.395 E205.67787
G1 X78.302 Y119.621 E205.68789
G1 X78.621 Y119.913 E205.70227
G1 X78.942 Y120.136 E205.71527
G0 F9000 X78.942 Y120.4
G0 X80.23 Y120.341
G0 X80.807 Y120.298
G0 X80.252 Y120.344
G0 X80.956 Y120.367
G0 X154 Y120.365
G0 X154.332 Y120.344
G0 X154.004 Y120.286
G0 X151.905 Y118.697
G0 X151.736 Y116.782
G0 X152.587 Y115.807
G0 X153.047 Y115.399
G0 X153.594 Y115.11
G0 X154.194 Y114.963
G0 X154.806 Y114.963
G0 X155.406 Y115.11
G0 X155.898 Y115.37
G0 X157.108 Y116.515
G0 X157.731 Y116.276
G1 F592.6 X157.631 Y116.038 E205.72396
G1 X157.463 Y115.72 E205.73607
G1 X157.154 Y115.262 E205.75468
G1 X157.738 Y115.262 E205.77435
G1 X157.731 Y116.276 E205.8085
G0 F9000 X157.108 Y116.515
G0 X156.994 Y117.952
G0 X156.641 Y119.291
G0 X157.139 Y119.732
G1 F588.2 X157.451 Y119.29 E205.82685
G1 X157.712 Y118.816 E205.84521
G1 X157.735 Y118.936 E205.84935
G1 X157.736 Y119.732 E205.87636
G1 X157.139 Y119.732 E205.89661
G0 F9000 X156.641 Y119.291
G0 X154.807 Y120.298
G0 X154.252 Y120.344
G0 X156.044 Y120.399
G0 X156.045 Y120.136
G1 F600 X156.35 Y119.926 E205.90893
G1 X156.678 Y119.633 E205.92355
G1 X156.875 Y119.413 E205.93338
G1 X157.121 Y119.058 E205.94774
G1 X157.265 Y118.79 E205.95786
G1 F533.3 X157.509 Y118.284 E205.97888
G1 F463.3 X157.541 Y118.242 E205.98115
G1 F467.8 X157.605 Y117.473 E206.01407
G1 F470.6 X157.556 Y116.888 E206.03897
G1 F500 X157.437 Y116.611 E206.051
G1 F571.4 X157.42 Y116.591 E206.05191
G1 F592.6 X157.269 Y116.21 E206.06572
G1 F600 X157.122 Y115.935 E206.07609
G1 X156.902 Y115.611 E206.08911
G1 X156.695 Y115.372 E206.09963
G1 X156.37 Y115.079 E206.11418
G1 X156.057 Y114.86 E206.12689
G1 X158.14 Y114.86 E206.19617
G1 F592.6 X158.135 Y116.461 E206.25009
G1 F511.7 X158.076 Y116.824 E206.26443
G1 F470.6 X158.095 Y117.447 E206.29086
G1 F467.8 X158.073 Y118.288 E206.32674
G1 F463.3 X158.091 Y118.389 E206.33116
G1 F533.3 X158.14 Y118.924 E206.35127
G1 F600 X158.14 Y120.139 E206.39168
G1 X156.045 Y120.136 E206.46136
;MESH:NONMESH
G0 F300 Z0.8
G0 F9000 X156.044 Y120.399
G0 X80.705 Y120.383
G0 X80.252 Y120.344
G0 X80.826 Y120.166
;TIME_ELAPSED:615.955367
;LAYER:3
M106 S255
;TYPE:WALL-INNER
;MESH:3mm_tpu.stl
G1 F659.3 X80.147 Y120.166 E206.48191
G1 F625 X79.554 Y120.037 E206.50129
G1 F600 X79.072 Y119.789 E206.51931
G1 X78.864 Y119.645 E206.52773
G1 X78.471 Y119.294 E206.54525
G1 X78.098 Y118.755 E206.56706
G1 X77.871 Y118.155 E206.58839
G1 X77.796 Y117.536 E206.60913
G1 X77.866 Y116.851 E206.63203
G1 X78.1 Y116.245 E206.65364
G1 X78.464 Y115.709 E206.67519
G1 X78.864 Y115.351 E206.69304
G1 X79.072 Y115.207 E206.70146
G1 X79.563 Y114.954 E206.71983
G1 F631.6 X80.173 Y114.834 E206.73947
G1 F661.2 X80.845 Y114.834 E206.75975
G1 F626.6 X81.436 Y114.956 E206.77897
G1 F600 X81.924 Y115.207 E206.79722
G1 X82.132 Y115.351 E206.80564
G1 X82.531 Y115.709 E206.82347
G1 X82.898 Y116.246 E206.8451
G1 X83.13 Y116.857 E206.86684
G1 X83.2 Y117.535 E206.88951
G1 X83.127 Y118.148 E206.91004
G1 X82.898 Y118.755 E206.93162
G1 X82.527 Y119.291 E206.9533
G1 X82.132 Y119.645 E206.97094
G1 X81.923 Y119.789 E206.97938
G1 X81.44 Y120.038 E206.99746
G1 F631.6 X80.826 Y120.166 E207.01728
G0 F9000 X80.776 Y119.788
G1 F600 X80.217 Y119.788 E207.03587
G1 X79.68 Y119.653 E207.05429
G1 X79.19 Y119.4 E207.07263
G1 X78.773 Y119.027 E207.09124
G1 X78.455 Y118.567 E207.10983
G1 X78.261 Y118.056 E207.12801
G1 X78.195 Y117.501 E207.1466
G1 X78.259 Y116.945 E207.16522
G1 X78.456 Y116.431 E207.18353
G1 X78.768 Y115.974 E207.20193
G1 X79.19 Y115.596 E207.22077
G1 X79.685 Y115.341 E207.23929
G1 X80.221 Y115.212 E207.25763
G1 X80.78 Y115.212 E207.27622
G1 X81.312 Y115.341 E207.29443
G1 X81.806 Y115.596 E207.31292
G1 X82.228 Y115.974 E207.33176
G1 X82.54 Y116.432 E207.3502
G1 X82.736 Y116.943 E207.3684
G1 X82.796 Y117.5 E207.38703
G1 X82.738 Y118.048 E207.40536
G1 X82.54 Y118.569 E207.4239
G1 X82.225 Y119.025 E207.44233
G1 X81.808 Y119.398 E207.46094
G1 X81.312 Y119.654 E207.47951
G1 X80.776 Y119.788 E207.49788
G0 F9000 X80.776 Y120.098
G0 X117.5 Y120.499
G1 F600 X153.596 Y120.499 E208.69844
G1 F634.9 X154.292 Y120.522 E208.72033
G1 F674.2 X154.704 Y120.522 E208.73252
G1 F634.9 X155.4 Y120.499 E208.75441
G1 F600 X158.5 Y120.5 E208.85752
G1 X158.5 Y114.5 E209.05708
G1 X155.388 Y114.5 E209.16058
G1 F634.9 X154.704 Y114.478 E209.18209
G1 F674.2 X154.292 Y114.478 E209.19429
G1 F634.9 X153.608 Y114.5 E209.2158
G1 F600 X81.388 Y114.5 E211.61785
G1 F634.9 X80.704 Y114.478 E211.63936
G1 F674.2 X80.292 Y114.478 E211.65155
G1 F634.9 X79.608 Y114.5 E211.67306
G1 F600 X76.501 Y114.501 E211.7764
G1 X76.5 Y120.5 E211.97593
G1 X79.596 Y120.499 E212.0789
G1 F634.9 X80.292 Y120.522 E212.10079
G1 F674.2 X80.704 Y120.522 E212.11298
G1 F634.9 X81.4 Y120.499 E212.13487
G1 F600 X117.5 Y120.499 E213.33556
G0 F9000 X117.5 Y120.9
G1 F600 X158.9 Y120.9 E214.71253
G1 X158.9 Y114.1 E214.9387
G1 X76.101 Y114.101 E217.69261
G1 X76.1 Y120.9 E217.91874
G1 X117.5 Y120.9 E219.29571
G0 F9000 X117.5 Y120.59
G0 X154.147 Y120.166
G1 F625 X153.554 Y120.037 E219.31509
G1 F600 X153.072 Y119.789 E219.33312
G1 X152.864 Y119.645 E219.34153
G1 X152.471 Y119.294 E219.35906
G1 X152.098 Y118.755 E219.38086
G1 X151.869 Y118.148 E219.40244
G1 X151.796 Y117.535 E219.42297
G1 X151.866 Y116.857 E219.44564
G1 X152.098 Y116.246 E219.46738
G1 X152.465 Y115.709 E219.48901
G1 X152.864 Y115.351 E219.50684
G1 X153.072 Y115.207 E219.51526
G1 X153.563 Y114.954 E219.53363
G1 F631.6 X154.173 Y114.834 E219.55327
G1 F661.2 X154.845 Y114.834 E219.57355
G1 F626.6 X155.436 Y114.956 E219.59277
G1 F600 X155.924 Y115.207 E219.61102
G1 X156.132 Y115.351 E219.61944
G1 X156.532 Y115.709 E219.63729
G1 X156.896 Y116.245 E219.65884
G1 X157.128 Y116.847 E219.6803
G1 X157.196 Y117.5 E219.70214
G1 X157.126 Y118.152 E219.72395
G1 X156.895 Y118.759 E219.74555
G1 X156.528 Y119.29 E219.76702
G1 X156.132 Y119.645 E219.78471
G1 X155.923 Y119.789 E219.79315
G1 X155.44 Y120.038 E219.81122
G1 F631.6 X154.826 Y120.166 E219.83104
G1 F659.3 X154.147 Y120.166 E219.85159
G0 F9000 X154.217 Y119.788
G1 F600 X153.68 Y119.653 E219.87001
G1 X153.191 Y119.4 E219.88832
G1 X152.773 Y119.028 E219.90693
G1 X152.456 Y118.569 E219.92548
G1 X152.26 Y118.052 E219.94387
G1 X152.2 Y117.5 E219.96234
G1 X152.26 Y116.944 E219.98094
G1 X152.456 Y116.431 E219.99921
G1 X152.768 Y115.974 E220.01761
G1 X153.19 Y115.596 E220.03645
G1 X153.685 Y115.341 E220.05497
G1 X154.221 Y115.212 E220.07331
G1 X154.78 Y115.212 E220.0919
G1 X155.312 Y115.341 E220.11011
G1 X155.806 Y115.596 E220.1286
G1 X156.228 Y115.974 E220.14744
G1 X156.54 Y116.432 E220.16588
G1 X156.736 Y116.943 E220.18408
G1 X156.796 Y117.5 E220.20271
G1 X156.735 Y118.055 E220.22128
G1 X156.539 Y118.57 E220.23961
G1 X156.225 Y119.024 E220.25797
G1 X155.809 Y119.398 E220.27658
G1 X155.312 Y119.654 E220.29517
G1 X154.776 Y119.788 E220.31355
G1 X154.217 Y119.788 E220.33214
G0 F9000 X154.243 Y119.382
;TYPE:WALL-OUTER
G1 F600 X153.804 Y119.266 E220.34724
G1 X153.398 Y119.049 E220.36255
G1 X153.09 Y118.774 E220.37629
G1 X152.804 Y118.359 E220.39305
G1 X152.66 Y117.979 E220.40656
G1 X152.601 Y117.524 E220.42182
G1 X152.649 Y117.064 E220.43721
G1 X152.826 Y116.599 E220.45376
G1 X153.058 Y116.259 E220.46745
G1 X153.417 Y115.93 E220.48364
G1 X153.848 Y115.713 E220.49969
G1 X154.257 Y115.614 E220.51369
G1 X154.752 Y115.617 E220.53015
G1 X155.148 Y115.713 E220.5437
G1 X155.579 Y115.93 E220.55975
G1 X155.938 Y116.259 E220.57595
G1 X156.17 Y116.599 E220.58964
G1 X156.347 Y117.064 E220.60619
G1 X156.396 Y117.5 E220.62078
G1 X156.346 Y117.943 E220.63561
G1 X156.169 Y118.402 E220.65197
G1 X155.937 Y118.738 E220.66555
G1 X155.579 Y119.066 E220.6817
G1 X155.15 Y119.282 E220.69768
G1 X154.739 Y119.386 E220.71178
G1 X154.243 Y119.382 E220.72827
G0 F9000 X154.074 Y120.07
G0 X117.5 Y120.59
G0 X117.5 Y121.3
G1 F600 X159.3 Y121.3 E222.11855
G1 X159.3 Y113.7 E222.37133
G1 X75.701 Y113.701 E225.15184
G1 X75.7 Y121.3 E225.40458
G1 X117.5 Y121.3 E226.79486
G0 F9000 X117.5 Y120.59
G0 X80.907 Y120.075
G0 X80.739 Y119.386
G1 F600 X80.243 Y119.382 E226.81135
G1 X79.804 Y119.266 E226.82646
G1 X79.398 Y119.049 E226.84177
G1 X79.09 Y118.774 E226.8555
G1 X78.804 Y118.359 E226.87226
G1 X78.65 Y117.943 E226.88702
G1 X78.601 Y117.524 E226.90105
G1 X78.649 Y117.064 E226.91643
G1 X78.826 Y116.599 E226.93298
G1 X79.058 Y116.259 E226.94667
G1 X79.417 Y115.93 E226.96287
G1 X79.848 Y115.713 E226.97892
G1 X80.257 Y115.614 E226.99291
G1 X80.752 Y115.617 E227.00938
G1 X81.148 Y115.713 E227.02293
G1 X81.579 Y115.93 E227.03898
G1 X81.938 Y116.259 E227.05517
G1 X82.17 Y116.599 E227.06886
G1 X82.347 Y117.064 E227.08541
G1 X82.396 Y117.5 E227.10001
G1 X82.336 Y117.979 E227.11606
G1 X82.192 Y118.359 E227.12958
G1 X81.937 Y118.738 E227.14477
G1 X81.579 Y119.066 E227.16092
G1 X81.15 Y119.282 E227.1769
G1 X80.739 Y119.386 E227.191
G0 F9000 X81.093 Y120.182
;TYPE:FILL
G1 F1200 X81.24 Y120.43 E227.20059
G0 F9000 X84.301 Y120.419
G1 F1200 X84.383 Y120.3 E227.20539
G1 X84.584 Y119.899 E227.22031
G1 X84.742 Y119.498 E227.23465
G1 X84.878 Y119.097 E227.24873
G1 X84.922 Y118.696 E227.26215
G1 X83.866 Y118.295 E227.29972
G1 X83.232 Y117.945 E227.3238
G0 F9000 X82.981 Y116.887
G0 X82.857 Y116.561
G0 X82.253 Y115.352
G1 F1200 X82.951 Y115.087 E227.34864
G1 X83.677 Y114.686 E227.37622
G1 X83.79 Y114.58 E227.38137
G0 F9000 X81.629 Y114.965
G1 F1200 X81.492 Y114.58 E227.39497
G0 F9000 X77.373 Y114.581
G1 F1200 X77.261 Y114.686 E227.40007
G1 X76.581 Y115.062 E227.42592
G0 F9000 X76.58 Y117.76
G1 F1200 X76.724 Y117.894 E227.43246
G1 X77.45 Y118.295 E227.46004
G1 X77.904 Y118.467 E227.47619
G0 F9000 X78.392 Y119.302
G1 F1200 X78.326 Y119.498 E227.48307
G1 X78.168 Y119.899 E227.49741
G1 X77.967 Y120.3 E227.51232
G1 X77.884 Y120.42 E227.51718
G0 F9000 X87.651 Y120.419
G1 F1200 X87.591 Y120.3 E227.52161
G1 X87.313 Y119.899 E227.53784
G1 X86.885 Y119.498 E227.55735
G1 X86.159 Y119.097 E227.58493
G1 X85.103 Y118.696 E227.6225
G1 X85.147 Y118.295 E227.63592
G1 X85.283 Y117.894 E227.65
G1 X85.441 Y117.493 E227.66434
G1 X85.642 Y117.092 E227.67926
G1 X85.92 Y116.691 E227.69549
G1 X86.348 Y116.29 E227.71499
G1 X87.074 Y115.889 E227.74258
G1 X88.13 Y115.488 E227.78015
G1 X88.086 Y115.087 E227.79357
G1 X87.908 Y114.58 E227.81144
G0 F9000 X90.206 Y114.58
G1 F1200 X90.093 Y114.686 E227.81659
G1 X89.367 Y115.087 E227.84418
G1 X88.311 Y115.488 E227.88175
G1 X88.355 Y115.889 E227.89516
G1 X88.491 Y116.29 E227.90925
G1 X88.649 Y116.691 E227.92358
G1 X88.85 Y117.092 E227.9385
G1 X89.128 Y117.493 E227.95473
G1 X89.556 Y117.894 E227.97424
G1 X90.282 Y118.295 E228.00182
G1 X91.338 Y118.696 E228.03939
G1 X91.294 Y119.097 E228.05281
G1 X91.158 Y119.498 E228.06689
G1 X91 Y119.899 E228.08123
G1 X90.799 Y120.3 E228.09615
G1 X90.717 Y120.419 E228.10095
G0 F9000 X94.067 Y120.419
G1 F1200 X94.007 Y120.3 E228.10539
G1 X93.729 Y119.899 E228.12162
G1 X93.301 Y119.498 E228.14112
G1 X92.575 Y119.097 E228.16871
G1 X91.519 Y118.696 E228.20628
G1 X91.563 Y118.295 E228.21969
G1 X91.699 Y117.894 E228.23378
G1 X91.857 Y117.493 E228.24811
G1 X92.058 Y117.092 E228.26303
G1 X92.336 Y116.691 E228.27926
G1 X92.764 Y116.29 E228.29877
G1 X93.49 Y115.889 E228.32635
G1 X94.546 Y115.488 E228.36392
G1 X94.502 Y115.087 E228.37734
G1 X94.324 Y114.58 E228.39521
G0 F9000 X96.622 Y114.58
G1 F1200 X96.509 Y114.686 E228.40037
G1 X95.783 Y115.087 E228.42795
G1 X94.727 Y115.488 E228.46552
G1 X94.771 Y115.889 E228.47894
G1 X94.907 Y116.29 E228.49302
G1 X95.065 Y116.691 E228.50736
G1 X95.266 Y117.092 E228.52228
G1 X95.544 Y117.493 E228.53851
G1 X95.972 Y117.894 E228.55801
G1 X96.698 Y118.295 E228.5856
G1 X97.754 Y118.696 E228.62317
G1 X97.71 Y119.097 E228.63659
G1 X97.574 Y119.498 E228.65067
G1 X97.416 Y119.899 E228.665
G1 X97.215 Y120.3 E228.67992
G1 X97.133 Y120.419 E228.68473
G0 F9000 X100.483 Y120.419
G1 F1200 X100.423 Y120.3 E228.68916
G1 X100.145 Y119.899 E228.70539
G1 X99.717 Y119.498 E228.7249
G1 X98.991 Y119.097 E228.75248
G1 X97.935 Y118.696 E228.79005
G1 X97.979 Y118.295 E228.80347
G1 X98.115 Y117.894 E228.81755
G1 X98.273 Y117.493 E228.83189
G1 X98.474 Y117.092 E228.84681
G1 X98.752 Y116.691 E228.86304
G1 X99.18 Y116.29 E228.88254
G1 X99.906 Y115.889 E228.91013
G1 X100.962 Y115.488 E228.9477
G1 X100.918 Y115.087 E228.96112
G1 X100.74 Y114.58 E228.97899
G0 F9000 X103.038 Y114.58
G1 F1200 X102.925 Y114.686 E228.98414
G1 X102.199 Y115.087 E229.01173
G1 X101.143 Y115.488 E229.0493
G1 X101.187 Y115.889 E229.06272
G1 X101.323 Y116.29 E229.0768
G1 X101.481 Y116.691 E229.09113
G1 X101.682 Y117.092 E229.10605
G1 X101.96 Y117.493 E229.12228
G1 X102.388 Y117.894 E229.14179
G1 X103.114 Y118.295 E229.16937
G1 X104.17 Y118.696 E229.20694
G1 X104.126 Y119.097 E229.22036
G1 X103.99 Y119.498 E229.23444
G1 X103.832 Y119.899 E229.24878
G1 X103.631 Y120.3 E229.2637
G1 X103.549 Y120.419 E229.26851
G0 F9000 X106.899 Y120.419
G1 F1200 X106.839 Y120.3 E229.27294
G1 X106.561 Y119.899 E229.28917
G1 X106.133 Y119.498 E229.30867
G1 X105.407 Y119.097 E229.33626
G1 X104.351 Y118.696 E229.37383
G1 X104.395 Y118.295 E229.38725
G1 X104.531 Y117.894 E229.40133
G1 X104.689 Y117.493 E229.41567
G1 X104.89 Y117.092 E229.43058
G1 X105.168 Y116.691 E229.44681
G1 X105.596 Y116.29 E229.46632
G1 X106.322 Y115.889 E229.49391
G1 X107.378 Y115.488 E229.53148
G1 X107.334 Y115.087 E229.54489
G1 X107.156 Y114.58 E229.56277
G0 F9000 X109.454 Y114.58
G1 F1200 X109.341 Y114.686 E229.56792
G1 X108.615 Y115.087 E229.5955
G1 X107.559 Y115.488 E229.63307
G1 X107.603 Y115.889 E229.64649
G1 X107.739 Y116.29 E229.66057
G1 X107.897 Y116.691 E229.67491
G1 X108.098 Y117.092 E229.68983
G1 X108.376 Y117.493 E229.70606
G1 X108.804 Y117.894 E229.72557
G1 X109.53 Y118.295 E229.75315
G1 X110.586 Y118.696 E229.79072
G1 X110.542 Y119.097 E229.80414
G1 X110.406 Y119.498 E229.81822
G1 X110.248 Y119.899 E229.83256
G1 X110.047 Y120.3 E229.84748
G1 X109.965 Y120.419 E229.85228
G0 F9000 X113.315 Y120.419
G1 F1200 X113.255 Y120.3 E229.85671
G1 X112.977 Y119.899 E229.87294
G1 X112.549 Y119.498 E229.89245
G1 X111.823 Y119.097 E229.92004
G1 X110.767 Y118.696 E229.95761
G1 X110.811 Y118.295 E229.97102
G1 X110.947 Y117.894 E229.98511
G1 X111.105 Y117.493 E229.99944
G1 X111.306 Y117.092 E230.01436
G1 X111.584 Y116.691 E230.03059
G1 X112.012 Y116.29 E230.0501
G1 X112.738 Y115.889 E230.07768
G1 X113.794 Y115.488 E230.11525
G1 X113.75 Y115.087 E230.12867
G1 X113.572 Y114.58 E230.14654
G0 F9000 X115.87 Y114.58
G1 F1200 X115.757 Y114.686 E230.15169
G1 X115.031 Y115.087 E230.17928
G1 X113.975 Y115.488 E230.21685
G1 X114.019 Y115.889 E230.23027
G1 X114.155 Y116.29 E230.24435
G1 X114.313 Y116.691 E230.25869
G1 X114.514 Y117.092 E230.27361
G1 X114.792 Y117.493 E230.28983
G1 X115.22 Y117.894 E230.30934
G1 X115.946 Y118.295 E230.33693
G1 X117.002 Y118.696 E230.3745
G1 X116.958 Y119.097 E230.38791
G1 X116.822 Y119.498 E230.402
G1 X116.664 Y119.899 E230.41633
G1 X116.463 Y120.3 E230.43125
G1 X116.381 Y120.419 E230.43606
G0 F9000 X119.731 Y120.419
G1 F1200 X119.671 Y120.3 E230.44049
G1 X119.393 Y119.899 E230.45672
G1 X118.965 Y119.498 E230.47623
G1 X118.239 Y119.097 E230.50381
G1 X117.183 Y118.696 E230.54138
G1 X117.227 Y118.295 E230.5548
G1 X117.363 Y117.894 E230.56888
G1 X117.521 Y117.493 E230.58322
G1 X117.722 Y117.092 E230.59814
G1 X118 Y116.691 E230.61437
G1 X118.428 Y116.29 E230.63387
G1 X119.154 Y115.889 E230.66146
G1 X120.21 Y115.488 E230.69903
G1 X120.166 Y115.087 E230.71245
G1 X119.988 Y114.58 E230.73032
G0 F9000 X122.286 Y114.58
G1 F1200 X122.173 Y114.686 E230.73547
G1 X121.447 Y115.087 E230.76306
G1 X120.391 Y115.488 E230.80063
G1 X120.435 Y115.889 E230.81404
G1 X120.571 Y116.29 E230.82813
G1 X120.729 Y116.691 E230.84246
G1 X120.93 Y117.092 E230.85738
G1 X121.208 Y117.493 E230.87361
G1 X121.636 Y117.894 E230.89312
G1 X122.362 Y118.295 E230.9207
G1 X123.418 Y118.696 E230.95827
G1 X123.374 Y119.097 E230.97169
G1 X123.238 Y119.498 E230.98577
G1 X123.08 Y119.899 E231.00011
G1 X122.879 Y120.3 E231.01503
G1 X122.797 Y120.419 E231.01983
G0 F9000 X126.147 Y120.419
G1 F1200 X126.087 Y120.3 E231.02427
G1 X125.809 Y119.899 E231.0405
G1 X125.381 Y119.498 E231.06
G1 X124.655 Y119.097 E231.08759
G1 X123.599 Y118.696 E231.12516
G1 X123.643 Y118.295 E231.13858
G1 X123.779 Y117.894 E231.15266
G1 X123.937 Y117.493 E231.16699
G1 X124.138 Y117.092 E231.18191
G1 X124.416 Y116.691 E231.19814
G1 X124.844 Y116.29 E231.21765
G1 X125.57 Y115.889 E231.24523
G1 X126.626 Y115.488 E231.2828
G1 X126.582 Y115.087 E231.29622
G1 X126.404 Y114.58 E231.31409
G0 F9000 X128.702 Y114.58
G1 F1200 X128.589 Y114.686 E231.31925
G1 X127.863 Y115.087 E231.34683
G1 X126.807 Y115.488 E231.3844
G1 X126.851 Y115.889 E231.39782
G1 X126.987 Y116.29 E231.4119
G1 X127.145 Y116.691 E231.42624
G1 X127.346 Y117.092 E231.44116
G1 X127.624 Y117.493 E231.45739
G1 X128.052 Y117.894 E231.47689
G1 X128.778 Y118.295 E231.50448
G1 X129.834 Y118.696 E231.54205
G1 X129.79 Y119.097 E231.55547
G1 X129.654 Y119.498 E231.56955
G1 X129.496 Y119.899 E231.58388
G1 X129.295 Y120.3 E231.5988
G1 X129.213 Y120.419 E231.60361
G0 F9000 X132.563 Y120.419
G1 F1200 X132.503 Y120.3 E231.60804
G1 X132.225 Y119.899 E231.62427
G1 X131.797 Y119.498 E231.64378
G1 X131.071 Y119.097 E231.67136
G1 X130.015 Y118.696 E231.70893
G1 X130.059 Y118.295 E231.72235
G1 X130.195 Y117.894 E231.73644
G1 X130.353 Y117.493 E231.75077
G1 X130.554 Y117.092 E231.76569
G1 X130.832 Y116.691 E231.78192
G1 X131.26 Y116.29 E231.80143
G1 X131.986 Y115.889 E231.82901
G1 X133.042 Y115.488 E231.86658
G1 X132.998 Y115.087 E231.88
G1 X132.82 Y114.58 E231.89787
G0 F9000 X135.118 Y114.58
G1 F1200 X135.005 Y114.686 E231.90302
G1 X134.279 Y115.087 E231.93061
G1 X133.223 Y115.488 E231.96818
G1 X133.267 Y115.889 E231.9816
G1 X133.403 Y116.29 E231.99568
G1 X133.561 Y116.691 E232.01001
G1 X133.762 Y117.092 E232.02493
G1 X134.04 Y117.493 E232.04116
G1 X134.468 Y117.894 E232.06067
G1 X135.194 Y118.295 E232.08826
G1 X136.25 Y118.696 E232.12582
G1 X136.206 Y119.097 E232.13924
G1 X136.07 Y119.498 E232.15333
G1 X135.912 Y119.899 E232.16766
G1 X135.711 Y120.3 E232.18258
G1 X135.629 Y120.419 E232.18739
G0 F9000 X138.979 Y120.419
G1 F1200 X138.919 Y120.3 E232.19182
G1 X138.641 Y119.899 E232.20805
G1 X138.213 Y119.498 E232.22756
G1 X137.487 Y119.097 E232.25514
G1 X136.431 Y118.696 E232.29271
G1 X136.475 Y118.295 E232.30613
G1 X136.611 Y117.894 E232.32021
G1 X136.769 Y117.493 E232.33455
G1 X136.97 Y117.092 E232.34947
G1 X137.248 Y116.691 E232.36569
G1 X137.676 Y116.29 E232.3852
G1 X138.402 Y115.889 E232.41279
G1 X139.458 Y115.488 E232.45036
G1 X139.414 Y115.087 E232.46377
G1 X139.236 Y114.58 E232.48165
G0 F9000 X141.534 Y114.58
G1 F1200 X141.421 Y114.686 E232.4868
G1 X140.695 Y115.087 E232.51438
G1 X139.639 Y115.488 E232.55195
G1 X139.683 Y115.889 E232.56537
G1 X139.819 Y116.29 E232.57946
G1 X139.977 Y116.691 E232.59379
G1 X140.178 Y117.092 E232.60871
G1 X140.456 Y117.493 E232.62494
G1 X140.884 Y117.894 E232.64445
G1 X141.61 Y118.295 E232.67203
G1 X142.666 Y118.696 E232.7096
G1 X142.622 Y119.097 E232.72302
G1 X142.486 Y119.498 E232.7371
G1 X142.328 Y119.899 E232.75144
G1 X142.127 Y120.3 E232.76636
G1 X142.045 Y120.419 E232.77116
G0 F9000 X145.395 Y120.419
G1 F1200 X145.335 Y120.3 E232.7756
G1 X145.057 Y119.899 E232.79182
G1 X144.629 Y119.498 E232.81133
G1 X143.903 Y119.097 E232.83892
G1 X142.847 Y118.696 E232.87649
G1 X142.891 Y118.295 E232.8899
G1 X143.027 Y117.894 E232.90399
G1 X143.185 Y117.493 E232.91832
G1 X143.386 Y117.092 E232.93324
G1 X143.664 Y116.691 E232.94947
G1 X144.092 Y116.29 E232.96898
G1 X144.818 Y115.889 E232.99656
G1 X145.874 Y115.488 E233.03413
G1 X145.83 Y115.087 E233.04755
G1 X145.652 Y114.58 E233.06542
G0 F9000 X147.95 Y114.58
G1 F1200 X147.837 Y114.686 E233.07058
G1 X147.111 Y115.087 E233.09816
G1 X146.055 Y115.488 E233.13573
G1 X146.099 Y115.889 E233.14915
G1 X146.235 Y116.29 E233.16323
G1 X146.393 Y116.691 E233.17757
G1 X146.594 Y117.092 E233.19249
G1 X146.872 Y117.493 E233.20871
G1 X147.3 Y117.894 E233.22822
G1 X148.026 Y118.295 E233.25581
G1 X149.082 Y118.696 E233.29338
G1 X149.038 Y119.097 E233.30679
G1 X148.902 Y119.498 E233.32088
G1 X148.744 Y119.899 E233.33521
G1 X148.543 Y120.3 E233.35013
G1 X148.461 Y120.419 E233.35494
G0 F9000 X151.811 Y120.419
G1 F1200 X151.751 Y120.3 E233.35937
G1 X151.473 Y119.899 E233.3756
G1 X151.045 Y119.498 E233.39511
G1 X150.319 Y119.097 E233.42269
G1 X149.263 Y118.696 E233.46026
G1 X149.307 Y118.295 E233.47368
G1 X149.443 Y117.894 E233.48776
G1 X149.601 Y117.493 E233.5021
G1 X149.802 Y117.092 E233.51702
G1 X150.08 Y116.691 E233.53325
G1 X150.508 Y116.29 E233.55275
G1 X151.234 Y115.889 E233.58034
G1 X152.29 Y115.488 E233.61791
G1 X152.246 Y115.087 E233.63133
G1 X152.068 Y114.58 E233.6492
G0 F9000 X152.679 Y115.409
G1 F1200 X152.471 Y115.488 E233.6566
G1 X152.482 Y115.591 E233.66004
G0 F9000 X154.062 Y114.792
G1 F1200 X154.253 Y114.686 E233.66731
G1 X154.413 Y114.536 E233.6746
G0 F9000 X155.799 Y115.313
G0 X156.978 Y116.26
G1 F1200 X157.65 Y115.889 E233.70013
G1 X158.42 Y115.597 E233.72752
G0 F9000 X156.752 Y119.106
G1 F1200 X157.461 Y119.498 E233.75447
G1 X157.889 Y119.899 E233.77398
G1 X158.167 Y120.3 E233.79021
G1 X158.227 Y120.42 E233.79467
G0 F9000 X155.011 Y120.196
G1 F1200 X154.852 Y120.455 E233.80478
G0 F9000 X154.85 Y120.395
;MESH:NONMESH
G0 F300 Z1
G0 F9000 X80.826 Y120.166
;TIME_ELAPSED:697.327392
;LAYER:4
;TYPE:WALL-INNER
;MESH:3mm_tpu.stl
G1 F659.3 X80.147 Y120.166 E233.82533
G1 F625 X79.554 Y120.037 E233.84471
G1 F600 X79.072 Y119.789 E233.86273
G1 X78.864 Y119.645 E233.87115
G1 X78.471 Y119.294 E233.88867
G1 X78.098 Y118.755 E233.91048
G1 X77.871 Y118.155 E233.93181
G1 X77.796 Y117.536 E233.95255
G1 X77.866 Y116.851 E233.97545
G1 X78.1 Y116.245 E233.99706
G1 X78.464 Y115.709 E234.01861
G1 X78.864 Y115.351 E234.03646
G1 X79.072 Y115.207 E234.04488
G1 X79.563 Y114.954 E234.06325
G1 F631.6 X80.173 Y114.834 E234.08289
G1 F661.2 X80.845 Y114.834 E234.10317
G1 F626.6 X81.436 Y114.956 E234.12239
G1 F600 X81.924 Y115.207 E234.14065
G1 X82.132 Y115.351 E234.14906
G1 X82.531 Y115.709 E234.16689
G1 X82.898 Y116.246 E234.18852
G1 X83.13 Y116.857 E234.21026
G1 X83.2 Y117.535 E234.23293
G1 X83.127 Y118.148 E234.25346
G1 X82.898 Y118.755 E234.27504
G1 X82.527 Y119.291 E234.29672
G1 X82.132 Y119.645 E234.31436
G1 X81.923 Y119.789 E234.32281
G1 X81.44 Y120.038 E234.34088
G1 F631.6 X80.826 Y120.166 E234.3607
G0 F9000 X80.776 Y119.788
G1 F600 X80.217 Y119.788 E234.37929
G1 X79.68 Y119.653 E234.39771
G1 X79.19 Y119.4 E234.41605
G1 X78.773 Y119.027 E234.43466
G1 X78.455 Y118.567 E234.45326
G1 X78.261 Y118.056 E234.47143
G1 X78.195 Y117.501 E234.49002
G1 X78.259 Y116.945 E234.50864
G1 X78.456 Y116.431 E234.52695
G1 X78.768 Y115.974 E234.54535
G1 X79.19 Y115.596 E234.56419
G1 X79.685 Y115.341 E234.58271
G1 X80.221 Y115.212 E234.60105
G1 X80.78 Y115.212 E234.61964
G1 X81.312 Y115.341 E234.63785
G1 X81.806 Y115.596 E234.65634
G1 X82.228 Y115.974 E234.67518
G1 X82.54 Y116.432 E234.69362
G1 X82.736 Y116.943 E234.71182
G1 X82.796 Y117.5 E234.73045
G1 X82.738 Y118.048 E234.74878
G1 X82.54 Y118.569 E234.76732
G1 X82.225 Y119.025 E234.78575
G1 X81.808 Y119.398 E234.80436
G1 X81.312 Y119.654 E234.82293
G1 X80.776 Y119.788 E234.8413
G0 F9000 X80.776 Y120.098
G0 X117.5 Y120.499
G1 F600 X153.596 Y120.499 E236.04186
G1 F634.9 X154.292 Y120.522 E236.06375
G1 F674.2 X154.704 Y120.522 E236.07594
G1 F634.9 X155.4 Y120.499 E236.09783
G1 F600 X158.5 Y120.5 E236.20094
G1 X158.5 Y114.5 E236.4005
G1 X155.388 Y114.5 E236.504
G1 F634.9 X154.704 Y114.478 E236.52551
G1 F674.2 X154.292 Y114.478 E236.53771
G1 F634.9 X153.608 Y114.5 E236.55922
G1 F600 X81.388 Y114.5 E238.96127
G1 F634.9 X80.704 Y114.478 E238.98278
G1 F674.2 X80.292 Y114.478 E238.99497
G1 F634.9 X79.608 Y114.5 E239.01648
G1 F600 X76.501 Y114.501 E239.11982
G1 X76.5 Y120.5 E239.31935
G1 X79.596 Y120.499 E239.42232
G1 F634.9 X80.292 Y120.522 E239.44421
G1 F674.2 X80.704 Y120.522 E239.45641
G1 F634.9 X81.4 Y120.499 E239.47829
G1 F600 X117.5 Y120.499 E240.67898
G0 F9000 X117.5 Y120.9
G1 F600 X158.9 Y120.9 E242.05595
G1 X158.9 Y114.1 E242.28212
G1 X76.101 Y114.101 E245.03603
G1 X76.1 Y120.9 E245.26216
G1 X117.5 Y120.9 E246.63913
G0 F9000 X117.5 Y120.59
G0 X154.147 Y120.166
G1 F625 X153.554 Y120.037 E246.65851
G1 F600 X153.072 Y119.789 E246.67654
G1 X152.864 Y119.645 E246.68495
G1 X152.471 Y119.294 E246.70248
G1 X152.098 Y118.755 E246.72428
G1 X151.869 Y118.148 E246.74586
G1 X151.796 Y117.535 E246.76639
G1 X151.866 Y116.857 E246.78906
G1 X152.098 Y116.246 E246.8108
G1 X152.465 Y115.709 E246.83243
G1 X152.864 Y115.351 E246.85026
G1 X153.072 Y115.207 E246.85868
G1 X153.563 Y114.954 E246.87705
G1 F631.6 X154.173 Y114.834 E246.89669
G1 F661.2 X154.845 Y114.834 E246.91697
G1 F626.6 X155.436 Y114.956 E246.93619
G1 F600 X155.924 Y115.207 E246.95444
G1 X156.132 Y115.351 E246.96286
G1 X156.532 Y115.709 E246.98071
G1 X156.896 Y116.245 E247.00226
G1 X157.128 Y116.847 E247.02372
G1 X157.196 Y117.5 E247.04556
G1 X157.126 Y118.152 E247.06737
G1 X156.895 Y118.759 E247.08897
G1 X156.528 Y119.29 E247.11044
G1 X156.132 Y119.645 E247.12813
G1 X155.923 Y119.789 E247.13657
G1 X155.44 Y120.038 E247.15464
G1 F631.6 X154.826 Y120.166 E247.17446
G1 F659.3 X154.147 Y120.166 E247.19501
G0 F9000 X154.217 Y119.788
G1 F600 X153.68 Y119.653 E247.21343
G1 X153.191 Y119.4 E247.23174
G1 X152.773 Y119.028 E247.25035
G1 X152.456 Y118.569 E247.2689
G1 X152.26 Y118.052 E247.28729
G1 X152.2 Y117.5 E247.30576
G1 X152.26 Y116.944 E247.32436
G1 X152.456 Y116.431 E247.34263
G1 X152.768 Y115.974 E247.36103
G1 X153.19 Y115.596 E247.37987
G1 X153.685 Y115.341 E247.39839
G1 X154.221 Y115.212 E247.41673
G1 X154.78 Y115.212 E247.43532
G1 X155.312 Y115.341 E247.45353
G1 X155.806 Y115.596 E247.47202
G1 X156.228 Y115.974 E247.49086
G1 X156.54 Y116.432 E247.5093
G1 X156.736 Y116.943 E247.5275
G1 X156.796 Y117.5 E247.54613
G1 X156.735 Y118.055 E247.5647
G1 X156.539 Y118.57 E247.58303
G1 X156.225 Y119.024 E247.60139
G1 X155.809 Y119.398 E247.62
G1 X155.312 Y119.654 E247.63859
G1 X154.776 Y119.788 E247.65697
G1 X154.217 Y119.788 E247.67556
G0 F9000 X154.243 Y119.382
;TYPE:WALL-OUTER
G1 F600 X153.804 Y119.266 E247.69066
G1 X153.398 Y119.049 E247.70597
G1 X153.09 Y118.774 E247.71971
G1 X152.804 Y118.359 E247.73647
G1 X152.66 Y117.979 E247.74998
G1 X152.601 Y117.524 E247.76524
G1 X152.649 Y117.064 E247.78063
G1 X152.826 Y116.599 E247.79718
G1 X153.058 Y116.259 E247.81087
G1 X153.417 Y115.93 E247.82706
G1 X153.848 Y115.713 E247.84311
G1 X154.257 Y115.614 E247.85711
G1 X154.752 Y115.617 E247.87357
G1 X155.148 Y115.713 E247.88712
G1 X155.579 Y115.93 E247.90317
G1 X155.938 Y116.259 E247.91937
G1 X156.17 Y116.599 E247.93306
G1 X156.347 Y117.064 E247.94961
G1 X156.396 Y117.5 E247.9642
G1 X156.346 Y117.943 E247.97903
G1 X156.169 Y118.402 E247.99539
G1 X155.937 Y118.738 E248.00897
G1 X155.579 Y119.066 E248.02512
G1 X155.15 Y119.282 E248.0411
G1 X154.739 Y119.386 E248.0552
G1 X154.243 Y119.382 E248.07169
G0 F9000 X154.074 Y120.07
G0 X117.5 Y120.59
G0 X117.5 Y121.3
G1 F600 X159.3 Y121.3 E249.46197
G1 X159.3 Y113.7 E249.71475
G1 X75.701 Y113.701 E252.49526
G1 X75.7 Y121.3 E252.748
G1 X117.5 Y121.3 E254.13828
G0 F9000 X117.5 Y120.59
G0 X80.907 Y120.075
G0 X80.739 Y119.386
G1 F600 X80.243 Y119.382 E254.15477
G1 X79.804 Y119.266 E254.16988
G1 X79.398 Y119.049 E254.18519
G1 X79.09 Y118.774 E254.19892
G1 X78.804 Y118.359 E254.21568
G1 X78.65 Y117.943 E254.23044
G1 X78.601 Y117.524 E254.24447
G1 X78.649 Y117.064 E254.25985
G1 X78.826 Y116.599 E254.2764
G1 X79.058 Y116.259 E254.29009
G1 X79.417 Y115.93 E254.30629
G1 X79.848 Y115.713 E254.32234
G1 X80.257 Y115.614 E254.33633
G1 X80.752 Y115.617 E254.3528
G1 X81.148 Y115.713 E254.36635
G1 X81.579 Y115.93 E254.3824
G1 X81.938 Y116.259 E254.39859
G1 X82.17 Y116.599 E254.41229
G1 X82.347 Y117.064 E254.42883
G1 X82.396 Y117.5 E254.44343
G1 X82.336 Y117.979 E254.45948
G1 X82.192 Y118.359 E254.473
G1 X81.937 Y118.738 E254.48819
G1 X81.579 Y119.066 E254.50434
G1 X81.15 Y119.282 E254.52032
G1 X80.739 Y119.386 E254.53442
G0 F9000 X81.168 Y120.169
;TYPE:FILL
G1 F1200 X81.365 Y120.422 E254.54508
G0 F9000 X78.617 Y119.531
G1 F1200 X78.596 Y119.547 E254.54596
G1 X78.195 Y120.129 E254.56947
G1 X77.968 Y120.42 E254.58174
G0 F9000 X77.798 Y118.19
G1 F1200 X77.393 Y118.124 E254.59539
G1 X76.992 Y117.988 E254.60947
G1 X76.58 Y117.763 E254.62509
G0 F9000 X76.581 Y114.918
G1 F1200 X76.992 Y114.78 E254.63951
G1 X77.362 Y114.581 E254.65348
G0 F9000 X81.765 Y114.58
G1 F1200 X81.804 Y114.636 E254.65575
G1 X82.205 Y114.936 E254.67241
G1 X82.606 Y114.982 E254.68583
G1 X83.007 Y114.916 E254.69935
G1 X83.408 Y114.78 E254.71343
G1 X83.779 Y114.58 E254.72745
G0 F9000 X83.238 Y117.896
G1 F1200 X83.408 Y117.988 E254.73388
G1 X83.809 Y118.124 E254.74796
G1 X84.21 Y118.19 E254.76148
G1 X84.611 Y118.144 E254.7749
G1 X85.012 Y117.844 E254.79156
G1 X85.413 Y117.262 E254.81507
G1 X85.814 Y116.749 E254.83672
G1 X86.215 Y116.411 E254.85417
G1 X86.616 Y116.195 E254.86932
G1 X87.017 Y116.059 E254.8834
G1 X87.418 Y115.993 E254.89692
G1 X87.819 Y116.039 E254.91034
G1 X88.22 Y116.339 E254.927
G1 X88.621 Y116.921 E254.95051
G1 X89.022 Y117.434 E254.97216
G1 X89.423 Y117.772 E254.98961
G1 X89.824 Y117.988 E255.00476
G1 X90.225 Y118.124 E255.01884
G1 X90.626 Y118.19 E255.03236
G1 X91.027 Y118.144 E255.04578
G1 X91.428 Y117.844 E255.06244
G1 X91.829 Y117.262 E255.08594
G1 X92.23 Y116.749 E255.1076
G1 X92.631 Y116.411 E255.12504
G1 X93.032 Y116.195 E255.14019
G1 X93.433 Y116.059 E255.15428
G1 X93.834 Y115.993 E255.16779
G1 X94.235 Y116.039 E255.18122
G1 X94.636 Y116.339 E255.19787
G1 X95.037 Y116.921 E255.22138
G1 X95.438 Y117.434 E255.24304
G1 X95.839 Y117.772 E255.26048
G1 X96.24 Y117.988 E255.27563
G1 X96.641 Y118.124 E255.28971
G1 X97.042 Y118.19 E255.30323
G1 X97.443 Y118.144 E255.31666
G1 X97.844 Y117.844 E255.33331
G1 X98.245 Y117.262 E255.35682
G1 X98.646 Y116.749 E255.37848
G1 X99.047 Y116.411 E255.39592
G1 X99.448 Y116.195 E255.41107
G1 X99.849 Y116.059 E255.42515
G1 X100.25 Y115.993 E255.43867
G1 X100.651 Y116.039 E255.45209
G1 X101.052 Y116.339 E255.46875
G1 X101.453 Y116.921 E255.49226
G1 X101.854 Y117.434 E255.51391
G1 X102.255 Y117.772 E255.53136
G1 X102.656 Y117.988 E255.54651
G1 X103.057 Y118.124 E255.56059
G1 X103.458 Y118.19 E255.57411
G1 X103.859 Y118.144 E255.58753
G1 X104.26 Y117.844 E255.60419
G1 X104.661 Y117.262 E255.6277
G1 X105.062 Y116.749 E255.64935
G1 X105.463 Y116.411 E255.6668
G1 X105.864 Y116.195 E255.68195
G1 X106.265 Y116.059 E255.69603
G1 X106.666 Y115.993 E255.70955
G1 X107.067 Y116.039 E255.72297
G1 X107.468 Y116.339 E255.73963
G1 X107.869 Y116.921 E255.76313
G1 X108.27 Y117.434 E255.78479
G1 X108.671 Y117.772 E255.80223
G1 X109.072 Y117.988 E255.81738
G1 X109.473 Y118.124 E255.83147
G1 X109.874 Y118.19 E255.84498
G1 X110.275 Y118.144 E255.85841
G1 X110.676 Y117.844 E255.87507
G1 X111.077 Y117.262 E255.89857
G1 X111.478 Y116.749 E255.92023
G1 X111.879 Y116.411 E255.93767
G1 X112.28 Y116.195 E255.95282
G1 X112.681 Y116.059 E255.9669
G1 X113.082 Y115.993 E255.98042
G1 X113.483 Y116.039 E255.99385
G1 X113.884 Y116.339 E256.0105
G1 X114.285 Y116.921 E256.03401
G1 X114.686 Y117.434 E256.05567
G1 X115.087 Y117.772 E256.07311
G1 X115.488 Y117.988 E256.08826
G1 X115.889 Y118.124 E256.10234
G1 X116.29 Y118.19 E256.11586
G1 X116.691 Y118.144 E256.12928
G1 X117.092 Y117.844 E256.14594
G1 X117.493 Y117.262 E256.16945
G1 X117.894 Y116.749 E256.19111
G1 X118.295 Y116.411 E256.20855
G1 X118.696 Y116.195 E256.2237
G1 X119.097 Y116.059 E256.23778
G1 X119.498 Y115.993 E256.2513
G1 X119.899 Y116.039 E256.26472
G1 X120.3 Y116.339 E256.28138
G1 X120.701 Y116.921 E256.30489
G1 X121.102 Y117.434 E256.32654
G1 X121.503 Y117.772 E256.34399
G1 X121.904 Y117.988 E256.35914
G1 X122.305 Y118.124 E256.37322
G1 X122.706 Y118.19 E256.38674
G1 X123.107 Y118.144 E256.40016
G1 X123.508 Y117.844 E256.41682
G1 X123.909 Y117.262 E256.44032
G1 X124.31 Y116.749 E256.46198
G1 X124.711 Y116.411 E256.47942
G1 X125.112 Y116.195 E256.49457
G1 X125.513 Y116.059 E256.50866
G1 X125.914 Y115.993 E256.52217
G1 X126.315 Y116.039 E256.5356
G1 X126.716 Y116.339 E256.55226
G1 X127.117 Y116.921 E256.57576
G1 X127.518 Y117.434 E256.59742
G1 X127.919 Y117.772 E256.61486
G1 X128.32 Y117.988 E256.63001
G1 X128.721 Y118.124 E256.64409
G1 X129.122 Y118.19 E256.65761
G1 X129.523 Y118.144 E256.67104
G1 X129.924 Y117.844 E256.68769
G1 X130.325 Y117.262 E256.7112
G1 X130.726 Y116.749 E256.73286
G1 X131.127 Y116.411 E256.7503
G1 X131.528 Y116.195 E256.76545
G1 X131.929 Y116.059 E256.77953
G1 X132.33 Y115.993 E256.79305
G1 X132.731 Y116.039 E256.80647
G1 X133.132 Y116.339 E256.82313
G1 X133.533 Y116.921 E256.84664
G1 X133.934 Y117.434 E256.8683
G1 X134.335 Y117.772 E256.88574
G1 X134.736 Y117.988 E256.90089
G1 X135.137 Y118.124 E256.91497
G1 X135.538 Y118.19 E256.92849
G1 X135.939 Y118.144 E256.94191
G1 X136.34 Y117.844 E256.95857
G1 X136.741 Y117.262 E256.98208
G1 X137.142 Y116.749 E257.00373
G1 X137.543 Y116.411 E257.02118
G1 X137.944 Y116.195 E257.03633
G1 X138.345 Y116.059 E257.05041
G1 X138.746 Y115.993 E257.06393
G1 X139.147 Y116.039 E257.07735
G1 X139.548 Y116.339 E257.09401
G1 X139.949 Y116.921 E257.11751
G1 X140.35 Y117.434 E257.13917
G1 X140.751 Y117.772 E257.15661
G1 X141.152 Y117.988 E257.17176
G1 X141.553 Y118.124 E257.18585
G1 X141.954 Y118.19 E257.19936
G1 X142.355 Y118.144 E257.21279
G1 X142.756 Y117.844 E257.22945
G1 X143.157 Y117.262 E257.25295
G1 X143.558 Y116.749 E257.27461
G1 X143.959 Y116.411 E257.29205
G1 X144.36 Y116.195 E257.3072
G1 X144.761 Y116.059 E257.32128
G1 X145.162 Y115.993 E257.3348
G1 X145.563 Y116.039 E257.34823
G1 X145.964 Y116.339 E257.36488
G1 X146.365 Y116.921 E257.38839
G1 X146.766 Y117.434 E257.41005
G1 X147.167 Y117.772 E257.42749
G1 X147.568 Y117.988 E257.44264
G1 X147.969 Y118.124 E257.45672
G1 X148.37 Y118.19 E257.47024
G1 X148.771 Y118.144 E257.48366
G1 X149.172 Y117.844 E257.50032
G1 X149.573 Y117.262 E257.52383
G1 X149.974 Y116.749 E257.54549
G1 X150.375 Y116.411 E257.56293
G1 X150.776 Y116.195 E257.57808
G1 X151.177 Y116.059 E257.59216
G1 X151.578 Y115.993 E257.60568
G1 X151.979 Y116.039 E257.6191
G1 X152.09 Y116.122 E257.62371
G0 F9000 X152.341 Y114.58
G1 F1200 X152.38 Y114.636 E257.62598
G1 X152.781 Y114.936 E257.64264
G1 X153.182 Y114.982 E257.65606
G1 X153.409 Y114.945 E257.66371
G0 F9000 X153.861 Y114.822
G1 F1200 X153.984 Y114.78 E257.66804
G1 X154.385 Y114.564 E257.68319
G1 X154.418 Y114.536 E257.68462
G0 F9000 X155.8 Y115.313
G0 X156.998 Y116.299
G1 F1200 X157.192 Y116.195 E257.69195
G1 X157.593 Y116.059 E257.70603
G1 X157.994 Y115.993 E257.71955
G1 X158.395 Y116.039 E257.73297
G1 X158.42 Y116.058 E257.73402
G0 F9000 X156.655 Y119.245
G1 F1200 X156.791 Y119.267 E257.7386
G1 X157.192 Y119.403 E257.75268
G1 X157.593 Y119.619 E257.76783
G1 X157.994 Y119.957 E257.78527
G1 X158.356 Y120.42 E257.80482
G0 F9000 X155.154 Y120.172
G1 F1200 X154.937 Y120.449 E257.81652
G0 F9000 X151.939 Y120.419
G1 F1200 X151.578 Y119.957 E257.83603
G1 X151.177 Y119.619 E257.85347
G1 X150.776 Y119.403 E257.86862
G1 X150.375 Y119.267 E257.8827
G1 X149.974 Y119.201 E257.89622
G1 X149.573 Y119.247 E257.90964
G1 X149.172 Y119.547 E257.9263
G1 X148.771 Y120.129 E257.94981
G1 X148.544 Y120.419 E257.96206
G0 F9000 X145.523 Y120.419
G1 F1200 X145.162 Y119.957 E257.98156
G1 X144.761 Y119.619 E257.999
G1 X144.36 Y119.403 E258.01415
G1 X143.959 Y119.267 E258.02823
G1 X143.558 Y119.201 E258.04175
G1 X143.157 Y119.247 E258.05517
G1 X142.756 Y119.547 E258.07183
G1 X142.355 Y120.129 E258.09534
G1 X142.128 Y120.419 E258.10759
G0 F9000 X139.107 Y120.419
G1 F1200 X138.746 Y119.957 E258.12709
G1 X138.345 Y119.619 E258.14453
G1 X137.944 Y119.403 E258.15968
G1 X137.543 Y119.267 E258.17376
G1 X137.142 Y119.201 E258.18728
G1 X136.741 Y119.247 E258.20071
G1 X136.34 Y119.547 E258.21736
G1 X135.939 Y120.129 E258.24087
G1 X135.712 Y120.419 E258.25312
G0 F9000 X132.691 Y120.419
G1 F1200 X132.33 Y119.957 E258.27262
G1 X131.929 Y119.619 E258.29006
G1 X131.528 Y119.403 E258.30521
G1 X131.127 Y119.267 E258.31929
G1 X130.726 Y119.201 E258.33281
G1 X130.325 Y119.247 E258.34624
G1 X129.924 Y119.547 E258.36289
G1 X129.523 Y120.129 E258.3864
G1 X129.296 Y120.419 E258.39865
G0 F9000 X126.275 Y120.419
G1 F1200 X125.914 Y119.957 E258.41815
G1 X125.513 Y119.619 E258.43559
G1 X125.112 Y119.403 E258.45074
G1 X124.711 Y119.267 E258.46483
G1 X124.31 Y119.201 E258.47834
G1 X123.909 Y119.247 E258.49177
G1 X123.508 Y119.547 E258.50842
G1 X123.107 Y120.129 E258.53193
G1 X122.88 Y120.419 E258.54418
G0 F9000 X119.859 Y120.419
G1 F1200 X119.498 Y119.957 E258.56368
G1 X119.097 Y119.619 E258.58112
G1 X118.696 Y119.403 E258.59627
G1 X118.295 Y119.267 E258.61036
G1 X117.894 Y119.201 E258.62387
G1 X117.493 Y119.247 E258.6373
G1 X117.092 Y119.547 E258.65396
G1 X116.691 Y120.129 E258.67746
G1 X116.464 Y120.419 E258.68971
G0 F9000 X113.443 Y120.419
G1 F1200 X113.082 Y119.957 E258.70921
G1 X112.681 Y119.619 E258.72666
G1 X112.28 Y119.403 E258.74181
G1 X111.879 Y119.267 E258.75589
G1 X111.478 Y119.201 E258.76941
G1 X111.077 Y119.247 E258.78283
G1 X110.676 Y119.547 E258.79949
G1 X110.275 Y120.129 E258.82299
G1 X110.048 Y120.419 E258.83524
G0 F9000 X107.027 Y120.419
G1 F1200 X106.666 Y119.957 E258.85474
G1 X106.265 Y119.619 E258.87219
G1 X105.864 Y119.403 E258.88734
G1 X105.463 Y119.267 E258.90142
G1 X105.062 Y119.201 E258.91494
G1 X104.661 Y119.247 E258.92836
G1 X104.26 Y119.547 E258.94502
G1 X103.859 Y120.129 E258.96853
G1 X103.632 Y120.419 E258.98077
G0 F9000 X100.611 Y120.419
G1 F1200 X100.25 Y119.957 E259.00028
G1 X99.849 Y119.619 E259.01772
G1 X99.448 Y119.403 E259.03287
G1 X99.047 Y119.267 E259.04695
G1 X98.646 Y119.201 E259.06047
G1 X98.245 Y119.247 E259.07389
G1 X97.844 Y119.547 E259.09055
G1 X97.443 Y120.129 E259.11406
G1 X97.216 Y120.419 E259.12631
G0 F9000 X94.195 Y120.419
G1 F1200 X93.834 Y119.957 E259.14581
G1 X93.433 Y119.619 E259.16325
G1 X93.032 Y119.403 E259.1784
G1 X92.631 Y119.267 E259.19248
G1 X92.23 Y119.201 E259.206
G1 X91.829 Y119.247 E259.21942
G1 X91.428 Y119.547 E259.23608
G1 X91.027 Y120.129 E259.25959
G1 X90.8 Y120.419 E259.27184
G0 F9000 X87.779 Y120.419
G1 F1200 X87.418 Y119.957 E259.29134
G1 X87.017 Y119.619 E259.30878
G1 X86.616 Y119.403 E259.32393
G1 X86.215 Y119.267 E259.33801
G1 X85.814 Y119.201 E259.35153
G1 X85.413 Y119.247 E259.36496
G1 X85.012 Y119.547 E259.38161
G1 X84.611 Y120.129 E259.40512
G1 X84.384 Y120.419 E259.41737
G0 F9000 X88.181 Y114.58
G1 F1200 X88.22 Y114.636 E259.41964
G1 X88.621 Y114.936 E259.43629
G1 X89.022 Y114.982 E259.44972
G1 X89.423 Y114.916 E259.46324
G1 X89.824 Y114.78 E259.47732
G1 X90.195 Y114.58 E259.49134
G0 F9000 X94.597 Y114.58
G1 F1200 X94.636 Y114.636 E259.49361
G1 X95.037 Y114.936 E259.51026
G1 X95.438 Y114.982 E259.52369
G1 X95.839 Y114.916 E259.53721
G1 X96.24 Y114.78 E259.55129
G1 X96.611 Y114.58 E259.56531
G0 F9000 X101.013 Y114.58
G1 F1200 X101.052 Y114.636 E259.56758
G1 X101.453 Y114.936 E259.58423
G1 X101.854 Y114.982 E259.59766
G1 X102.255 Y114.916 E259.61118
G1 X102.656 Y114.78 E259.62526
G1 X103.027 Y114.58 E259.63928
G0 F9000 X107.429 Y114.58
G1 F1200 X107.468 Y114.636 E259.64155
G1 X107.869 Y114.936 E259.6582
G1 X108.27 Y114.982 E259.67163
G1 X108.671 Y114.916 E259.68515
G1 X109.072 Y114.78 E259.69923
G1 X109.443 Y114.58 E259.71325
G0 F9000 X113.845 Y114.58
G1 F1200 X113.884 Y114.636 E259.71552
G1 X114.285 Y114.936 E259.73217
G1 X114.686 Y114.982 E259.7456
G1 X115.087 Y114.916 E259.75912
G1 X115.488 Y114.78 E259.7732
G1 X115.859 Y114.58 E259.78722
G0 F9000 X120.261 Y114.58
G1 F1200 X120.3 Y114.636 E259.78949
G1 X120.701 Y114.936 E259.80614
G1 X121.102 Y114.982 E259.81957
G1 X121.503 Y114.916 E259.83309
G1 X121.904 Y114.78 E259.84717
G1 X122.275 Y114.58 E259.86119
G0 F9000 X126.677 Y114.58
G1 F1200 X126.716 Y114.636 E259.86346
G1 X127.117 Y114.936 E259.88011
G1 X127.518 Y114.982 E259.89354
G1 X127.919 Y114.916 E259.90705
G1 X128.32 Y114.78 E259.92114
G1 X128.691 Y114.58 E259.93516
G0 F9000 X133.093 Y114.58
G1 F1200 X133.132 Y114.636 E259.93743
G1 X133.533 Y114.936 E259.95408
G1 X133.934 Y114.982 E259.96751
G1 X134.335 Y114.916 E259.98102
G1 X134.736 Y114.78 E259.99511
G1 X135.107 Y114.58 E260.00913
G0 F9000 X139.509 Y114.58
G1 F1200 X139.548 Y114.636 E260.0114
G1 X139.949 Y114.936 E260.02805
G1 X140.35 Y114.982 E260.04148
G1 X140.751 Y114.916 E260.05499
G1 X141.152 Y114.78 E260.06908
G1 X141.523 Y114.58 E260.0831
G0 F9000 X145.925 Y114.58
G1 F1200 X145.964 Y114.636 E260.08537
G1 X146.365 Y114.936 E260.10202
G1 X146.766 Y114.982 E260.11545
G1 X147.167 Y114.916 E260.12896
G1 X147.568 Y114.78 E260.14305
G1 X147.939 Y114.58 E260.15707
G0 F9000 X147.939 Y114.71
;MESH:NONMESH
G0 F300 Z1.2
G0 F9000 X80.826 Y120.166
;TIME_ELAPSED:776.727197
;LAYER:5
;TYPE:WALL-INNER
;MESH:3mm_tpu.stl
G1 F659.3 X80.147 Y120.166 E260.17762
G1 F625 X79.554 Y120.037 E260.19699
G1 F600 X79.072 Y119.789 E260.21502
G1 X78.864 Y119.645 E260.22344
G1 X78.471 Y119.294 E260.24096
G1 X78.098 Y118.755 E260.26276
G1 X77.871 Y118.155 E260.2841
G1 X77.796 Y117.536 E260.30484
G1 X77.866 Y116.851 E260.32774
G1 X78.1 Y116.245 E260.34935
G1 X78.464 Y115.709 E260.3709
G1 X78.864 Y115.351 E260.38875
G1 X79.072 Y115.207 E260.39717
G1 X79.563 Y114.954 E260.41554
G1 F631.6 X80.173 Y114.834 E260.43518
G1 F661.2 X80.845 Y114.834 E260.45546
G1 F626.6 X81.436 Y114.956 E260.47468
G1 F600 X81.924 Y115.207 E260.49293
G1 X82.132 Y115.351 E260.50135
G1 X82.531 Y115.709 E260.51918
G1 X82.898 Y116.246 E260.54081
G1 X83.13 Y116.857 E260.56255
G1 X83.2 Y117.535 E260.58522
G1 X83.127 Y118.148 E260.60575
G1 X82.898 Y118.755 E260.62733
G1 X82.527 Y119.291 E260.64901
G1 X82.132 Y119.645 E260.66665
G1 X81.923 Y119.789 E260.67509
G1 X81.44 Y120.038 E260.69317
G1 F631.6 X80.826 Y120.166 E260.71299
G0 F9000 X80.776 Y119.788
G1 F600 X80.217 Y119.788 E260.73158
G1 X79.68 Y119.653 E260.74999
G1 X79.19 Y119.4 E260.76834
G1 X78.773 Y119.027 E260.78694
G1 X78.455 Y118.567 E260.80554
G1 X78.261 Y118.056 E260.82372
G1 X78.195 Y117.501 E260.84231
G1 X78.259 Y116.945 E260.86093
G1 X78.456 Y116.431 E260.87924
G1 X78.768 Y115.974 E260.89764
G1 X79.19 Y115.596 E260.91648
G1 X79.685 Y115.341 E260.935
G1 X80.221 Y115.212 E260.95334
G1 X80.78 Y115.212 E260.97193
G1 X81.312 Y115.341 E260.99014
G1 X81.806 Y115.596 E261.00863
G1 X82.228 Y115.974 E261.02747
G1 X82.54 Y116.432 E261.04591
G1 X82.736 Y116.943 E261.06411
G1 X82.796 Y117.5 E261.08274
G1 X82.738 Y118.048 E261.10107
G1 X82.54 Y118.569 E261.11961
G1 X82.225 Y119.025 E261.13804
G1 X81.808 Y119.398 E261.15665
G1 X81.312 Y119.654 E261.17521
G1 X80.776 Y119.788 E261.19359
G0 F9000 X80.776 Y120.098
G0 X117.5 Y120.499
G1 F600 X153.596 Y120.499 E262.39415
G1 F634.9 X154.292 Y120.522 E262.41604
G1 F674.2 X154.704 Y120.522 E262.42823
G1 F634.9 X155.4 Y120.499 E262.45012
G1 F600 X158.5 Y120.5 E262.55323
G1 X158.5 Y114.5 E262.75279
G1 X155.388 Y114.5 E262.85629
G1 F634.9 X154.704 Y114.478 E262.8778
G1 F674.2 X154.292 Y114.478 E262.89
G1 F634.9 X153.608 Y114.5 E262.91151
G1 F600 X81.388 Y114.5 E265.31355
G1 F634.9 X80.704 Y114.478 E265.33506
G1 F674.2 X80.292 Y114.478 E265.34726
G1 F634.9 X79.608 Y114.5 E265.36877
G1 F600 X76.501 Y114.501 E265.47211
G1 X76.5 Y120.5 E265.67164
G1 X79.596 Y120.499 E265.77461
G1 F634.9 X80.292 Y120.522 E265.7965
G1 F674.2 X80.704 Y120.522 E265.80869
G1 F634.9 X81.4 Y120.499 E265.83058
G1 F600 X117.5 Y120.499 E267.03127
G0 F9000 X117.5 Y120.9
G1 F600 X158.9 Y120.9 E268.40824
G1 X158.9 Y114.1 E268.63441
G1 X76.101 Y114.101 E271.38832
G1 X76.1 Y120.9 E271.61445
G1 X117.5 Y120.9 E272.99142
G0 F9000 X117.5 Y120.59
G0 X154.147 Y120.166
G1 F625 X153.554 Y120.037 E273.0108
G1 F600 X153.072 Y119.789 E273.02883
G1 X152.864 Y119.645 E273.03724
G1 X152.471 Y119.294 E273.05477
G1 X152.098 Y118.755 E273.07657
G1 X151.869 Y118.148 E273.09815
G1 X151.796 Y117.535 E273.11868
G1 X151.866 Y116.857 E273.14135
G1 X152.098 Y116.246 E273.16309
G1 X152.465 Y115.709 E273.18472
G1 X152.864 Y115.351 E273.20255
G1 X153.072 Y115.207 E273.21096
G1 X153.563 Y114.954 E273.22934
G1 F631.6 X154.173 Y114.834 E273.24898
G1 F661.2 X154.845 Y114.834 E273.26926
G1 F626.6 X155.436 Y114.956 E273.28848
G1 F600 X155.924 Y115.207 E273.30673
G1 X156.132 Y115.351 E273.31515
G1 X156.532 Y115.709 E273.333
G1 X156.896 Y116.245 E273.35455
G1 X157.128 Y116.847 E273.37601
G1 X157.196 Y117.5 E273.39785
G1 X157.126 Y118.152 E273.41966
G1 X156.895 Y118.759 E273.44126
G1 X156.528 Y119.29 E273.46273
G1 X156.132 Y119.645 E273.48042
G1 X155.923 Y119.789 E273.48886
G1 X155.44 Y120.038 E273.50693
G1 F631.6 X154.826 Y120.166 E273.52675
G1 F659.3 X154.147 Y120.166 E273.5473
G0 F9000 X154.217 Y119.788
G1 F600 X153.68 Y119.653 E273.56572
G1 X153.191 Y119.4 E273.58403
G1 X152.773 Y119.028 E273.60264
G1 X152.456 Y118.569 E273.62119
G1 X152.26 Y118.052 E273.63958
G1 X152.2 Y117.5 E273.65805
G1 X152.26 Y116.944 E273.67665
G1 X152.456 Y116.431 E273.69492
G1 X152.768 Y115.974 E273.71332
G1 X153.19 Y115.596 E273.73216
G1 X153.685 Y115.341 E273.75068
G1 X154.221 Y115.212 E273.76902
G1 X154.78 Y115.212 E273.78761
G1 X155.312 Y115.341 E273.80582
G1 X155.806 Y115.596 E273.82431
G1 X156.228 Y115.974 E273.84315
G1 X156.54 Y116.432 E273.86158
G1 X156.736 Y116.943 E273.87979
G1 X156.796 Y117.5 E273.89842
G1 X156.735 Y118.055 E273.91699
G1 X156.539 Y118.57 E273.93532
G1 X156.225 Y119.024 E273.95368
G1 X155.809 Y119.398 E273.97228
G1 X155.312 Y119.654 E273.99088
G1 X154.776 Y119.788 E274.00925
G1 X154.217 Y119.788 E274.02785
G0 F9000 X154.243 Y119.382
;TYPE:WALL-OUTER
G1 F600 X153.804 Y119.266 E274.04295
G1 X153.398 Y119.049 E274.05826
G1 X153.09 Y118.774 E274.07199
G1 X152.804 Y118.359 E274.08876
G1 X152.66 Y117.979 E274.10227
G1 X152.601 Y117.524 E274.11753
G1 X152.649 Y117.064 E274.13292
G1 X152.826 Y116.599 E274.14946
G1 X153.058 Y116.259 E274.16315
G1 X153.417 Y115.93 E274.17935
G1 X153.848 Y115.713 E274.1954
G1 X154.257 Y115.614 E274.2094
G1 X154.752 Y115.617 E274.22586
G1 X155.148 Y115.713 E274.23941
G1 X155.579 Y115.93 E274.25546
G1 X155.938 Y116.259 E274.27166
G1 X156.17 Y116.599 E274.28535
G1 X156.347 Y117.064 E274.3019
G1 X156.396 Y117.5 E274.31649
G1 X156.346 Y117.943 E274.33132
G1 X156.169 Y118.402 E274.34768
G1 X155.937 Y118.738 E274.36126
G1 X155.579 Y119.066 E274.37741
G1 X155.15 Y119.282 E274.39339
G1 X154.739 Y119.386 E274.40749
G1 X154.243 Y119.382 E274.42398
G0 F9000 X154.074 Y120.07
G0 X117.5 Y120.59
G0 X117.5 Y121.3
G1 F600 X159.3 Y121.3 E275.81426
G1 X159.3 Y113.7 E276.06703
G1 X75.701 Y113.701 E278.84755
G1 X75.7 Y121.3 E279.10029
G1 X117.5 Y121.3 E280.49057
G0 F9000 X117.5 Y120.59
G0 X80.907 Y120.075
G0 X80.739 Y119.386
G1 F600 X80.243 Y119.382 E280.50706
G1 X79.804 Y119.266 E280.52217
G1 X79.398 Y119.049 E280.53748
G1 X79.09 Y118.774 E280.55121
G1 X78.804 Y118.359 E280.56797
G1 X78.65 Y117.943 E280.58273
G1 X78.601 Y117.524 E280.59676
G1 X78.649 Y117.064 E280.61214
G1 X78.826 Y116.599 E280.62869
G1 X79.058 Y116.259 E280.64238
G1 X79.417 Y115.93 E280.65858
G1 X79.848 Y115.713 E280.67463
G1 X80.257 Y115.614 E280.68862
G1 X80.752 Y115.617 E280.70509
G1 X81.148 Y115.713 E280.71864
G1 X81.579 Y115.93 E280.73469
G1 X81.938 Y116.259 E280.75088
G1 X82.17 Y116.599 E280.76457
G1 X82.347 Y117.064 E280.78112
G1 X82.396 Y117.5 E280.79572
G1 X82.336 Y117.979 E280.81177
G1 X82.192 Y118.359 E280.82529
G1 X81.937 Y118.738 E280.84048
G1 X81.579 Y119.066 E280.85663
G1 X81.15 Y119.282 E280.8726
G1 X80.739 Y119.386 E280.88671
G0 F9000 X81.282 Y120.15
;TYPE:FILL
G1 F1200 X81.53 Y120.419 E280.89887
G0 F9000 X78.798 Y119.692
G1 F1200 X78.596 Y119.86 E280.90761
G1 X78.195 Y120.329 E280.92814
G1 X78.104 Y120.419 E280.93239
G0 F9000 X77.772 Y118.001
G1 F1200 X77.393 Y118.01 E280.945
G1 X76.992 Y117.935 E280.95857
G1 X76.58 Y117.772 E280.97331
G0 F9000 X76.581 Y114.802
G1 F1200 X76.992 Y114.727 E280.9872
G1 X77.368 Y114.581 E281.00062
G0 F9000 X82.113 Y114.58
G1 F1200 X82.205 Y114.657 E281.00461
G1 X82.606 Y114.793 E281.01869
G1 X83.007 Y114.802 E281.03203
G1 X83.408 Y114.727 E281.0456
G1 X83.786 Y114.58 E281.05909
G0 F9000 X83.241 Y117.87
G1 F1200 X83.408 Y117.935 E281.06505
G1 X83.809 Y118.01 E281.07862
G1 X84.21 Y118.001 E281.09196
G1 X84.611 Y117.865 E281.10604
G1 X85.012 Y117.531 E281.1234
G1 X85.413 Y117.062 E281.14393
G1 X85.814 Y116.665 E281.16269
G1 X86.215 Y116.404 E281.17861
G1 X86.616 Y116.248 E281.19292
G1 X87.017 Y116.173 E281.20649
G1 X87.418 Y116.182 E281.21983
G1 X87.819 Y116.318 E281.23391
G1 X88.22 Y116.652 E281.25127
G1 X88.621 Y117.121 E281.27179
G1 X89.022 Y117.518 E281.29056
G1 X89.423 Y117.779 E281.30647
G1 X89.824 Y117.935 E281.32078
G1 X90.225 Y118.01 E281.33435
G1 X90.626 Y118.001 E281.34769
G1 X91.027 Y117.865 E281.36178
G1 X91.428 Y117.531 E281.37914
G1 X91.829 Y117.062 E281.39966
G1 X92.23 Y116.665 E281.41843
G1 X92.631 Y116.404 E281.43434
G1 X93.032 Y116.248 E281.44865
G1 X93.433 Y116.173 E281.46222
G1 X93.834 Y116.182 E281.47556
G1 X94.235 Y116.318 E281.48964
G1 X94.636 Y116.652 E281.507
G1 X95.037 Y117.121 E281.52753
G1 X95.438 Y117.518 E281.54629
G1 X95.839 Y117.779 E281.56221
G1 X96.24 Y117.935 E281.57652
G1 X96.641 Y118.01 E281.59009
G1 X97.042 Y118.001 E281.60343
G1 X97.443 Y117.865 E281.61751
G1 X97.844 Y117.531 E281.63487
G1 X98.245 Y117.062 E281.65539
G1 X98.646 Y116.665 E281.67416
G1 X99.047 Y116.404 E281.69007
G1 X99.448 Y116.248 E281.70438
G1 X99.849 Y116.173 E281.71795
G1 X100.25 Y116.182 E281.73129
G1 X100.651 Y116.318 E281.74538
G1 X101.052 Y116.652 E281.76274
G1 X101.453 Y117.121 E281.78326
G1 X101.854 Y117.518 E281.80203
G1 X102.255 Y117.779 E281.81794
G1 X102.656 Y117.935 E281.83225
G1 X103.057 Y118.01 E281.84582
G1 X103.458 Y118.001 E281.85916
G1 X103.859 Y117.865 E281.87324
G1 X104.26 Y117.531 E281.8906
G1 X104.661 Y117.062 E281.91113
G1 X105.062 Y116.665 E281.92989
G1 X105.463 Y116.404 E281.94581
G1 X105.864 Y116.248 E281.96012
G1 X106.265 Y116.173 E281.97369
G1 X106.666 Y116.182 E281.98703
G1 X107.067 Y116.318 E282.00111
G1 X107.468 Y116.652 E282.01847
G1 X107.869 Y117.121 E282.03899
G1 X108.27 Y117.518 E282.05776
G1 X108.671 Y117.779 E282.07367
G1 X109.072 Y117.935 E282.08798
G1 X109.473 Y118.01 E282.10155
G1 X109.874 Y118.001 E282.11489
G1 X110.275 Y117.865 E282.12898
G1 X110.676 Y117.531 E282.14633
G1 X111.077 Y117.062 E282.16686
G1 X111.478 Y116.665 E282.18563
G1 X111.879 Y116.404 E282.20154
G1 X112.28 Y116.248 E282.21585
G1 X112.681 Y116.173 E282.22942
G1 X113.082 Y116.182 E282.24276
G1 X113.483 Y116.318 E282.25684
G1 X113.884 Y116.652 E282.2742
G1 X114.285 Y117.121 E282.29472
G1 X114.686 Y117.518 E282.31349
G1 X115.087 Y117.779 E282.32941
G1 X115.488 Y117.935 E282.34372
G1 X115.889 Y118.01 E282.35729
G1 X116.29 Y118.001 E282.37063
G1 X116.691 Y117.865 E282.38471
G1 X117.092 Y117.531 E282.40207
G1 X117.493 Y117.062 E282.42259
G1 X117.894 Y116.665 E282.44136
G1 X118.295 Y116.404 E282.45727
G1 X118.696 Y116.248 E282.47158
G1 X119.097 Y116.173 E282.48515
G1 X119.498 Y116.182 E282.49849
G1 X119.899 Y116.318 E282.51258
G1 X120.3 Y116.652 E282.52993
G1 X120.701 Y117.121 E282.55046
G1 X121.102 Y117.518 E282.56923
G1 X121.503 Y117.779 E282.58514
G1 X121.904 Y117.935 E282.59945
G1 X122.305 Y118.01 E282.61302
G1 X122.706 Y118.001 E282.62636
G1 X123.107 Y117.865 E282.64044
G1 X123.508 Y117.531 E282.6578
G1 X123.909 Y117.062 E282.67832
G1 X124.31 Y116.665 E282.69709
G1 X124.711 Y116.404 E282.71301
G1 X125.112 Y116.248 E282.72732
G1 X125.513 Y116.173 E282.74089
G1 X125.914 Y116.182 E282.75423
G1 X126.315 Y116.318 E282.76831
G1 X126.716 Y116.652 E282.78567
G1 X127.117 Y117.121 E282.80619
G1 X127.518 Y117.518 E282.82496
G1 X127.919 Y117.779 E282.84087
G1 X128.32 Y117.935 E282.85518
G1 X128.721 Y118.01 E282.86875
G1 X129.122 Y118.001 E282.88209
G1 X129.523 Y117.865 E282.89618
G1 X129.924 Y117.531 E282.91353
G1 X130.325 Y117.062 E282.93406
G1 X130.726 Y116.665 E282.95283
G1 X131.127 Y116.404 E282.96874
G1 X131.528 Y116.248 E282.98305
G1 X131.929 Y116.173 E282.99662
G1 X132.33 Y116.182 E283.00996
G1 X132.731 Y116.318 E283.02404
G1 X133.132 Y116.652 E283.0414
G1 X133.533 Y117.121 E283.06192
G1 X133.934 Y117.518 E283.08069
G1 X134.335 Y117.779 E283.09661
G1 X134.736 Y117.935 E283.11092
G1 X135.137 Y118.01 E283.12449
G1 X135.538 Y118.001 E283.13783
G1 X135.939 Y117.865 E283.15191
G1 X136.34 Y117.531 E283.16927
G1 X136.741 Y117.062 E283.18979
G1 X137.142 Y116.665 E283.20856
G1 X137.543 Y116.404 E283.22447
G1 X137.944 Y116.248 E283.23878
G1 X138.345 Y116.173 E283.25235
G1 X138.746 Y116.182 E283.26569
G1 X139.147 Y116.318 E283.27978
G1 X139.548 Y116.652 E283.29713
G1 X139.949 Y117.121 E283.31766
G1 X140.35 Y117.518 E283.33642
G1 X140.751 Y117.779 E283.35234
G1 X141.152 Y117.935 E283.36665
G1 X141.553 Y118.01 E283.38022
G1 X141.954 Y118.001 E283.39356
G1 X142.355 Y117.865 E283.40764
G1 X142.756 Y117.531 E283.425
G1 X143.157 Y117.062 E283.44552
G1 X143.558 Y116.665 E283.46429
G1 X143.959 Y116.404 E283.48021
G1 X144.36 Y116.248 E283.49452
G1 X144.761 Y116.173 E283.50808
G1 X145.162 Y116.182 E283.52143
G1 X145.563 Y116.318 E283.53551
G1 X145.964 Y116.652 E283.55287
G1 X146.365 Y117.121 E283.57339
G1 X146.766 Y117.518 E283.59216
G1 X147.167 Y117.779 E283.60807
G1 X147.568 Y117.935 E283.62238
G1 X147.969 Y118.01 E283.63595
G1 X148.37 Y118.001 E283.64929
G1 X148.771 Y117.865 E283.66338
G1 X149.172 Y117.531 E283.68073
G1 X149.573 Y117.062 E283.70126
G1 X149.974 Y116.665 E283.72002
G1 X150.375 Y116.404 E283.73594
G1 X150.776 Y116.248 E283.75025
G1 X151.177 Y116.173 E283.76382
G1 X151.578 Y116.182 E283.77716
G1 X151.985 Y116.323 E283.79148
G0 F9000 X152.689 Y114.58
G1 F1200 X152.781 Y114.657 E283.79547
G1 X153.182 Y114.793 E283.80956
G1 X153.583 Y114.802 E283.8229
G1 X153.984 Y114.727 E283.83647
G1 X154.385 Y114.571 E283.85078
G1 X154.439 Y114.536 E283.85292
G0 F9000 X155.802 Y115.313
G0 X157.009 Y116.319
G1 F1200 X157.192 Y116.248 E283.85945
G1 X157.593 Y116.173 E283.87302
G1 X157.994 Y116.182 E283.88636
G1 X158.395 Y116.318 E283.90044
G1 X158.42 Y116.339 E283.90153
G0 F9000 X156.529 Y119.387
G1 F1200 X156.791 Y119.381 E283.91024
G1 X157.192 Y119.456 E283.92381
G1 X157.593 Y119.612 E283.93812
G1 X157.994 Y119.873 E283.95404
G1 X158.42 Y120.299 E283.97407
G0 F9000 X155.35 Y120.138
G1 F1200 X155.187 Y120.329 E283.98243
G1 X155.074 Y120.441 E283.98772
G0 F9000 X152.106 Y120.419
G1 F1200 X151.979 Y120.27 E283.99423
G1 X151.578 Y119.873 E284.013
G1 X151.177 Y119.612 E284.02891
G1 X150.776 Y119.456 E284.04322
G1 X150.375 Y119.381 E284.05679
G1 X149.974 Y119.39 E284.07013
G1 X149.573 Y119.526 E284.08421
G1 X149.172 Y119.86 E284.10157
G1 X148.771 Y120.329 E284.1221
G1 X148.68 Y120.419 E284.12635
G0 F9000 X145.69 Y120.419
G1 F1200 X145.563 Y120.27 E284.13286
G1 X145.162 Y119.873 E284.15163
G1 X144.761 Y119.612 E284.16755
G1 X144.36 Y119.456 E284.18186
G1 X143.959 Y119.381 E284.19542
G1 X143.558 Y119.39 E284.20877
G1 X143.157 Y119.526 E284.22285
G1 X142.756 Y119.86 E284.24021
G1 X142.355 Y120.329 E284.26073
G1 X142.264 Y120.419 E284.26499
G0 F9000 X139.274 Y120.419
G1 F1200 X139.147 Y120.27 E284.2715
G1 X138.746 Y119.873 E284.29027
G1 X138.345 Y119.612 E284.30618
G1 X137.944 Y119.456 E284.32049
G1 X137.543 Y119.381 E284.33406
G1 X137.142 Y119.39 E284.3474
G1 X136.741 Y119.526 E284.36148
G1 X136.34 Y119.86 E284.37884
G1 X135.939 Y120.329 E284.39937
G1 X135.848 Y120.419 E284.40362
G0 F9000 X132.858 Y120.419
G1 F1200 X132.731 Y120.27 E284.41013
G1 X132.33 Y119.873 E284.4289
G1 X131.929 Y119.612 E284.44482
G1 X131.528 Y119.456 E284.45913
G1 X131.127 Y119.381 E284.4727
G1 X130.726 Y119.39 E284.48604
G1 X130.325 Y119.526 E284.50012
G1 X129.924 Y119.86 E284.51748
G1 X129.523 Y120.329 E284.538
G1 X129.432 Y120.419 E284.54226
G0 F9000 X126.442 Y120.419
G1 F1200 X126.315 Y120.27 E284.54877
G1 X125.914 Y119.873 E284.56754
G1 X125.513 Y119.612 E284.58345
G1 X125.112 Y119.456 E284.59776
G1 X124.711 Y119.381 E284.61133
G1 X124.31 Y119.39 E284.62467
G1 X123.909 Y119.526 E284.63875
G1 X123.508 Y119.86 E284.65611
G1 X123.107 Y120.329 E284.67664
G1 X123.016 Y120.419 E284.68089
G0 F9000 X120.026 Y120.419
G1 F1200 X119.899 Y120.27 E284.6874
G1 X119.498 Y119.873 E284.70617
G1 X119.097 Y119.612 E284.72209
G1 X118.696 Y119.456 E284.7364
G1 X118.295 Y119.381 E284.74997
G1 X117.894 Y119.39 E284.76331
G1 X117.493 Y119.526 E284.77739
G1 X117.092 Y119.86 E284.79475
G1 X116.691 Y120.329 E284.81527
G1 X116.6 Y120.419 E284.81953
G0 F9000 X113.61 Y120.419
G1 F1200 X113.483 Y120.27 E284.82604
G1 X113.082 Y119.873 E284.84481
G1 X112.681 Y119.612 E284.86072
G1 X112.28 Y119.456 E284.87503
G1 X111.879 Y119.381 E284.8886
G1 X111.478 Y119.39 E284.90194
G1 X111.077 Y119.526 E284.91602
G1 X110.676 Y119.86 E284.93338
G1 X110.275 Y120.329 E284.95391
G1 X110.184 Y120.419 E284.95816
G0 F9000 X107.194 Y120.419
G1 F1200 X107.067 Y120.27 E284.96467
G1 X106.666 Y119.873 E284.98344
G1 X106.265 Y119.612 E284.99936
G1 X105.864 Y119.456 E285.01367
G1 X105.463 Y119.381 E285.02724
G1 X105.062 Y119.39 E285.04058
G1 X104.661 Y119.526 E285.05466
G1 X104.26 Y119.86 E285.07202
G1 X103.859 Y120.329 E285.09254
G1 X103.768 Y120.419 E285.0968
G0 F9000 X100.778 Y120.419
G1 F1200 X100.651 Y120.27 E285.10331
G1 X100.25 Y119.873 E285.12208
G1 X99.849 Y119.612 E285.13799
G1 X99.448 Y119.456 E285.1523
G1 X99.047 Y119.381 E285.16587
G1 X98.646 Y119.39 E285.17921
G1 X98.245 Y119.526 E285.19329
G1 X97.844 Y119.86 E285.21065
G1 X97.443 Y120.329 E285.23118
G1 X97.352 Y120.419 E285.23543
G0 F9000 X94.362 Y120.419
G1 F1200 X94.235 Y120.27 E285.24194
G1 X93.834 Y119.873 E285.26071
G1 X93.433 Y119.612 E285.27663
G1 X93.032 Y119.456 E285.29094
G1 X92.631 Y119.381 E285.30451
G1 X92.23 Y119.39 E285.31785
G1 X91.829 Y119.526 E285.33193
G1 X91.428 Y119.86 E285.34929
G1 X91.027 Y120.329 E285.36981
G1 X90.936 Y120.419 E285.37407
G0 F9000 X87.946 Y120.419
G1 F1200 X87.819 Y120.27 E285.38058
G1 X87.418 Y119.873 E285.39935
G1 X87.017 Y119.612 E285.41526
G1 X86.616 Y119.456 E285.42957
G1 X86.215 Y119.381 E285.44314
G1 X85.814 Y119.39 E285.45648
G1 X85.413 Y119.526 E285.47057
G1 X85.012 Y119.86 E285.48792
G1 X84.611 Y120.329 E285.50845
G1 X84.52 Y120.419 E285.5127
G0 F9000 X88.529 Y114.58
G1 F1200 X88.621 Y114.657 E285.51669
G1 X89.022 Y114.793 E285.53078
G1 X89.423 Y114.802 E285.54412
G1 X89.824 Y114.727 E285.55769
G1 X90.202 Y114.58 E285.57118
G0 F9000 X94.945 Y114.58
G1 F1200 X95.037 Y114.657 E285.57517
G1 X95.438 Y114.793 E285.58925
G1 X95.839 Y114.802 E285.60259
G1 X96.24 Y114.727 E285.61616
G1 X96.618 Y114.58 E285.62965
G0 F9000 X101.361 Y114.58
G1 F1200 X101.453 Y114.657 E285.63364
G1 X101.854 Y114.793 E285.64772
G1 X102.255 Y114.802 E285.66106
G1 X102.656 Y114.727 E285.67463
G1 X103.034 Y114.58 E285.68812
G0 F9000 X107.777 Y114.58
G1 F1200 X107.869 Y114.657 E285.69211
G1 X108.27 Y114.793 E285.70619
G1 X108.671 Y114.802 E285.71954
G1 X109.072 Y114.727 E285.7331
G1 X109.45 Y114.58 E285.74659
G0 F9000 X114.193 Y114.58
G1 F1200 X114.285 Y114.657 E285.75058
G1 X114.686 Y114.793 E285.76467
G1 X115.087 Y114.802 E285.77801
G1 X115.488 Y114.727 E285.79158
G1 X115.866 Y114.58 E285.80507
G0 F9000 X120.609 Y114.58
G1 F1200 X120.701 Y114.657 E285.80906
G1 X121.102 Y114.793 E285.82314
G1 X121.503 Y114.802 E285.83648
G1 X121.904 Y114.727 E285.85005
G1 X122.282 Y114.58 E285.86354
G0 F9000 X127.025 Y114.58
G1 F1200 X127.117 Y114.657 E285.86753
G1 X127.518 Y114.793 E285.88161
G1 X127.919 Y114.802 E285.89495
G1 X128.32 Y114.727 E285.90852
G1 X128.698 Y114.58 E285.92201
G0 F9000 X133.441 Y114.58
G1 F1200 X133.533 Y114.657 E285.926
G1 X133.934 Y114.793 E285.94009
G1 X134.335 Y114.802 E285.95343
G1 X134.736 Y114.727 E285.96699
G1 X135.114 Y114.58 E285.98048
G0 F9000 X139.857 Y114.58
G1 F1200 X139.949 Y114.657 E285.98447
G1 X140.35 Y114.793 E285.99856
G1 X140.751 Y114.802 E286.0119
G1 X141.152 Y114.727 E286.02547
G1 X141.53 Y114.58 E286.03896
G0 F9000 X146.273 Y114.58
G1 F1200 X146.365 Y114.657 E286.04295
G1 X146.766 Y114.793 E286.05703
G1 X147.167 Y114.802 E286.07037
G1 X147.568 Y114.727 E286.08394
G1 X147.946 Y114.58 E286.09743
G0 F9000 X147.946 Y114.71
;MESH:NONMESH
G0 F300 Z1.4
G0 F9000 X80.826 Y120.166
;TIME_ELAPSED:855.510027
;LAYER:6
;TYPE:WALL-INNER
;MESH:3mm_tpu.stl
G1 F659.3 X80.147 Y120.166 E286.11798
G1 F625 X79.554 Y120.037 E286.13736
G1 F600 X79.072 Y119.789 E286.15539
G1 X78.864 Y119.645 E286.1638
G1 X78.471 Y119.294 E286.18133
G1 X78.098 Y118.755 E286.20313
G1 X77.871 Y118.155 E286.22446
G1 X77.796 Y117.536 E286.2452
G1 X77.866 Y116.851 E286.2681
G1 X78.1 Y116.245 E286.28971
G1 X78.464 Y115.709 E286.31126
G1 X78.864 Y115.351 E286.32911
G1 X79.072 Y115.207 E286.33753
G1 X79.563 Y114.954 E286.3559
G1 F631.6 X80.173 Y114.834 E286.37554
G1 F661.2 X80.845 Y114.834 E286.39583
G1 F626.6 X81.436 Y114.956 E286.41505
G1 F600 X81.924 Y115.207 E286.4333
G1 X82.132 Y115.351 E286.44171
G1 X82.531 Y115.709 E286.45954
G1 X82.898 Y116.246 E286.48117
G1 X83.13 Y116.857 E286.50291
G1 X83.2 Y117.535 E286.52558
G1 X83.127 Y118.148 E286.54611
G1 X82.898 Y118.755 E286.56769
G1 X82.527 Y119.291 E286.58937
G1 X82.132 Y119.645 E286.60702
G1 X81.923 Y119.789 E286.61546
G1 X81.44 Y120.038 E286.63353
G1 F631.6 X80.826 Y120.166 E286.65335
G0 F9000 X80.776 Y119.788
G1 F600 X80.217 Y119.788 E286.67194
G1 X79.68 Y119.653 E286.69036
G1 X79.19 Y119.4 E286.7087
G1 X78.773 Y119.027 E286.72731
G1 X78.455 Y118.567 E286.74591
G1 X78.261 Y118.056 E286.76409
G1 X78.195 Y117.501 E286.78268
G1 X78.259 Y116.945 E286.80129
G1 X78.456 Y116.431 E286.8196
G1 X78.768 Y115.974 E286.838
G1 X79.19 Y115.596 E286.85685
G1 X79.685 Y115.341 E286.87537
G1 X80.221 Y115.212 E286.8937
G1 X80.78 Y115.212 E286.9123
G1 X81.312 Y115.341 E286.9305
G1 X81.806 Y115.596 E286.94899
G1 X82.228 Y115.974 E286.96784
G1 X82.54 Y116.432 E286.98627
G1 X82.736 Y116.943 E287.00447
G1 X82.796 Y117.5 E287.0231
G1 X82.738 Y118.048 E287.04143
G1 X82.54 Y118.569 E287.05997
G1 X82.225 Y119.025 E287.0784
G1 X81.808 Y119.398 E287.09701
G1 X81.312 Y119.654 E287.11558
G1 X80.776 Y119.788 E287.13395
G0 F9000 X80.776 Y120.098
G0 X117.5 Y120.499
G1 F600 X153.596 Y120.499 E288.33451
G1 F634.9 X154.292 Y120.522 E288.3564
G1 F674.2 X154.704 Y120.522 E288.36859
G1 F634.9 X155.4 Y120.499 E288.39048
G1 F600 X158.5 Y120.5 E288.49359
G1 X158.5 Y114.5 E288.69315
G1 X155.388 Y114.5 E288.79666
G1 F634.9 X154.704 Y114.478 E288.81817
G1 F674.2 X154.292 Y114.478 E288.83036
G1 F634.9 X153.608 Y114.5 E288.85187
G1 F600 X81.388 Y114.5 E291.25392
G1 F634.9 X80.704 Y114.478 E291.27543
G1 F674.2 X80.292 Y114.478 E291.28762
G1 F634.9 X79.608 Y114.5 E291.30913
G1 F600 X76.501 Y114.501 E291.41247
G1 X76.5 Y120.5 E291.612
G1 X79.596 Y120.499 E291.71497
G1 F634.9 X80.292 Y120.522 E291.73686
G1 F674.2 X80.704 Y120.522 E291.74906
G1 F634.9 X81.4 Y120.499 E291.77094
G1 F600 X117.5 Y120.499 E292.97164
G0 F9000 X117.5 Y120.9
G1 F600 X158.9 Y120.9 E294.34861
G1 X158.9 Y114.1 E294.57477
G1 X76.101 Y114.101 E297.32868
G1 X76.1 Y120.9 E297.55482
G1 X117.5 Y120.9 E298.93179
G0 F9000 X117.5 Y120.59
G0 X154.147 Y120.166
G1 F625 X153.554 Y120.037 E298.95116
G1 F600 X153.072 Y119.789 E298.96919
G1 X152.864 Y119.645 E298.97761
G1 X152.471 Y119.294 E298.99513
G1 X152.098 Y118.755 E299.01693
G1 X151.869 Y118.148 E299.03851
G1 X151.796 Y117.535 E299.05904
G1 X151.866 Y116.857 E299.08171
G1 X152.098 Y116.246 E299.10345
G1 X152.465 Y115.709 E299.12508
G1 X152.864 Y115.351 E299.14291
G1 X153.072 Y115.207 E299.15133
G1 X153.563 Y114.954 E299.1697
G1 F631.6 X154.173 Y114.834 E299.18934
G1 F661.2 X154.845 Y114.834 E299.20963
G1 F626.6 X155.436 Y114.956 E299.22884
G1 F600 X155.924 Y115.207 E299.2471
G1 X156.132 Y115.351 E299.25551
G1 X156.532 Y115.709 E299.27336
G1 X156.896 Y116.245 E299.29491
G1 X157.128 Y116.847 E299.31637
G1 X157.196 Y117.5 E299.33821
G1 X157.126 Y118.152 E299.36002
G1 X156.895 Y118.759 E299.38162
G1 X156.528 Y119.29 E299.40309
G1 X156.132 Y119.645 E299.42078
G1 X155.923 Y119.789 E299.42922
G1 X155.44 Y120.038 E299.44729
G1 F631.6 X154.826 Y120.166 E299.46711
G1 F659.3 X154.147 Y120.166 E299.48766
G0 F9000 X154.217 Y119.788
G1 F600 X153.68 Y119.653 E299.50608
G1 X153.191 Y119.4 E299.52439
G1 X152.773 Y119.028 E299.543
G1 X152.456 Y118.569 E299.56156
G1 X152.26 Y118.052 E299.57995
G1 X152.2 Y117.5 E299.59841
G1 X152.26 Y116.944 E299.61701
G1 X152.456 Y116.431 E299.63528
G1 X152.768 Y115.974 E299.65368
G1 X153.19 Y115.596 E299.67253
G1 X153.685 Y115.341 E299.69105
G1 X154.221 Y115.212 E299.70938
G1 X154.78 Y115.212 E299.72797
G1 X155.312 Y115.341 E299.74618
G1 X155.806 Y115.596 E299.76467
G1 X156.228 Y115.974 E299.78352
G1 X156.54 Y116.432 E299.80195
G1 X156.736 Y116.943 E299.82015
G1 X156.796 Y117.5 E299.83878
G1 X156.735 Y118.055 E299.85735
G1 X156.539 Y118.57 E299.87568
G1 X156.225 Y119.024 E299.89404
G1 X155.809 Y119.398 E299.91265
G1 X155.312 Y119.654 E299.93124
G1 X154.776 Y119.788 E299.94962
G1 X154.217 Y119.788 E299.96821
G0 F9000 X154.243 Y119.382
;TYPE:WALL-OUTER
G1 F600 X153.804 Y119.266 E299.98331
G1 X153.398 Y119.049 E299.99862
G1 X153.09 Y118.774 E300.01236
G1 X152.804 Y118.359 E300.02912
G1 X152.66 Y117.979 E300.04264
G1 X152.601 Y117.524 E300.0579
G1 X152.649 Y117.064 E300.07328
G1 X152.826 Y116.599 E300.08983
G1 X153.058 Y116.259 E300.10352
G1 X153.417 Y115.93 E300.11971
G1 X153.848 Y115.713 E300.13576
G1 X154.257 Y115.614 E300.14976
G1 X154.752 Y115.617 E300.16622
G1 X155.148 Y115.713 E300.17978
G1 X155.579 Y115.93 E300.19583
G1 X155.938 Y116.259 E300.21202
G1 X156.17 Y116.599 E300.22571
G1 X156.347 Y117.064 E300.24226
G1 X156.396 Y117.5 E300.25685
G1 X156.346 Y117.943 E300.27168
G1 X156.169 Y118.402 E300.28804
G1 X155.937 Y118.738 E300.30162
G1 X155.579 Y119.066 E300.31777
G1 X155.15 Y119.282 E300.33375
G1 X154.739 Y119.386 E300.34785
G1 X154.243 Y119.382 E300.36435
G0 F9000 X154.074 Y120.07
G0 X117.5 Y120.59
G0 X117.5 Y121.3
G1 F600 X159.3 Y121.3 E301.75462
G1 X159.3 Y113.7 E302.0074
G1 X75.701 Y113.701 E304.78791
G1 X75.7 Y121.3 E305.04065
G1 X117.5 Y121.3 E306.43093
G0 F9000 X117.5 Y120.59
G0 X80.907 Y120.075
G0 X80.739 Y119.386
G1 F600 X80.243 Y119.382 E306.44743
G1 X79.804 Y119.266 E306.46253
G1 X79.398 Y119.049 E306.47784
G1 X79.09 Y118.774 E306.49157
G1 X78.804 Y118.359 E306.50834
G1 X78.65 Y117.943 E306.52309
G1 X78.601 Y117.524 E306.53712
G1 X78.649 Y117.064 E306.5525
G1 X78.826 Y116.599 E306.56905
G1 X79.058 Y116.259 E306.58274
G1 X79.417 Y115.93 E306.59894
G1 X79.848 Y115.713 E306.61499
G1 X80.257 Y115.614 E306.62898
G1 X80.752 Y115.617 E306.64545
G1 X81.148 Y115.713 E306.659
G1 X81.579 Y115.93 E306.67505
G1 X81.938 Y116.259 E306.69125
G1 X82.17 Y116.599 E306.70494
G1 X82.347 Y117.064 E306.72149
G1 X82.396 Y117.5 E306.73608
G1 X82.336 Y117.979 E306.75213
G1 X82.192 Y118.359 E306.76565
G1 X81.937 Y118.738 E306.78084
G1 X81.579 Y119.066 E306.79699
G1 X81.15 Y119.282 E306.81297
G1 X80.739 Y119.386 E306.82707
G0 F9000 X81.419 Y120.114
;TYPE:FILL
G1 F1200 X81.717 Y120.419 E306.84125
G0 F9000 X78.939 Y119.792
G1 F1200 X78.596 Y120.091 E306.85639
G1 X78.275 Y120.419 E306.87165
G0 F9000 X77.754 Y117.856
G1 F1200 X77.393 Y117.921 E306.88385
G1 X76.992 Y117.904 E306.8972
G1 X76.58 Y117.801 E306.91132
G0 F9000 X76.581 Y114.711
G1 F1200 X76.992 Y114.696 E306.925
G1 X77.393 Y114.598 E306.93873
G1 X77.429 Y114.581 E306.94006
G0 F9000 X82.483 Y114.58
G1 F1200 X82.606 Y114.641 E306.94462
G1 X83.007 Y114.713 E306.95817
G1 X83.408 Y114.696 E306.97152
G1 X83.809 Y114.598 E306.98525
G1 X83.846 Y114.58 E306.98662
G0 F9000 X83.242 Y117.863
G1 F1200 X83.408 Y117.904 E306.99231
G1 X83.809 Y117.921 E307.00566
G1 X84.21 Y117.849 E307.01921
G1 X84.611 Y117.65 E307.0341
G1 X85.012 Y117.3 E307.0518
G1 X85.413 Y116.89 E307.07088
G1 X85.814 Y116.572 E307.0879
G1 X86.215 Y116.377 E307.10273
G1 X86.616 Y116.279 E307.11646
G1 X87.017 Y116.262 E307.12981
G1 X87.418 Y116.334 E307.14336
G1 X87.819 Y116.533 E307.15825
G1 X88.22 Y116.883 E307.17595
G1 X88.621 Y117.293 E307.19503
G1 X89.022 Y117.611 E307.21205
G1 X89.423 Y117.806 E307.22688
G1 X89.824 Y117.904 E307.24061
G1 X90.225 Y117.921 E307.25396
G1 X90.626 Y117.849 E307.26751
G1 X91.027 Y117.65 E307.2824
G1 X91.428 Y117.3 E307.3001
G1 X91.829 Y116.89 E307.31917
G1 X92.23 Y116.572 E307.3362
G1 X92.631 Y116.377 E307.35103
G1 X93.032 Y116.279 E307.36476
G1 X93.433 Y116.262 E307.37811
G1 X93.834 Y116.334 E307.39166
G1 X94.235 Y116.533 E307.40655
G1 X94.636 Y116.883 E307.42425
G1 X95.037 Y117.293 E307.44332
G1 X95.438 Y117.611 E307.46035
G1 X95.839 Y117.806 E307.47518
G1 X96.24 Y117.904 E307.48891
G1 X96.641 Y117.921 E307.50226
G1 X97.042 Y117.849 E307.51581
G1 X97.443 Y117.65 E307.5307
G1 X97.844 Y117.3 E307.5484
G1 X98.245 Y116.89 E307.56747
G1 X98.646 Y116.572 E307.5845
G1 X99.047 Y116.377 E307.59933
G1 X99.448 Y116.279 E307.61306
G1 X99.849 Y116.262 E307.62641
G1 X100.25 Y116.334 E307.63996
G1 X100.651 Y116.533 E307.65485
G1 X101.052 Y116.883 E307.67255
G1 X101.453 Y117.293 E307.69162
G1 X101.854 Y117.611 E307.70865
G1 X102.255 Y117.806 E307.72348
G1 X102.656 Y117.904 E307.73721
G1 X103.057 Y117.921 E307.75055
G1 X103.458 Y117.849 E307.76411
G1 X103.859 Y117.65 E307.77899
G1 X104.26 Y117.3 E307.7967
G1 X104.661 Y116.89 E307.81577
G1 X105.062 Y116.572 E307.83279
G1 X105.463 Y116.377 E307.84763
G1 X105.864 Y116.279 E307.86136
G1 X106.265 Y116.262 E307.8747
G1 X106.666 Y116.334 E307.88825
G1 X107.067 Y116.533 E307.90314
G1 X107.468 Y116.883 E307.92085
G1 X107.869 Y117.293 E307.93992
G1 X108.27 Y117.611 E307.95694
G1 X108.671 Y117.806 E307.97177
G1 X109.072 Y117.904 E307.9855
G1 X109.473 Y117.921 E307.99885
G1 X109.874 Y117.849 E308.0124
G1 X110.275 Y117.65 E308.02729
G1 X110.676 Y117.3 E308.045
G1 X111.077 Y116.89 E308.06407
G1 X111.478 Y116.572 E308.08109
G1 X111.879 Y116.377 E308.09592
G1 X112.28 Y116.279 E308.10965
G1 X112.681 Y116.262 E308.123
G1 X113.082 Y116.334 E308.13655
G1 X113.483 Y116.533 E308.15144
G1 X113.884 Y116.883 E308.16915
G1 X114.285 Y117.293 E308.18822
G1 X114.686 Y117.611 E308.20524
G1 X115.087 Y117.806 E308.22007
G1 X115.488 Y117.904 E308.2338
G1 X115.889 Y117.921 E308.24715
G1 X116.29 Y117.849 E308.2607
G1 X116.691 Y117.65 E308.27559
G1 X117.092 Y117.3 E308.2933
G1 X117.493 Y116.89 E308.31237
G1 X117.894 Y116.572 E308.32939
G1 X118.295 Y116.377 E308.34422
G1 X118.696 Y116.279 E308.35795
G1 X119.097 Y116.262 E308.3713
G1 X119.498 Y116.334 E308.38485
G1 X119.899 Y116.533 E308.39974
G1 X120.3 Y116.883 E308.41745
G1 X120.701 Y117.293 E308.43652
G1 X121.102 Y117.611 E308.45354
G1 X121.503 Y117.806 E308.46837
G1 X121.904 Y117.904 E308.4821
G1 X122.305 Y117.921 E308.49545
G1 X122.706 Y117.849 E308.509
G1 X123.107 Y117.65 E308.52389
G1 X123.508 Y117.3 E308.54159
G1 X123.909 Y116.89 E308.56067
G1 X124.31 Y116.572 E308.57769
G1 X124.711 Y116.377 E308.59252
G1 X125.112 Y116.279 E308.60625
G1 X125.513 Y116.262 E308.6196
G1 X125.914 Y116.334 E308.63315
G1 X126.315 Y116.533 E308.64804
G1 X126.716 Y116.883 E308.66574
G1 X127.117 Y117.293 E308.68482
G1 X127.518 Y117.611 E308.70184
G1 X127.919 Y117.806 E308.71667
G1 X128.32 Y117.904 E308.7304
G1 X128.721 Y117.921 E308.74375
G1 X129.122 Y117.849 E308.7573
G1 X129.523 Y117.65 E308.77219
G1 X129.924 Y117.3 E308.78989
G1 X130.325 Y116.89 E308.80897
G1 X130.726 Y116.572 E308.82599
G1 X131.127 Y116.377 E308.84082
G1 X131.528 Y116.279 E308.85455
G1 X131.929 Y116.262 E308.8679
G1 X132.33 Y116.334 E308.88145
G1 X132.731 Y116.533 E308.89634
G1 X133.132 Y116.883 E308.91404
G1 X133.533 Y117.293 E308.93312
G1 X133.934 Y117.611 E308.95014
G1 X134.335 Y117.806 E308.96497
G1 X134.736 Y117.904 E308.9787
G1 X135.137 Y117.921 E308.99205
G1 X135.538 Y117.849 E309.0056
G1 X135.939 Y117.65 E309.02049
G1 X136.34 Y117.3 E309.03819
G1 X136.741 Y116.89 E309.05727
G1 X137.142 Y116.572 E309.07429
G1 X137.543 Y116.377 E309.08912
G1 X137.944 Y116.279 E309.10285
G1 X138.345 Y116.262 E309.1162
G1 X138.746 Y116.334 E309.12975
G1 X139.147 Y116.533 E309.14464
G1 X139.548 Y116.883 E309.16234
G1 X139.949 Y117.293 E309.18142
G1 X140.35 Y117.611 E309.19844
G1 X140.751 Y117.806 E309.21327
G1 X141.152 Y117.904 E309.227
G1 X141.553 Y117.921 E309.24035
G1 X141.954 Y117.849 E309.2539
G1 X142.355 Y117.65 E309.26879
G1 X142.756 Y117.3 E309.28649
G1 X143.157 Y116.89 E309.30557
G1 X143.558 Y116.572 E309.32259
G1 X143.959 Y116.377 E309.33742
G1 X144.36 Y116.279 E309.35115
G1 X144.761 Y116.262 E309.3645
G1 X145.162 Y116.334 E309.37805
G1 X145.563 Y116.533 E309.39294
G1 X145.964 Y116.883 E309.41064
G1 X146.365 Y117.293 E309.42972
G1 X146.766 Y117.611 E309.44674
G1 X147.167 Y117.806 E309.46157
G1 X147.568 Y117.904 E309.4753
G1 X147.969 Y117.921 E309.48865
G1 X148.37 Y117.849 E309.5022
G1 X148.771 Y117.65 E309.51709
G1 X149.172 Y117.3 E309.53479
G1 X149.573 Y116.89 E309.55387
G1 X149.974 Y116.572 E309.57089
G1 X150.375 Y116.377 E309.58572
G1 X150.776 Y116.279 E309.59945
G1 X151.177 Y116.262 E309.6128
G1 X151.578 Y116.334 E309.62635
G1 X151.915 Y116.501 E309.63886
G0 F9000 X153.059 Y114.58
G1 F1200 X153.182 Y114.641 E309.64342
G1 X153.583 Y114.713 E309.65697
G1 X153.984 Y114.696 E309.67032
G1 X154.385 Y114.598 E309.68405
G1 X154.512 Y114.536 E309.68875
G0 F9000 X155.809 Y115.313
G0 X157.011 Y116.323
G1 F1200 X157.192 Y116.279 E309.69495
G1 X157.593 Y116.262 E309.7083
G1 X157.994 Y116.334 E309.72185
G1 X158.395 Y116.533 E309.73674
G1 X158.42 Y116.555 E309.73785
G0 F9000 X158.42 Y120.124
G1 F1200 X157.994 Y119.78 E309.75606
G1 X157.593 Y119.585 E309.77089
G1 X157.192 Y119.487 E309.78462
G1 X156.791 Y119.47 E309.79797
G1 X156.39 Y119.542 E309.81152
G1 X156.337 Y119.568 E309.81348
G0 F9000 X155.701 Y119.992
G1 F1200 X155.588 Y120.091 E309.81848
G1 X155.258 Y120.429 E309.83419
G0 F9000 X152.293 Y120.419
G1 F1200 X151.979 Y120.098 E309.84913
G1 X151.578 Y119.78 E309.86615
G1 X151.177 Y119.585 E309.88098
G1 X150.776 Y119.487 E309.89471
G1 X150.375 Y119.47 E309.90806
G1 X149.974 Y119.542 E309.92161
G1 X149.573 Y119.741 E309.9365
G1 X149.172 Y120.091 E309.9542
G1 X148.851 Y120.419 E309.96946
G0 F9000 X145.877 Y120.419
G1 F1200 X145.563 Y120.098 E309.9844
G1 X145.162 Y119.78 E310.00142
G1 X144.761 Y119.585 E310.01625
G1 X144.36 Y119.487 E310.02998
G1 X143.959 Y119.47 E310.04333
G1 X143.558 Y119.542 E310.05688
G1 X143.157 Y119.741 E310.07177
G1 X142.756 Y120.091 E310.08947
G1 X142.435 Y120.419 E310.10474
G0 F9000 X139.461 Y120.419
G1 F1200 X139.147 Y120.098 E310.11967
G1 X138.746 Y119.78 E310.1367
G1 X138.345 Y119.585 E310.15153
G1 X137.944 Y119.487 E310.16526
G1 X137.543 Y119.47 E310.17861
G1 X137.142 Y119.542 E310.19216
G1 X136.741 Y119.741 E310.20705
G1 X136.34 Y120.091 E310.22475
G1 X136.019 Y120.419 E310.24001
G0 F9000 X133.045 Y120.419
G1 F1200 X132.731 Y120.098 E310.25495
G1 X132.33 Y119.78 E310.27197
G1 X131.929 Y119.585 E310.2868
G1 X131.528 Y119.487 E310.30053
G1 X131.127 Y119.47 E310.31388
G1 X130.726 Y119.542 E310.32743
G1 X130.325 Y119.741 E310.34232
G1 X129.924 Y120.091 E310.36002
G1 X129.603 Y120.419 E310.37529
G0 F9000 X126.629 Y120.419
G1 F1200 X126.315 Y120.098 E310.39022
G1 X125.914 Y119.78 E310.40724
G1 X125.513 Y119.585 E310.42208
G1 X125.112 Y119.487 E310.4358
G1 X124.711 Y119.47 E310.44915
G1 X124.31 Y119.542 E310.4627
G1 X123.909 Y119.741 E310.47759
G1 X123.508 Y120.091 E310.4953
G1 X123.187 Y120.419 E310.51056
G0 F9000 X120.213 Y120.419
G1 F1200 X119.899 Y120.098 E310.5255
G1 X119.498 Y119.78 E310.54252
G1 X119.097 Y119.585 E310.55735
G1 X118.696 Y119.487 E310.57108
G1 X118.295 Y119.47 E310.58443
G1 X117.894 Y119.542 E310.59798
G1 X117.493 Y119.741 E310.61287
G1 X117.092 Y120.091 E310.63057
G1 X116.771 Y120.419 E310.64584
G0 F9000 X113.797 Y120.419
G1 F1200 X113.483 Y120.098 E310.66077
G1 X113.082 Y119.78 E310.67779
G1 X112.681 Y119.585 E310.69262
G1 X112.28 Y119.487 E310.70635
G1 X111.879 Y119.47 E310.7197
G1 X111.478 Y119.542 E310.73325
G1 X111.077 Y119.741 E310.74814
G1 X110.676 Y120.091 E310.76585
G1 X110.355 Y120.419 E310.78111
G0 F9000 X107.381 Y120.419
G1 F1200 X107.067 Y120.098 E310.79605
G1 X106.666 Y119.78 E310.81307
G1 X106.265 Y119.585 E310.8279
G1 X105.864 Y119.487 E310.84163
G1 X105.463 Y119.47 E310.85498
G1 X105.062 Y119.542 E310.86853
G1 X104.661 Y119.741 E310.88342
G1 X104.26 Y120.091 E310.90112
G1 X103.939 Y120.419 E310.91638
G0 F9000 X100.965 Y120.419
G1 F1200 X100.651 Y120.098 E310.93132
G1 X100.25 Y119.78 E310.94834
G1 X99.849 Y119.585 E310.96317
G1 X99.448 Y119.487 E310.9769
G1 X99.047 Y119.47 E310.99025
G1 X98.646 Y119.542 E311.0038
G1 X98.245 Y119.741 E311.01869
G1 X97.844 Y120.091 E311.03639
G1 X97.523 Y120.419 E311.05166
G0 F9000 X94.549 Y120.419
G1 F1200 X94.235 Y120.098 E311.06659
G1 X93.834 Y119.78 E311.08362
G1 X93.433 Y119.585 E311.09845
G1 X93.032 Y119.487 E311.11218
G1 X92.631 Y119.47 E311.12553
G1 X92.23 Y119.542 E311.13908
G1 X91.829 Y119.741 E311.15397
G1 X91.428 Y120.091 E311.17167
G1 X91.107 Y120.419 E311.18693
G0 F9000 X88.133 Y120.419
G1 F1200 X87.819 Y120.098 E311.20187
G1 X87.418 Y119.78 E311.21889
G1 X87.017 Y119.585 E311.23372
G1 X86.616 Y119.487 E311.24745
G1 X86.215 Y119.47 E311.2608
G1 X85.814 Y119.542 E311.27435
G1 X85.413 Y119.741 E311.28924
G1 X85.012 Y120.091 E311.30694
G1 X84.691 Y120.419 E311.32221
G0 F9000 X88.899 Y114.58
G1 F1200 X89.022 Y114.641 E311.32677
G1 X89.423 Y114.713 E311.34032
G1 X89.824 Y114.696 E311.35367
G1 X90.225 Y114.598 E311.3674
G1 X90.262 Y114.58 E311.36877
G0 F9000 X95.315 Y114.58
G1 F1200 X95.438 Y114.641 E311.37334
G1 X95.839 Y114.713 E311.38689
G1 X96.24 Y114.696 E311.40024
G1 X96.641 Y114.598 E311.41397
G1 X96.678 Y114.58 E311.41534
G0 F9000 X101.731 Y114.58
G1 F1200 X101.854 Y114.641 E311.4199
G1 X102.255 Y114.713 E311.43345
G1 X102.656 Y114.696 E311.4468
G1 X103.057 Y114.598 E311.46053
G1 X103.094 Y114.58 E311.4619
G0 F9000 X108.147 Y114.58
G1 F1200 X108.27 Y114.641 E311.46647
G1 X108.671 Y114.713 E311.48002
G1 X109.072 Y114.696 E311.49337
G1 X109.473 Y114.598 E311.5071
G1 X109.51 Y114.58 E311.50847
G0 F9000 X114.563 Y114.58
G1 F1200 X114.686 Y114.641 E311.51303
G1 X115.087 Y114.713 E311.52658
G1 X115.488 Y114.696 E311.53993
G1 X115.889 Y114.598 E311.55366
G1 X115.926 Y114.58 E311.55503
G0 F9000 X120.979 Y114.58
G1 F1200 X121.102 Y114.641 E311.5596
G1 X121.503 Y114.713 E311.57315
G1 X121.904 Y114.696 E311.5865
G1 X122.305 Y114.598 E311.60023
G1 X122.342 Y114.58 E311.6016
G0 F9000 X127.395 Y114.58
G1 F1200 X127.518 Y114.641 E311.60616
G1 X127.919 Y114.713 E311.61971
G1 X128.32 Y114.696 E311.63306
G1 X128.721 Y114.598 E311.64679
G1 X128.758 Y114.58 E311.64816
G0 F9000 X133.811 Y114.58
G1 F1200 X133.934 Y114.641 E311.65273
G1 X134.335 Y114.713 E311.66628
G1 X134.736 Y114.696 E311.67963
G1 X135.137 Y114.598 E311.69336
G1 X135.174 Y114.58 E311.69473
G0 F9000 X140.227 Y114.58
G1 F1200 X140.35 Y114.641 E311.69929
G1 X140.751 Y114.713 E311.71284
G1 X141.152 Y114.696 E311.72619
G1 X141.553 Y114.598 E311.73992
G1 X141.59 Y114.58 E311.74129
G0 F9000 X146.643 Y114.58
G1 F1200 X146.766 Y114.641 E311.74586
G1 X147.167 Y114.713 E311.75941
G1 X147.568 Y114.696 E311.77276
G1 X147.969 Y114.598 E311.78649
G1 X148.006 Y114.58 E311.78785
G0 F9000 X148.006 Y114.71
;MESH:NONMESH
G0 F300 Z1.6
G0 F9000 X80.826 Y120.166
;TIME_ELAPSED:933.916034
;LAYER:7
;TYPE:WALL-INNER
;MESH:3mm_tpu.stl
G1 F659.3 X80.147 Y120.166 E311.80841
G1 F625 X79.554 Y120.037 E311.82778
G1 F600 X79.072 Y119.789 E311.84581
G1 X78.864 Y119.645 E311.85423
G1 X78.471 Y119.294 E311.87175
G1 X78.098 Y118.755 E311.89355
G1 X77.871 Y118.155 E311.91489
G1 X77.796 Y117.536 E311.93563
G1 X77.866 Y116.851 E311.95853
G1 X78.1 Y116.245 E311.98014
G1 X78.464 Y115.709 E312.00169
G1 X78.864 Y115.351 E312.01954
G1 X79.072 Y115.207 E312.02795
G1 X79.563 Y114.954 E312.04633
G1 F631.6 X80.173 Y114.834 E312.06597
G1 F661.2 X80.845 Y114.834 E312.08625
G1 F626.6 X81.436 Y114.956 E312.10547
G1 F600 X81.924 Y115.207 E312.12372
G1 X82.132 Y115.351 E312.13214
G1 X82.531 Y115.709 E312.14997
G1 X82.898 Y116.246 E312.1716
G1 X83.13 Y116.857 E312.19334
G1 X83.2 Y117.535 E312.21601
G1 X83.127 Y118.148 E312.23654
G1 X82.898 Y118.755 E312.25812
G1 X82.527 Y119.291 E312.2798
G1 X82.132 Y119.645 E312.29744
G1 X81.923 Y119.789 E312.30588
G1 X81.44 Y120.038 E312.32396
G1 F631.6 X80.826 Y120.166 E312.34377
G0 F9000 X80.776 Y119.788
G1 F600 X80.217 Y119.788 E312.36237
G1 X79.68 Y119.653 E312.38078
G1 X79.19 Y119.4 E312.39912
G1 X78.773 Y119.027 E312.41773
G1 X78.455 Y118.567 E312.43633
G1 X78.261 Y118.056 E312.45451
G1 X78.195 Y117.501 E312.4731
G1 X78.259 Y116.945 E312.49172
G1 X78.456 Y116.431 E312.51002
G1 X78.768 Y115.974 E312.52843
G1 X79.19 Y115.596 E312.54727
G1 X79.685 Y115.341 E312.56579
G1 X80.221 Y115.212 E312.58413
G1 X80.78 Y115.212 E312.60272
G1 X81.312 Y115.341 E312.62093
G1 X81.806 Y115.596 E312.63942
G1 X82.228 Y115.974 E312.65826
G1 X82.54 Y116.432 E312.67669
G1 X82.736 Y116.943 E312.6949
G1 X82.796 Y117.5 E312.71353
G1 X82.738 Y118.048 E312.73186
G1 X82.54 Y118.569 E312.7504
G1 X82.225 Y119.025 E312.76883
G1 X81.808 Y119.398 E312.78744
G1 X81.312 Y119.654 E312.806
G1 X80.776 Y119.788 E312.82438
G0 F9000 X80.776 Y120.098
G0 X117.5 Y120.499
G1 F600 X153.596 Y120.499 E314.02494
G1 F634.9 X154.292 Y120.522 E314.04682
G1 F674.2 X154.704 Y120.522 E314.05902
G1 F634.9 X155.4 Y120.499 E314.08091
G1 F600 X158.5 Y120.5 E314.18401
G1 X158.5 Y114.5 E314.38358
G1 X155.388 Y114.5 E314.48708
G1 F634.9 X154.704 Y114.478 E314.50859
G1 F674.2 X154.292 Y114.478 E314.52079
G1 F634.9 X153.608 Y114.5 E314.5423
G1 F600 X81.388 Y114.5 E316.94434
G1 F634.9 X80.704 Y114.478 E316.96585
G1 F674.2 X80.292 Y114.478 E316.97805
G1 F634.9 X79.608 Y114.5 E316.99956
G1 F600 X76.501 Y114.501 E317.1029
G1 X76.5 Y120.5 E317.30243
G1 X79.596 Y120.499 E317.4054
G1 F634.9 X80.292 Y120.522 E317.42729
G1 F674.2 X80.704 Y120.522 E317.43948
G1 F634.9 X81.4 Y120.499 E317.46137
G1 F600 X117.5 Y120.499 E318.66206
G0 F9000 X117.5 Y120.9
G1 F600 X158.9 Y120.9 E320.03903
G1 X158.9 Y114.1 E320.2652
G1 X76.101 Y114.101 E323.01911
G1 X76.1 Y120.9 E323.24524
G1 X117.5 Y120.9 E324.62221
G0 F9000 X117.5 Y120.59
G0 X154.147 Y120.166
G1 F625 X153.554 Y120.037 E324.64159
G1 F600 X153.072 Y119.789 E324.65962
G1 X152.864 Y119.645 E324.66803
G1 X152.471 Y119.294 E324.68556
G1 X152.098 Y118.755 E324.70736
G1 X151.869 Y118.148 E324.72894
G1 X151.796 Y117.535 E324.74947
G1 X151.866 Y116.857 E324.77214
G1 X152.098 Y116.246 E324.79388
G1 X152.465 Y115.709 E324.81551
G1 X152.864 Y115.351 E324.83334
G1 X153.072 Y115.207 E324.84175
G1 X153.563 Y114.954 E324.86012
G1 F631.6 X154.173 Y114.834 E324.87977
G1 F661.2 X154.845 Y114.834 E324.90005
G1 F626.6 X155.436 Y114.956 E324.91927
G1 F600 X155.924 Y115.207 E324.93752
G1 X156.132 Y115.351 E324.94594
G1 X156.532 Y115.709 E324.96379
G1 X156.896 Y116.245 E324.98534
G1 X157.128 Y116.847 E325.0068
G1 X157.196 Y117.5 E325.02863
G1 X157.126 Y118.152 E325.05044
G1 X156.895 Y118.759 E325.07205
G1 X156.528 Y119.29 E325.09352
G1 X156.132 Y119.645 E325.1112
G1 X155.923 Y119.789 E325.11965
G1 X155.44 Y120.038 E325.13772
G1 F631.6 X154.826 Y120.166 E325.15754
G1 F659.3 X154.147 Y120.166 E325.17809
G0 F9000 X154.217 Y119.788
G1 F600 X153.68 Y119.653 E325.1965
G1 X153.191 Y119.4 E325.21482
G1 X152.773 Y119.028 E325.23343
G1 X152.456 Y118.569 E325.25198
G1 X152.26 Y118.052 E325.27037
G1 X152.2 Y117.5 E325.28884
G1 X152.26 Y116.944 E325.30744
G1 X152.456 Y116.431 E325.3257
G1 X152.768 Y115.974 E325.34411
G1 X153.19 Y115.596 E325.36295
G1 X153.685 Y115.341 E325.38147
G1 X154.221 Y115.212 E325.39981
G1 X154.78 Y115.212 E325.4184
G1 X155.312 Y115.341 E325.43661
G1 X155.806 Y115.596 E325.4551
G1 X156.228 Y115.974 E325.47394
G1 X156.54 Y116.432 E325.49237
G1 X156.736 Y116.943 E325.51058
G1 X156.796 Y117.5 E325.52921
G1 X156.735 Y118.055 E325.54778
G1 X156.539 Y118.57 E325.56611
G1 X156.225 Y119.024 E325.58447
G1 X155.809 Y119.398 E325.60307
G1 X155.312 Y119.654 E325.62167
G1 X154.776 Y119.788 E325.64004
G1 X154.217 Y119.788 E325.65864
G0 F9000 X154.243 Y119.382
;TYPE:WALL-OUTER
G1 F600 X153.804 Y119.266 E325.67374
G1 X153.398 Y119.049 E325.68905
G1 X153.09 Y118.774 E325.70278
G1 X152.804 Y118.359 E325.71955
G1 X152.66 Y117.979 E325.73306
G1 X152.601 Y117.524 E325.74832
G1 X152.649 Y117.064 E325.7637
G1 X152.826 Y116.599 E325.78025
G1 X153.058 Y116.259 E325.79394
G1 X153.417 Y115.93 E325.81014
G1 X153.848 Y115.713 E325.82619
G1 X154.257 Y115.614 E325.84019
G1 X154.752 Y115.617 E325.85665
G1 X155.148 Y115.713 E325.8702
G1 X155.579 Y115.93 E325.88625
G1 X155.938 Y116.259 E325.90245
G1 X156.17 Y116.599 E325.91614
G1 X156.347 Y117.064 E325.93269
G1 X156.396 Y117.5 E325.94728
G1 X156.346 Y117.943 E325.96211
G1 X156.169 Y118.402 E325.97847
G1 X155.937 Y118.738 E325.99205
G1 X155.579 Y119.066 E326.0082
G1 X155.15 Y119.282 E326.02417
G1 X154.739 Y119.386 E326.03827
G1 X154.243 Y119.382 E326.05477
G0 F9000 X154.074 Y120.07
G0 X117.5 Y120.59
G0 X117.5 Y121.3
G1 F600 X159.3 Y121.3 E327.44505
G1 X159.3 Y113.7 E327.69782
G1 X75.701 Y113.701 E330.47834
G1 X75.7 Y121.3 E330.73108
G1 X117.5 Y121.3 E332.12135
G0 F9000 X117.5 Y120.59
G0 X80.907 Y120.075
G0 X80.739 Y119.386
G1 F600 X80.243 Y119.382 E332.13785
G1 X79.804 Y119.266 E332.15295
G1 X79.398 Y119.049 E332.16827
G1 X79.09 Y118.774 E332.182
G1 X78.804 Y118.359 E332.19876
G1 X78.65 Y117.943 E332.21352
G1 X78.601 Y117.524 E332.22755
G1 X78.649 Y117.064 E332.24293
G1 X78.826 Y116.599 E332.25948
G1 X79.058 Y116.259 E332.27317
G1 X79.417 Y115.93 E332.28936
G1 X79.848 Y115.713 E332.30541
G1 X80.257 Y115.614 E332.31941
G1 X80.752 Y115.617 E332.33587
G1 X81.148 Y115.713 E332.34943
G1 X81.579 Y115.93 E332.36548
G1 X81.938 Y116.259 E332.38167
G1 X82.17 Y116.599 E332.39536
G1 X82.347 Y117.064 E332.41191
G1 X82.396 Y117.5 E332.4265
G1 X82.336 Y117.979 E332.44256
G1 X82.192 Y118.359 E332.45608
G1 X81.937 Y118.738 E332.47127
G1 X81.579 Y119.066 E332.48742
G1 X81.15 Y119.282 E332.50339
G1 X80.739 Y119.386 E332.51749
G0 F9000 X80.907 Y120.075
G0 X81.548 Y120.065
;TYPE:FILL
G1 F1200 X81.928 Y120.419 E332.53477
G0 F9000 X83.24 Y117.876
G1 F1200 X83.408 Y117.894 E332.54039
G1 X83.809 Y117.854 E332.55379
G1 X84.21 Y117.722 E332.56783
G1 X84.611 Y117.468 E332.58362
G1 X85.413 Y116.722 E332.62005
G1 X85.814 Y116.465 E332.63589
G1 X86.215 Y116.331 E332.64995
G1 X86.616 Y116.289 E332.66336
G1 X87.017 Y116.329 E332.67677
G1 X87.418 Y116.461 E332.69081
G1 X87.819 Y116.715 E332.7066
G1 X88.621 Y117.461 E332.74303
G1 X89.022 Y117.718 E332.75887
G1 X89.423 Y117.852 E332.77293
G1 X89.824 Y117.894 E332.78634
G1 X90.225 Y117.854 E332.79974
G1 X90.626 Y117.722 E332.81379
G1 X91.027 Y117.468 E332.82957
G1 X91.829 Y116.722 E332.866
G1 X92.23 Y116.465 E332.88185
G1 X92.631 Y116.331 E332.89591
G1 X93.032 Y116.289 E332.90932
G1 X93.433 Y116.329 E332.92272
G1 X93.834 Y116.461 E332.93676
G1 X94.235 Y116.715 E332.95255
G1 X95.037 Y117.461 E332.98898
G1 X95.438 Y117.718 E333.00482
G1 X95.839 Y117.852 E333.01888
G1 X96.24 Y117.894 E333.0323
G1 X96.641 Y117.854 E333.0457
G1 X97.042 Y117.722 E333.05974
G1 X97.443 Y117.468 E333.07553
G1 X98.245 Y116.722 E333.11196
G1 X98.646 Y116.465 E333.1278
G1 X99.047 Y116.331 E333.14186
G1 X99.448 Y116.289 E333.15527
G1 X99.849 Y116.329 E333.16868
G1 X100.25 Y116.461 E333.18272
G1 X100.651 Y116.715 E333.1985
G1 X101.453 Y117.461 E333.23494
G1 X101.854 Y117.718 E333.25078
G1 X102.255 Y117.852 E333.26484
G1 X102.656 Y117.894 E333.27825
G1 X103.057 Y117.854 E333.29165
G1 X103.458 Y117.722 E333.30569
G1 X103.859 Y117.468 E333.32148
G1 X104.661 Y116.722 E333.35791
G1 X105.062 Y116.465 E333.37375
G1 X105.463 Y116.331 E333.38782
G1 X105.864 Y116.289 E333.40123
G1 X106.265 Y116.329 E333.41463
G1 X106.666 Y116.461 E333.42867
G1 X107.067 Y116.715 E333.44446
G1 X107.869 Y117.461 E333.48089
G1 X108.27 Y117.718 E333.49673
G1 X108.671 Y117.852 E333.51079
G1 X109.072 Y117.894 E333.5242
G1 X109.473 Y117.854 E333.53761
G1 X109.874 Y117.722 E333.55165
G1 X110.275 Y117.468 E333.56744
G1 X111.077 Y116.722 E333.60387
G1 X111.478 Y116.465 E333.61971
G1 X111.879 Y116.331 E333.63377
G1 X112.28 Y116.289 E333.64718
G1 X112.681 Y116.329 E333.66058
G1 X113.082 Y116.461 E333.67462
G1 X113.483 Y116.715 E333.69041
G1 X114.285 Y117.461 E333.72684
G1 X114.686 Y117.718 E333.74268
G1 X115.087 Y117.852 E333.75675
G1 X115.488 Y117.894 E333.77016
G1 X115.889 Y117.854 E333.78356
G1 X116.29 Y117.722 E333.7976
G1 X116.691 Y117.468 E333.81339
G1 X117.493 Y116.722 E333.84982
G1 X117.894 Y116.465 E333.86566
G1 X118.295 Y116.331 E333.87972
G1 X118.696 Y116.289 E333.89313
G1 X119.097 Y116.329 E333.90654
G1 X119.498 Y116.461 E333.92058
G1 X119.899 Y116.715 E333.93637
G1 X120.701 Y117.461 E333.9728
G1 X121.102 Y117.718 E333.98864
G1 X121.503 Y117.852 E334.0027
G1 X121.904 Y117.894 E334.01611
G1 X122.305 Y117.854 E334.02951
G1 X122.706 Y117.722 E334.04356
G1 X123.107 Y117.468 E334.05934
G1 X123.909 Y116.722 E334.09577
G1 X124.31 Y116.465 E334.11162
G1 X124.711 Y116.331 E334.12568
G1 X125.112 Y116.289 E334.13909
G1 X125.513 Y116.329 E334.15249
G1 X125.914 Y116.461 E334.16653
G1 X126.315 Y116.715 E334.18232
G1 X127.117 Y117.461 E334.21875
G1 X127.518 Y117.718 E334.23459
G1 X127.919 Y117.852 E334.24865
G1 X128.32 Y117.894 E334.26206
G1 X128.721 Y117.854 E334.27547
G1 X129.122 Y117.722 E334.28951
G1 X129.523 Y117.468 E334.3053
G1 X130.325 Y116.722 E334.34173
G1 X130.726 Y116.465 E334.35757
G1 X131.127 Y116.331 E334.37163
G1 X131.528 Y116.289 E334.38504
G1 X131.929 Y116.329 E334.39845
G1 X132.33 Y116.461 E334.41249
G1 X132.731 Y116.715 E334.42827
G1 X133.533 Y117.461 E334.4647
G1 X133.934 Y117.718 E334.48055
G1 X134.335 Y117.852 E334.49461
G1 X134.736 Y117.894 E334.50802
G1 X135.137 Y117.854 E334.52142
G1 X135.538 Y117.722 E334.53546
G1 X135.939 Y117.468 E334.55125
G1 X136.741 Y116.722 E334.58768
G1 X137.142 Y116.465 E334.60352
G1 X137.543 Y116.331 E334.61759
G1 X137.944 Y116.289 E334.631
G1 X138.345 Y116.329 E334.6444
G1 X138.746 Y116.461 E334.65844
G1 X139.147 Y116.715 E334.67423
G1 X139.949 Y117.461 E334.71066
G1 X140.35 Y117.718 E334.7265
G1 X140.751 Y117.852 E334.74056
G1 X141.152 Y117.894 E334.75397
G1 X141.553 Y117.854 E334.76738
G1 X141.954 Y117.722 E334.78142
G1 X142.355 Y117.468 E334.79721
G1 X143.157 Y116.722 E334.83364
G1 X143.558 Y116.465 E334.84948
G1 X143.959 Y116.331 E334.86354
G1 X144.36 Y116.289 E334.87695
G1 X144.761 Y116.329 E334.89035
G1 X145.162 Y116.461 E334.90439
G1 X145.563 Y116.715 E334.92018
G1 X146.365 Y117.461 E334.95661
G1 X146.766 Y117.718 E334.97245
G1 X147.167 Y117.852 E334.98652
G1 X147.568 Y117.894 E334.99993
G1 X147.969 Y117.854 E335.01333
G1 X148.37 Y117.722 E335.02737
G1 X148.771 Y117.468 E335.04316
G1 X149.573 Y116.722 E335.07959
G1 X149.974 Y116.465 E335.09543
G1 X150.375 Y116.331 E335.10949
G1 X150.776 Y116.289 E335.1229
G1 X151.177 Y116.329 E335.13631
G1 X151.578 Y116.461 E335.15035
G1 X151.862 Y116.641 E335.16153
G0 F9000 X153.382 Y114.58
G1 F1200 X153.583 Y114.646 E335.16857
G1 X153.984 Y114.686 E335.18197
G1 X154.385 Y114.644 E335.19538
G1 X154.708 Y114.536 E335.20671
G0 F9000 X155.716 Y115.235
G0 X157.003 Y116.309
G1 F1200 X157.192 Y116.289 E335.21303
G1 X157.593 Y116.329 E335.22643
G1 X157.994 Y116.461 E335.24048
G1 X158.42 Y116.738 E335.25738
G0 F9000 X158.42 Y119.953
G1 F1200 X157.994 Y119.673 E335.27433
G1 X157.593 Y119.539 E335.28839
G1 X157.192 Y119.497 E335.3018
G1 X156.791 Y119.537 E335.31521
G1 X156.39 Y119.669 E335.32925
G1 X155.989 Y119.923 E335.34504
G1 X155.455 Y120.419 E335.36928
G0 F9000 X152.504 Y120.419
G1 F1200 X151.979 Y119.93 E335.39314
G1 X151.578 Y119.673 E335.40898
G1 X151.177 Y119.539 E335.42304
G1 X150.776 Y119.497 E335.43645
G1 X150.375 Y119.537 E335.44986
G1 X149.974 Y119.669 E335.4639
G1 X149.573 Y119.923 E335.47969
G1 X149.039 Y120.419 E335.50393
G0 F9000 X146.088 Y120.419
G1 F1200 X145.563 Y119.93 E335.52779
G1 X145.162 Y119.673 E335.54363
G1 X144.761 Y119.539 E335.55769
G1 X144.36 Y119.497 E335.5711
G1 X143.959 Y119.537 E335.58451
G1 X143.558 Y119.669 E335.59855
G1 X143.157 Y119.923 E335.61434
G1 X142.623 Y120.419 E335.63858
G0 F9000 X139.672 Y120.419
G1 F1200 X139.147 Y119.93 E335.66244
G1 X138.746 Y119.673 E335.67828
G1 X138.345 Y119.539 E335.69234
G1 X137.944 Y119.497 E335.70575
G1 X137.543 Y119.537 E335.71916
G1 X137.142 Y119.669 E335.7332
G1 X136.741 Y119.923 E335.74899
G1 X136.207 Y120.419 E335.77323
G0 F9000 X133.256 Y120.419
G1 F1200 X132.731 Y119.93 E335.79709
G1 X132.33 Y119.673 E335.81293
G1 X131.929 Y119.539 E335.82699
G1 X131.528 Y119.497 E335.8404
G1 X131.127 Y119.537 E335.85381
G1 X130.726 Y119.669 E335.86785
G1 X130.325 Y119.923 E335.88364
G1 X129.791 Y120.419 E335.90788
G0 F9000 X126.84 Y120.419
G1 F1200 X126.315 Y119.93 E335.93174
G1 X125.914 Y119.673 E335.94758
G1 X125.513 Y119.539 E335.96164
G1 X125.112 Y119.497 E335.97505
G1 X124.711 Y119.537 E335.98846
G1 X124.31 Y119.669 E336.0025
G1 X123.909 Y119.923 E336.01829
G1 X123.375 Y120.419 E336.04253
G0 F9000 X120.424 Y120.419
G1 F1200 X119.899 Y119.93 E336.06639
G1 X119.498 Y119.673 E336.08223
G1 X119.097 Y119.539 E336.09629
G1 X118.696 Y119.497 E336.1097
G1 X118.295 Y119.537 E336.12311
G1 X117.894 Y119.669 E336.13715
G1 X117.493 Y119.923 E336.15294
G1 X116.959 Y120.419 E336.17718
G0 F9000 X114.008 Y120.419
G1 F1200 X113.483 Y119.93 E336.20104
G1 X113.082 Y119.673 E336.21688
G1 X112.681 Y119.539 E336.23094
G1 X112.28 Y119.497 E336.24435
G1 X111.879 Y119.537 E336.25776
G1 X111.478 Y119.669 E336.2718
G1 X111.077 Y119.923 E336.28759
G1 X110.543 Y120.419 E336.31183
G0 F9000 X107.592 Y120.419
G1 F1200 X107.067 Y119.93 E336.33569
G1 X106.666 Y119.673 E336.35153
G1 X106.265 Y119.539 E336.36559
G1 X105.864 Y119.497 E336.379
G1 X105.463 Y119.537 E336.39241
G1 X105.062 Y119.669 E336.40645
G1 X104.661 Y119.923 E336.42224
G1 X104.127 Y120.419 E336.44648
G0 F9000 X101.176 Y120.419
G1 F1200 X100.651 Y119.93 E336.47034
G1 X100.25 Y119.673 E336.48618
G1 X99.849 Y119.539 E336.50024
G1 X99.448 Y119.497 E336.51365
G1 X99.047 Y119.537 E336.52706
G1 X98.646 Y119.669 E336.5411
G1 X98.245 Y119.923 E336.55688
G1 X97.711 Y120.419 E336.58113
G0 F9000 X94.76 Y120.419
G1 F1200 X94.235 Y119.93 E336.60499
G1 X93.834 Y119.673 E336.62083
G1 X93.433 Y119.539 E336.63489
G1 X93.032 Y119.497 E336.6483
G1 X92.631 Y119.537 E336.66171
G1 X92.23 Y119.669 E336.67575
G1 X91.829 Y119.923 E336.69153
G1 X91.295 Y120.419 E336.71578
G0 F9000 X88.344 Y120.419
G1 F1200 X87.819 Y119.93 E336.73964
G1 X87.418 Y119.673 E336.75548
G1 X87.017 Y119.539 E336.76954
G1 X86.616 Y119.497 E336.78295
G1 X86.215 Y119.537 E336.79636
G1 X85.814 Y119.669 E336.8104
G1 X85.413 Y119.923 E336.82618
G1 X84.879 Y120.419 E336.85043
G0 F9000 X81.085 Y120.109
G0 X79.069 Y119.877
G1 F1200 X78.997 Y119.923 E336.85327
G1 X78.463 Y120.419 E336.87751
G0 F9000 X77.74 Y117.74
G1 F1200 X77.393 Y117.854 E336.88966
G1 X76.992 Y117.894 E336.90306
G1 X76.58 Y117.848 E336.91685
G0 F9000 X76.581 Y114.643
G1 F1200 X76.992 Y114.686 E336.93059
G1 X77.393 Y114.644 E336.944
G1 X77.583 Y114.581 E336.95066
G0 F9000 X82.806 Y114.58
G1 F1200 X83.007 Y114.646 E336.9577
G1 X83.408 Y114.686 E336.9711
G1 X83.809 Y114.644 E336.98451
G1 X84.001 Y114.58 E336.99124
G0 F9000 X89.222 Y114.58
G1 F1200 X89.423 Y114.646 E336.99828
G1 X89.824 Y114.686 E337.01168
G1 X90.225 Y114.644 E337.02509
G1 X90.417 Y114.58 E337.03182
G0 F9000 X95.638 Y114.58
G1 F1200 X95.839 Y114.646 E337.03886
G1 X96.24 Y114.686 E337.05226
G1 X96.641 Y114.644 E337.06567
G1 X96.833 Y114.58 E337.0724
G0 F9000 X102.054 Y114.58
G1 F1200 X102.255 Y114.646 E337.07944
G1 X102.656 Y114.686 E337.09284
G1 X103.057 Y114.644 E337.10625
G1 X103.249 Y114.58 E337.11299
G0 F9000 X108.47 Y114.58
G1 F1200 X108.671 Y114.646 E337.12002
G1 X109.072 Y114.686 E337.13343
G1 X109.473 Y114.644 E337.14684
G1 X109.665 Y114.58 E337.15357
G0 F9000 X114.886 Y114.58
G1 F1200 X115.087 Y114.646 E337.1606
G1 X115.488 Y114.686 E337.17401
G1 X115.889 Y114.644 E337.18742
G1 X116.081 Y114.58 E337.19415
G0 F9000 X121.302 Y114.58
G1 F1200 X121.503 Y114.646 E337.20119
G1 X121.904 Y114.686 E337.21459
G1 X122.305 Y114.644 E337.228
G1 X122.497 Y114.58 E337.23473
G0 F9000 X127.718 Y114.58
G1 F1200 X127.919 Y114.646 E337.24177
G1 X128.32 Y114.686 E337.25517
G1 X128.721 Y114.644 E337.26858
G1 X128.913 Y114.58 E337.27531
G0 F9000 X134.134 Y114.58
G1 F1200 X134.335 Y114.646 E337.28235
G1 X134.736 Y114.686 E337.29575
G1 X135.137 Y114.644 E337.30916
G1 X135.329 Y114.58 E337.31589
G0 F9000 X140.55 Y114.58
G1 F1200 X140.751 Y114.646 E337.32293
G1 X141.152 Y114.686 E337.33633
G1 X141.553 Y114.644 E337.34974
G1 X141.745 Y114.58 E337.35648
G0 F9000 X146.966 Y114.58
G1 F1200 X147.167 Y114.646 E337.36351
G1 X147.568 Y114.686 E337.37692
G1 X147.969 Y114.644 E337.39033
G1 X148.161 Y114.58 E337.39706
G0 F9000 X148.161 Y114.71
;MESH:NONMESH
G0 F300 Z1.8
G0 F9000 X80.826 Y120.166
;TIME_ELAPSED:1012.184210
;LAYER:8
;TYPE:WALL-INNER
;MESH:3mm_tpu.stl
G1 F659.3 X80.147 Y120.166 E337.41761
G1 F625 X79.554 Y120.037 E337.43699
G1 F600 X79.072 Y119.789 E337.45501
G1 X78.864 Y119.645 E337.46343
G1 X78.471 Y119.294 E337.48095
G1 X78.098 Y118.755 E337.50276
G1 X77.871 Y118.155 E337.52409
G1 X77.796 Y117.536 E337.54483
G1 X77.866 Y116.851 E337.56773
G1 X78.1 Y116.245 E337.58934
G1 X78.464 Y115.709 E337.61089
G1 X78.864 Y115.351 E337.62874
G1 X79.072 Y115.207 E337.63716
G1 X79.563 Y114.954 E337.65553
G1 F631.6 X80.173 Y114.834 E337.67517
G1 F661.2 X80.845 Y114.834 E337.69546
G1 F626.6 X81.436 Y114.956 E337.71467
G1 F600 X81.924 Y115.207 E337.73293
G1 X82.132 Y115.351 E337.74134
G1 X82.531 Y115.709 E337.75917
G1 X82.898 Y116.246 E337.7808
G1 X83.13 Y116.857 E337.80254
G1 X83.2 Y117.535 E337.82521
G1 X83.127 Y118.148 E337.84574
G1 X82.898 Y118.755 E337.86732
G1 X82.527 Y119.291 E337.889
G1 X82.132 Y119.645 E337.90664
G1 X81.923 Y119.789 E337.91509
G1 X81.44 Y120.038 E337.93316
G1 F631.6 X80.826 Y120.166 E337.95298
G0 F9000 X80.776 Y119.788
G1 F600 X80.217 Y119.788 E337.97157
G1 X79.68 Y119.653 E337.98999
G1 X79.19 Y119.4 E338.00833
G1 X78.773 Y119.027 E338.02694
G1 X78.455 Y118.567 E338.04554
G1 X78.261 Y118.056 E338.06372
G1 X78.195 Y117.501 E338.0823
G1 X78.259 Y116.945 E338.10092
G1 X78.456 Y116.431 E338.11923
G1 X78.768 Y115.974 E338.13763
G1 X79.19 Y115.596 E338.15648
G1 X79.685 Y115.341 E338.175
G1 X80.221 Y115.212 E338.19333
G1 X80.78 Y115.212 E338.21192
G1 X81.312 Y115.341 E338.23013
G1 X81.806 Y115.596 E338.24862
G1 X82.228 Y115.974 E338.26747
G1 X82.54 Y116.432 E338.2859
G1 X82.736 Y116.943 E338.3041
G1 X82.796 Y117.5 E338.32273
G1 X82.738 Y118.048 E338.34106
G1 X82.54 Y118.569 E338.3596
G1 X82.225 Y119.025 E338.37803
G1 X81.808 Y119.398 E338.39664
G1 X81.312 Y119.654 E338.41521
G1 X80.776 Y119.788 E338.43358
G0 F9000 X80.776 Y120.098
G0 X117.5 Y120.499
G1 F600 X153.596 Y120.499 E339.63414
G1 F634.9 X154.292 Y120.522 E339.65603
G1 F674.2 X154.704 Y120.522 E339.66822
G1 F634.9 X155.4 Y120.499 E339.69011
G1 F600 X158.5 Y120.5 E339.79322
G1 X158.5 Y114.5 E339.99278
G1 X155.388 Y114.5 E340.09628
G1 F634.9 X154.704 Y114.478 E340.11779
G1 F674.2 X154.292 Y114.478 E340.12999
G1 F634.9 X153.608 Y114.5 E340.1515
G1 F600 X81.388 Y114.5 E342.55355
G1 F634.9 X80.704 Y114.478 E342.57506
G1 F674.2 X80.292 Y114.478 E342.58725
G1 F634.9 X79.608 Y114.5 E342.60876
G1 F600 X76.501 Y114.501 E342.7121
G1 X76.5 Y120.5 E342.91163
G1 X79.596 Y120.499 E343.0146
G1 F634.9 X80.292 Y120.522 E343.03649
G1 F674.2 X80.704 Y120.522 E343.04869
G1 F634.9 X81.4 Y120.499 E343.07057
G1 F600 X117.5 Y120.499 E344.27126
G0 F9000 X117.5 Y120.9
G1 F600 X158.9 Y120.9 E345.64823
G1 X158.9 Y114.1 E345.8744
G1 X76.101 Y114.101 E348.62831
G1 X76.1 Y120.9 E348.85444
G1 X117.5 Y120.9 E350.23141
G0 F9000 X117.5 Y120.59
G0 X154.147 Y120.166
G1 F625 X153.554 Y120.037 E350.25079
G1 F600 X153.072 Y119.789 E350.26882
G1 X152.864 Y119.645 E350.27723
G1 X152.471 Y119.294 E350.29476
G1 X152.098 Y118.755 E350.31656
G1 X151.869 Y118.148 E350.33814
G1 X151.796 Y117.535 E350.35867
G1 X151.866 Y116.857 E350.38134
G1 X152.098 Y116.246 E350.40308
G1 X152.465 Y115.709 E350.42471
G1 X152.864 Y115.351 E350.44254
G1 X153.072 Y115.207 E350.45096
G1 X153.563 Y114.954 E350.46933
G1 F631.6 X154.173 Y114.834 E350.48897
G1 F661.2 X154.845 Y114.834 E350.50925
G1 F626.6 X155.436 Y114.956 E350.52847
G1 F600 X155.924 Y115.207 E350.54673
G1 X156.132 Y115.351 E350.55514
G1 X156.532 Y115.709 E350.57299
G1 X156.896 Y116.245 E350.59454
G1 X157.128 Y116.847 E350.616
G1 X157.196 Y117.5 E350.63784
G1 X157.126 Y118.152 E350.65965
G1 X156.895 Y118.759 E350.68125
G1 X156.528 Y119.29 E350.70272
G1 X156.132 Y119.645 E350.72041
G1 X155.923 Y119.789 E350.72885
G1 X155.44 Y120.038 E350.74692
G1 F631.6 X154.826 Y120.166 E350.76674
G1 F659.3 X154.147 Y120.166 E350.78729
G0 F9000 X154.217 Y119.788
G1 F600 X153.68 Y119.653 E350.80571
G1 X153.191 Y119.4 E350.82402
G1 X152.773 Y119.028 E350.84263
G1 X152.456 Y118.569 E350.86118
G1 X152.26 Y118.052 E350.87957
G1 X152.2 Y117.5 E350.89804
G1 X152.26 Y116.944 E350.91664
G1 X152.456 Y116.431 E350.93491
G1 X152.768 Y115.974 E350.95331
G1 X153.19 Y115.596 E350.97215
G1 X153.685 Y115.341 E350.99067
G1 X154.221 Y115.212 E351.00901
G1 X154.78 Y115.212 E351.0276
G1 X155.312 Y115.341 E351.04581
G1 X155.806 Y115.596 E351.0643
G1 X156.228 Y115.974 E351.08314
G1 X156.54 Y116.432 E351.10158
G1 X156.736 Y116.943 E351.11978
G1 X156.796 Y117.5 E351.13841
G1 X156.735 Y118.055 E351.15698
G1 X156.539 Y118.57 E351.17531
G1 X156.225 Y119.024 E351.19367
G1 X155.809 Y119.398 E351.21228
G1 X155.312 Y119.654 E351.23087
G1 X154.776 Y119.788 E351.24925
G1 X154.217 Y119.788 E351.26784
G0 F9000 X154.243 Y119.382
;TYPE:WALL-OUTER
G1 F600 X153.804 Y119.266 E351.28294
G1 X153.398 Y119.049 E351.29825
G1 X153.09 Y118.774 E351.31199
G1 X152.804 Y118.359 E351.32875
G1 X152.66 Y117.979 E351.34226
G1 X152.601 Y117.524 E351.35753
G1 X152.649 Y117.064 E351.37291
G1 X152.826 Y116.599 E351.38946
G1 X153.058 Y116.259 E351.40315
G1 X153.417 Y115.93 E351.41934
G1 X153.848 Y115.713 E351.43539
G1 X154.257 Y115.614 E351.44939
G1 X154.752 Y115.617 E351.46585
G1 X155.148 Y115.713 E351.4794
G1 X155.579 Y115.93 E351.49545
G1 X155.938 Y116.259 E351.51165
G1 X156.17 Y116.599 E351.52534
G1 X156.347 Y117.064 E351.54189
G1 X156.396 Y117.5 E351.55648
G1 X156.346 Y117.943 E351.57131
G1 X156.169 Y118.402 E351.58767
G1 X155.937 Y118.738 E351.60125
G1 X155.579 Y119.066 E351.6174
G1 X155.15 Y119.282 E351.63338
G1 X154.739 Y119.386 E351.64748
G1 X154.243 Y119.382 E351.66398
G0 F9000 X154.074 Y120.07
G0 X117.5 Y120.59
G0 X117.5 Y121.3
G1 F600 X159.3 Y121.3 E353.05425
G1 X159.3 Y113.7 E353.30703
G1 X75.701 Y113.701 E356.08754
G1 X75.7 Y121.3 E356.34028
G1 X117.5 Y121.3 E357.73056
G0 F9000 X117.5 Y120.59
G0 X80.907 Y120.075
G0 X80.739 Y119.386
G1 F600 X80.243 Y119.382 E357.74705
G1 X79.804 Y119.266 E357.76216
G1 X79.398 Y119.049 E357.77747
G1 X79.09 Y118.774 E357.7912
G1 X78.804 Y118.359 E357.80797
G1 X78.65 Y117.943 E357.82272
G1 X78.601 Y117.524 E357.83675
G1 X78.649 Y117.064 E357.85213
G1 X78.826 Y116.599 E357.86868
G1 X79.058 Y116.259 E357.88237
G1 X79.417 Y115.93 E357.89857
G1 X79.848 Y115.713 E357.91462
G1 X80.257 Y115.614 E357.92861
G1 X80.752 Y115.617 E357.94508
G1 X81.148 Y115.713 E357.95863
G1 X81.579 Y115.93 E357.97468
G1 X81.938 Y116.259 E357.99088
G1 X82.17 Y116.599 E358.00457
G1 X82.347 Y117.064 E358.02111
G1 X82.396 Y117.5 E358.03571
G1 X82.336 Y117.979 E358.05176
G1 X82.192 Y118.359 E358.06528
G1 X81.937 Y118.738 E358.08047
G1 X81.579 Y119.066 E358.09662
G1 X81.15 Y119.282 E358.1126
G1 X80.739 Y119.386 E358.1267
G0 F9000 X80.907 Y120.075
G0 X81.689 Y119.999
;TYPE:FILL
G1 F1200 X81.804 Y120.1 E358.13179
G1 X82.118 Y120.419 E358.14668
G0 F9000 X83.237 Y117.909
G1 F1200 X83.408 Y117.903 E358.15237
G1 X83.809 Y117.807 E358.16608
G1 X84.21 Y117.615 E358.18087
G1 X84.611 Y117.299 E358.19785
G1 X85.012 Y116.892 E358.21685
G1 X85.413 Y116.54 E358.2346
G1 X85.814 Y116.34 E358.2495
G1 X86.215 Y116.265 E358.26307
G1 X86.616 Y116.28 E358.27642
G1 X87.017 Y116.376 E358.29013
G1 X87.418 Y116.568 E358.30492
G1 X87.819 Y116.884 E358.3219
G1 X88.22 Y117.291 E358.3409
G1 X88.621 Y117.643 E358.35865
G1 X89.022 Y117.843 E358.37356
G1 X89.423 Y117.918 E358.38712
G1 X89.824 Y117.903 E358.40047
G1 X90.225 Y117.807 E358.41418
G1 X90.626 Y117.615 E358.42897
G1 X91.027 Y117.299 E358.44595
G1 X91.428 Y116.892 E358.46496
G1 X91.829 Y116.54 E358.4827
G1 X92.23 Y116.34 E358.49761
G1 X92.631 Y116.265 E358.51118
G1 X93.032 Y116.28 E358.52452
G1 X93.433 Y116.376 E358.53824
G1 X93.834 Y116.568 E358.55302
G1 X94.235 Y116.884 E358.57
G1 X94.636 Y117.291 E358.58901
G1 X95.037 Y117.643 E358.60675
G1 X95.438 Y117.843 E358.62166
G1 X95.839 Y117.918 E358.63523
G1 X96.24 Y117.903 E358.64857
G1 X96.641 Y117.807 E358.66229
G1 X97.042 Y117.615 E358.67708
G1 X97.443 Y117.299 E358.69406
G1 X97.844 Y116.892 E358.71306
G1 X98.245 Y116.54 E358.73081
G1 X98.646 Y116.34 E358.74571
G1 X99.047 Y116.265 E358.75928
G1 X99.448 Y116.28 E358.77263
G1 X99.849 Y116.376 E358.78634
G1 X100.25 Y116.568 E358.80113
G1 X100.651 Y116.884 E358.81811
G1 X101.052 Y117.291 E358.83711
G1 X101.453 Y117.643 E358.85486
G1 X101.854 Y117.843 E358.86976
G1 X102.255 Y117.918 E358.88333
G1 X102.656 Y117.903 E358.89668
G1 X103.057 Y117.807 E358.91039
G1 X103.458 Y117.615 E358.92518
G1 X103.859 Y117.299 E358.94216
G1 X104.26 Y116.892 E358.96116
G1 X104.661 Y116.54 E358.97891
G1 X105.062 Y116.34 E358.99382
G1 X105.463 Y116.265 E359.00738
G1 X105.864 Y116.28 E359.02073
G1 X106.265 Y116.376 E359.03444
G1 X106.666 Y116.568 E359.04923
G1 X107.067 Y116.884 E359.06621
G1 X107.468 Y117.291 E359.08522
G1 X107.869 Y117.643 E359.10296
G1 X108.27 Y117.843 E359.11787
G1 X108.671 Y117.918 E359.13144
G1 X109.072 Y117.903 E359.14478
G1 X109.473 Y117.807 E359.1585
G1 X109.874 Y117.615 E359.17328
G1 X110.275 Y117.299 E359.19026
G1 X110.676 Y116.892 E359.20927
G1 X111.077 Y116.54 E359.22701
G1 X111.478 Y116.34 E359.24192
G1 X111.879 Y116.265 E359.25549
G1 X112.28 Y116.28 E359.26883
G1 X112.681 Y116.376 E359.28255
G1 X113.082 Y116.568 E359.29734
G1 X113.483 Y116.884 E359.31432
G1 X113.884 Y117.291 E359.33332
G1 X114.285 Y117.643 E359.35107
G1 X114.686 Y117.843 E359.36597
G1 X115.087 Y117.918 E359.37954
G1 X115.488 Y117.903 E359.39289
G1 X115.889 Y117.807 E359.4066
G1 X116.29 Y117.615 E359.42139
G1 X116.691 Y117.299 E359.43837
G1 X117.092 Y116.892 E359.45737
G1 X117.493 Y116.54 E359.47512
G1 X117.894 Y116.34 E359.49002
G1 X118.295 Y116.265 E359.50359
G1 X118.696 Y116.28 E359.51694
G1 X119.097 Y116.376 E359.53065
G1 X119.498 Y116.568 E359.54544
G1 X119.899 Y116.884 E359.56242
G1 X120.3 Y117.291 E359.58142
G1 X120.701 Y117.643 E359.59917
G1 X121.102 Y117.843 E359.61408
G1 X121.503 Y117.918 E359.62764
G1 X121.904 Y117.903 E359.64099
G1 X122.305 Y117.807 E359.6547
G1 X122.706 Y117.615 E359.66949
G1 X123.107 Y117.299 E359.68647
G1 X123.508 Y116.892 E359.70548
G1 X123.909 Y116.54 E359.72322
G1 X124.31 Y116.34 E359.73813
G1 X124.711 Y116.265 E359.7517
G1 X125.112 Y116.28 E359.76504
G1 X125.513 Y116.376 E359.77876
G1 X125.914 Y116.568 E359.79354
G1 X126.315 Y116.884 E359.81052
G1 X126.716 Y117.291 E359.82953
G1 X127.117 Y117.643 E359.84727
G1 X127.518 Y117.843 E359.86218
G1 X127.919 Y117.918 E359.87575
G1 X128.32 Y117.903 E359.88909
G1 X128.721 Y117.807 E359.90281
G1 X129.122 Y117.615 E359.9176
G1 X129.523 Y117.299 E359.93458
G1 X129.924 Y116.892 E359.95358
G1 X130.325 Y116.54 E359.97133
G1 X130.726 Y116.34 E359.98623
G1 X131.127 Y116.265 E359.9998
G1 X131.528 Y116.28 E360.01315
G1 X131.929 Y116.376 E360.02686
G1 X132.33 Y116.568 E360.04165
G1 X132.731 Y116.884 E360.05863
G1 X133.132 Y117.291 E360.07763
G1 X133.533 Y117.643 E360.09538
G1 X133.934 Y117.843 E360.11028
G1 X134.335 Y117.918 E360.12385
G1 X134.736 Y117.903 E360.1372
G1 X135.137 Y117.807 E360.15091
G1 X135.538 Y117.615 E360.1657
G1 X135.939 Y117.299 E360.18268
G1 X136.34 Y116.892 E360.20168
G1 X136.741 Y116.54 E360.21943
G1 X137.142 Y116.34 E360.23433
G1 X137.543 Y116.265 E360.2479
G1 X137.944 Y116.28 E360.26125
G1 X138.345 Y116.376 E360.27496
G1 X138.746 Y116.568 E360.28975
G1 X139.147 Y116.884 E360.30673
G1 X139.548 Y117.291 E360.32574
G1 X139.949 Y117.643 E360.34348
G1 X140.35 Y117.843 E360.35839
G1 X140.751 Y117.918 E360.37196
G1 X141.152 Y117.903 E360.3853
G1 X141.553 Y117.807 E360.39902
G1 X141.954 Y117.615 E360.4138
G1 X142.355 Y117.299 E360.43078
G1 X142.756 Y116.892 E360.44979
G1 X143.157 Y116.54 E360.46753
G1 X143.558 Y116.34 E360.48244
G1 X143.959 Y116.265 E360.49601
G1 X144.36 Y116.28 E360.50935
G1 X144.761 Y116.376 E360.52307
G1 X145.162 Y116.568 E360.53786
G1 X145.563 Y116.884 E360.55484
G1 X145.964 Y117.291 E360.57384
G1 X146.365 Y117.643 E360.59159
G1 X146.766 Y117.843 E360.60649
G1 X147.167 Y117.918 E360.62006
G1 X147.568 Y117.903 E360.63341
G1 X147.969 Y117.807 E360.64712
G1 X148.37 Y117.615 E360.66191
G1 X148.771 Y117.299 E360.67889
G1 X149.172 Y116.892 E360.69789
G1 X149.573 Y116.54 E360.71564
G1 X149.974 Y116.34 E360.73054
G1 X150.375 Y116.265 E360.74411
G1 X150.776 Y116.28 E360.75746
G1 X151.177 Y116.376 E360.77117
G1 X151.578 Y116.568 E360.78596
G1 X151.825 Y116.763 E360.79643
G0 F9000 X153.543 Y114.58
G1 F1200 X153.583 Y114.599 E360.7979
G1 X153.984 Y114.695 E360.81161
G1 X154.385 Y114.71 E360.82496
G1 X154.786 Y114.635 E360.83853
G1 X154.953 Y114.552 E360.84473
G0 F9000 X156.984 Y116.272
G1 F1200 X157.192 Y116.28 E360.85165
G1 X157.593 Y116.376 E360.86537
G1 X157.994 Y116.568 E360.88016
G1 X158.42 Y116.909 E360.89831
G0 F9000 X158.42 Y119.77
G1 F1200 X158.395 Y119.748 E360.89941
G1 X157.994 Y119.548 E360.91432
G1 X157.593 Y119.473 E360.92789
G1 X157.192 Y119.488 E360.94123
G1 X156.791 Y119.584 E360.95495
G1 X156.39 Y119.776 E360.96973
G1 X155.989 Y120.092 E360.98671
G1 X155.667 Y120.419 E361.00198
G0 F9000 X152.694 Y120.419
G1 F1200 X152.38 Y120.1 E361.01687
G1 X151.979 Y119.748 E361.03461
G1 X151.578 Y119.548 E361.04952
G1 X151.177 Y119.473 E361.06309
G1 X150.776 Y119.488 E361.07643
G1 X150.375 Y119.584 E361.09015
G1 X149.974 Y119.776 E361.10493
G1 X149.573 Y120.092 E361.12191
G1 X149.251 Y120.419 E361.13718
G0 F9000 X146.278 Y120.419
G1 F1200 X145.964 Y120.1 E361.15207
G1 X145.563 Y119.748 E361.16981
G1 X145.162 Y119.548 E361.18472
G1 X144.761 Y119.473 E361.19829
G1 X144.36 Y119.488 E361.21163
G1 X143.959 Y119.584 E361.22535
G1 X143.558 Y119.776 E361.24013
G1 X143.157 Y120.092 E361.25711
G1 X142.835 Y120.419 E361.27238
G0 F9000 X139.862 Y120.419
G1 F1200 X139.548 Y120.1 E361.28727
G1 X139.147 Y119.748 E361.30501
G1 X138.746 Y119.548 E361.31992
G1 X138.345 Y119.473 E361.33349
G1 X137.944 Y119.488 E361.34683
G1 X137.543 Y119.584 E361.36055
G1 X137.142 Y119.776 E361.37533
G1 X136.741 Y120.092 E361.39231
G1 X136.419 Y120.419 E361.40758
G0 F9000 X133.446 Y120.419
G1 F1200 X133.132 Y120.1 E361.42247
G1 X132.731 Y119.748 E361.44021
G1 X132.33 Y119.548 E361.45512
G1 X131.929 Y119.473 E361.46869
G1 X131.528 Y119.488 E361.48203
G1 X131.127 Y119.584 E361.49575
G1 X130.726 Y119.776 E361.51053
G1 X130.325 Y120.092 E361.52752
G1 X130.003 Y120.419 E361.54278
G0 F9000 X127.03 Y120.419
G1 F1200 X126.716 Y120.1 E361.55767
G1 X126.315 Y119.748 E361.57541
G1 X125.914 Y119.548 E361.59032
G1 X125.513 Y119.473 E361.60389
G1 X125.112 Y119.488 E361.61723
G1 X124.711 Y119.584 E361.63095
G1 X124.31 Y119.776 E361.64573
G1 X123.909 Y120.092 E361.66272
G1 X123.587 Y120.419 E361.67798
G0 F9000 X120.614 Y120.419
G1 F1200 X120.3 Y120.1 E361.69287
G1 X119.899 Y119.748 E361.71061
G1 X119.498 Y119.548 E361.72552
G1 X119.097 Y119.473 E361.73909
G1 X118.696 Y119.488 E361.75243
G1 X118.295 Y119.584 E361.76615
G1 X117.894 Y119.776 E361.78093
G1 X117.493 Y120.092 E361.79792
G1 X117.171 Y120.419 E361.81318
G0 F9000 X114.198 Y120.419
G1 F1200 X113.884 Y120.1 E361.82807
G1 X113.483 Y119.748 E361.84581
G1 X113.082 Y119.548 E361.86072
G1 X112.681 Y119.473 E361.87429
G1 X112.28 Y119.488 E361.88763
G1 X111.879 Y119.584 E361.90135
G1 X111.478 Y119.776 E361.91613
G1 X111.077 Y120.092 E361.93312
G1 X110.755 Y120.419 E361.94838
G0 F9000 X107.782 Y120.419
G1 F1200 X107.468 Y120.1 E361.96327
G1 X107.067 Y119.748 E361.98101
G1 X106.666 Y119.548 E361.99592
G1 X106.265 Y119.473 E362.00949
G1 X105.864 Y119.488 E362.02283
G1 X105.463 Y119.584 E362.03655
G1 X105.062 Y119.776 E362.05133
G1 X104.661 Y120.092 E362.06832
G1 X104.339 Y120.419 E362.08358
G0 F9000 X101.366 Y120.419
G1 F1200 X101.052 Y120.1 E362.09847
G1 X100.651 Y119.748 E362.11621
G1 X100.25 Y119.548 E362.13112
G1 X99.849 Y119.473 E362.14469
G1 X99.448 Y119.488 E362.15803
G1 X99.047 Y119.584 E362.17175
G1 X98.646 Y119.776 E362.18653
G1 X98.245 Y120.092 E362.20352
G1 X97.923 Y120.419 E362.21878
G0 F9000 X94.95 Y120.419
G1 F1200 X94.636 Y120.1 E362.23367
G1 X94.235 Y119.748 E362.25141
G1 X93.834 Y119.548 E362.26632
G1 X93.433 Y119.473 E362.27989
G1 X93.032 Y119.488 E362.29323
G1 X92.631 Y119.584 E362.30695
G1 X92.23 Y119.776 E362.32174
G1 X91.829 Y120.092 E362.33872
G1 X91.507 Y120.419 E362.35398
G0 F9000 X88.534 Y120.419
G1 F1200 X88.22 Y120.1 E362.36887
G1 X87.819 Y119.748 E362.38661
G1 X87.418 Y119.548 E362.40152
G1 X87.017 Y119.473 E362.41509
G1 X86.616 Y119.488 E362.42843
G1 X86.215 Y119.584 E362.44215
G1 X85.814 Y119.776 E362.45694
G1 X85.413 Y120.092 E362.47392
G1 X85.091 Y120.419 E362.48918
G0 F9000 X84.32 Y114.58
G1 F1200 X84.21 Y114.635 E362.49327
G1 X83.809 Y114.71 E362.50684
G1 X83.408 Y114.695 E362.52019
G1 X83.007 Y114.599 E362.5339
G1 X82.967 Y114.58 E362.53537
G0 F9000 X77.903 Y114.581
G1 F1200 X77.794 Y114.635 E362.53942
G1 X77.393 Y114.71 E362.55299
G1 X76.992 Y114.695 E362.56633
G1 X76.581 Y114.594 E362.58041
G0 F9000 X77.729 Y117.646
G1 F1200 X77.393 Y117.807 E362.5928
G1 X76.992 Y117.903 E362.60652
G1 X76.58 Y117.916 E362.62023
G0 F9000 X78.675 Y120.419
G1 F1200 X78.997 Y120.092 E362.63549
G1 X79.19 Y119.94 E362.64366
G0 F9000 X80.806 Y120.037
G0 X81.406 Y119.89
G0 X81.716 Y119.726
G0 X89.383 Y114.58
G1 F1200 X89.423 Y114.599 E362.64513
G1 X89.824 Y114.695 E362.65885
G1 X90.225 Y114.71 E362.6722
G1 X90.626 Y114.635 E362.68576
G1 X90.736 Y114.58 E362.68985
G0 F9000 X95.799 Y114.58
G1 F1200 X95.839 Y114.599 E362.69133
G1 X96.24 Y114.695 E362.70504
G1 X96.641 Y114.71 E362.71839
G1 X97.042 Y114.635 E362.73196
G1 X97.152 Y114.58 E362.73605
G0 F9000 X102.215 Y114.58
G1 F1200 X102.255 Y114.599 E362.73752
G1 X102.656 Y114.695 E362.75123
G1 X103.057 Y114.71 E362.76458
G1 X103.458 Y114.635 E362.77815
G1 X103.568 Y114.58 E362.78224
G0 F9000 X108.631 Y114.58
G1 F1200 X108.671 Y114.599 E362.78371
G1 X109.072 Y114.695 E362.79743
G1 X109.473 Y114.71 E362.81077
G1 X109.874 Y114.635 E362.82434
G1 X109.984 Y114.58 E362.82843
G0 F9000 X115.047 Y114.58
G1 F1200 X115.087 Y114.599 E362.82991
G1 X115.488 Y114.695 E362.84362
G1 X115.889 Y114.71 E362.85697
G1 X116.29 Y114.635 E362.87053
G1 X116.4 Y114.58 E362.87463
G0 F9000 X121.463 Y114.58
G1 F1200 X121.503 Y114.599 E362.8761
G1 X121.904 Y114.695 E362.88981
G1 X122.305 Y114.71 E362.90316
G1 X122.706 Y114.635 E362.91673
G1 X122.816 Y114.58 E362.92082
G0 F9000 X127.879 Y114.58
G1 F1200 X127.919 Y114.599 E362.92229
G1 X128.32 Y114.695 E362.93601
G1 X128.721 Y114.71 E362.94935
G1 X129.122 Y114.635 E362.96292
G1 X129.232 Y114.58 E362.96701
G0 F9000 X134.295 Y114.58
G1 F1200 X134.335 Y114.599 E362.96848
G1 X134.736 Y114.695 E362.9822
G1 X135.137 Y114.71 E362.99554
G1 X135.538 Y114.635 E363.00911
G1 X135.648 Y114.58 E363.0132
G0 F9000 X140.711 Y114.58
G1 F1200 X140.751 Y114.599 E363.01468
G1 X141.152 Y114.695 E363.02839
G1 X141.553 Y114.71 E363.04174
G1 X141.954 Y114.635 E363.05531
G1 X142.064 Y114.58 E363.0594
G0 F9000 X147.127 Y114.58
G1 F1200 X147.167 Y114.599 E363.06087
G1 X147.568 Y114.695 E363.07458
G1 X147.969 Y114.71 E363.08793
G1 X148.37 Y114.635 E363.1015
G1 X148.48 Y114.58 E363.10559
G0 F9000 X148.48 Y114.71
;MESH:NONMESH
G0 F300 Z2
G0 F9000 X80.826 Y120.166
;TIME_ELAPSED:1090.717783
;LAYER:9
;TYPE:WALL-INNER
;MESH:3mm_tpu.stl
G1 F659.3 X80.147 Y120.166 E363.12614
G1 F625 X79.554 Y120.037 E363.14552
G1 F600 X79.072 Y119.789 E363.16355
G1 X78.864 Y119.645 E363.17196
G1 X78.471 Y119.294 E363.18949
G1 X78.098 Y118.755 E363.21129
G1 X77.871 Y118.155 E363.23262
G1 X77.796 Y117.536 E363.25336
G1 X77.866 Y116.851 E363.27626
G1 X78.1 Y116.245 E363.29787
G1 X78.464 Y115.709 E363.31942
G1 X78.864 Y115.351 E363.33727
G1 X79.072 Y115.207 E363.34569
G1 X79.563 Y114.954 E363.36406
G1 F631.6 X80.173 Y114.834 E363.3837
G1 F661.2 X80.845 Y114.834 E363.40399
G1 F626.6 X81.436 Y114.956 E363.42321
G1 F600 X81.924 Y115.207 E363.44146
G1 X82.132 Y115.351 E363.44987
G1 X82.531 Y115.709 E363.4677
G1 X82.898 Y116.246 E363.48933
G1 X83.13 Y116.857 E363.51107
G1 X83.2 Y117.535 E363.53374
G1 X83.127 Y118.148 E363.55427
G1 X82.898 Y118.755 E363.57585
G1 X82.527 Y119.291 E363.59753
G1 X82.132 Y119.645 E363.61518
G1 X81.923 Y119.789 E363.62362
G1 X81.44 Y120.038 E363.64169
G1 F631.6 X80.826 Y120.166 E363.66151
G0 F9000 X80.776 Y119.788
G1 F600 X80.217 Y119.788 E363.6801
G1 X79.68 Y119.653 E363.69852
G1 X79.19 Y119.4 E363.71686
G1 X78.773 Y119.027 E363.73547
G1 X78.455 Y118.567 E363.75407
G1 X78.261 Y118.056 E363.77225
G1 X78.195 Y117.501 E363.79084
G1 X78.259 Y116.945 E363.80945
G1 X78.456 Y116.431 E363.82776
G1 X78.768 Y115.974 E363.84616
G1 X79.19 Y115.596 E363.86501
G1 X79.685 Y115.341 E363.88353
G1 X80.221 Y115.212 E363.90186
G1 X80.78 Y115.212 E363.92046
G1 X81.312 Y115.341 E363.93866
G1 X81.806 Y115.596 E363.95715
G1 X82.228 Y115.974 E363.976
G1 X82.54 Y116.432 E363.99443
G1 X82.736 Y116.943 E364.01263
G1 X82.796 Y117.5 E364.03126
G1 X82.738 Y118.048 E364.04959
G1 X82.54 Y118.569 E364.06813
G1 X82.225 Y119.025 E364.08656
G1 X81.808 Y119.398 E364.10517
G1 X81.312 Y119.654 E364.12374
G1 X80.776 Y119.788 E364.14211
G0 F9000 X80.776 Y120.098
G0 X117.5 Y120.499
G1 F600 X153.596 Y120.499 E365.34267
G1 F634.9 X154.292 Y120.522 E365.36456
G1 F674.2 X154.704 Y120.522 E365.37675
G1 F634.9 X155.4 Y120.499 E365.39864
G1 F600 X158.5 Y120.5 E365.50175
G1 X158.5 Y114.5 E365.70131
G1 X155.388 Y114.5 E365.80482
G1 F634.9 X154.704 Y114.478 E365.82633
G1 F674.2 X154.292 Y114.478 E365.83852
G1 F634.9 X153.608 Y114.5 E365.86003
G1 F600 X81.388 Y114.5 E368.26208
G1 F634.9 X80.704 Y114.478 E368.28359
G1 F674.2 X80.292 Y114.478 E368.29578
G1 F634.9 X79.608 Y114.5 E368.31729
G1 F600 X76.501 Y114.501 E368.42063
G1 X76.5 Y120.5 E368.62016
G1 X79.596 Y120.499 E368.72313
G1 F634.9 X80.292 Y120.522 E368.74502
G1 F674.2 X80.704 Y120.522 E368.75722
G1 F634.9 X81.4 Y120.499 E368.7791
G1 F600 X117.5 Y120.499 E369.9798
G0 F9000 X117.5 Y120.9
G1 F600 X158.9 Y120.9 E371.35677
G1 X158.9 Y114.1 E371.58293
G1 X76.101 Y114.101 E374.33684
G1 X76.1 Y120.9 E374.56298
G1 X117.5 Y120.9 E375.93995
G0 F9000 X117.5 Y120.59
G0 X154.147 Y120.166
G1 F625 X153.554 Y120.037 E375.95932
G1 F600 X153.072 Y119.789 E375.97735
G1 X152.864 Y119.645 E375.98577
G1 X152.471 Y119.294 E376.00329
G1 X152.098 Y118.755 E376.02509
G1 X151.869 Y118.148 E376.04667
G1 X151.796 Y117.535 E376.0672
G1 X151.866 Y116.857 E376.08987
G1 X152.098 Y116.246 E376.11161
G1 X152.465 Y115.709 E376.13324
G1 X152.864 Y115.351 E376.15107
G1 X153.072 Y115.207 E376.15949
G1 X153.563 Y114.954 E376.17786
G1 F631.6 X154.173 Y114.834 E376.1975
G1 F661.2 X154.845 Y114.834 E376.21779
G1 F626.6 X155.436 Y114.956 E376.237
G1 F600 X155.924 Y115.207 E376.25526
G1 X156.132 Y115.351 E376.26367
G1 X156.532 Y115.709 E376.28153
G1 X156.896 Y116.245 E376.30307
G1 X157.128 Y116.847 E376.32453
G1 X157.196 Y117.5 E376.34637
G1 X157.126 Y118.152 E376.36818
G1 X156.895 Y118.759 E376.38978
G1 X156.528 Y119.29 E376.41125
G1 X156.132 Y119.645 E376.42894
G1 X155.923 Y119.789 E376.43738
G1 X155.44 Y120.038 E376.45545
G1 F631.6 X154.826 Y120.166 E376.47527
G1 F659.3 X154.147 Y120.166 E376.49582
G0 F9000 X154.217 Y119.788
G1 F600 X153.68 Y119.653 E376.51424
G1 X153.191 Y119.4 E376.53255
G1 X152.773 Y119.028 E376.55116
G1 X152.456 Y118.569 E376.56972
G1 X152.26 Y118.052 E376.58811
G1 X152.2 Y117.5 E376.60657
G1 X152.26 Y116.944 E376.62517
G1 X152.456 Y116.431 E376.64344
G1 X152.768 Y115.974 E376.66184
G1 X153.19 Y115.596 E376.68069
G1 X153.685 Y115.341 E376.69921
G1 X154.221 Y115.212 E376.71754
G1 X154.78 Y115.212 E376.73613
G1 X155.312 Y115.341 E376.75434
G1 X155.806 Y115.596 E376.77283
G1 X156.228 Y115.974 E376.79168
G1 X156.54 Y116.432 E376.81011
G1 X156.736 Y116.943 E376.82831
G1 X156.796 Y117.5 E376.84694
G1 X156.735 Y118.055 E376.86551
G1 X156.539 Y118.57 E376.88384
G1 X156.225 Y119.024 E376.9022
G1 X155.809 Y119.398 E376.92081
G1 X155.312 Y119.654 E376.9394
G1 X154.776 Y119.788 E376.95778
G1 X154.217 Y119.788 E376.97637
G0 F9000 X154.243 Y119.382
;TYPE:WALL-OUTER
G1 F600 X153.804 Y119.266 E376.99147
G1 X153.398 Y119.049 E377.00678
G1 X153.09 Y118.774 E377.02052
G1 X152.804 Y118.359 E377.03728
G1 X152.66 Y117.979 E377.0508
G1 X152.601 Y117.524 E377.06606
G1 X152.649 Y117.064 E377.08144
G1 X152.826 Y116.599 E377.09799
G1 X153.058 Y116.259 E377.11168
G1 X153.417 Y115.93 E377.12787
G1 X153.848 Y115.713 E377.14392
G1 X154.257 Y115.614 E377.15792
G1 X154.752 Y115.617 E377.17438
G1 X155.148 Y115.713 E377.18794
G1 X155.579 Y115.93 E377.20399
G1 X155.938 Y116.259 E377.22018
G1 X156.17 Y116.599 E377.23387
G1 X156.347 Y117.064 E377.25042
G1 X156.396 Y117.5 E377.26501
G1 X156.346 Y117.943 E377.27984
G1 X156.169 Y118.402 E377.2962
G1 X155.937 Y118.738 E377.30978
G1 X155.579 Y119.066 E377.32593
G1 X155.15 Y119.282 E377.34191
G1 X154.739 Y119.386 E377.35601
G1 X154.243 Y119.382 E377.37251
G0 F9000 X154.074 Y120.07
G0 X117.5 Y120.59
G0 X117.5 Y121.3
G1 F600 X159.3 Y121.3 E378.76278
G1 X159.3 Y113.7 E379.01556
G1 X75.701 Y113.701 E381.79607
G1 X75.7 Y121.3 E382.04882
G1 X117.5 Y121.3 E383.43909
G0 F9000 X117.5 Y120.59
G0 X80.907 Y120.075
G0 X80.739 Y119.386
G1 F600 X80.243 Y119.382 E383.45559
G1 X79.804 Y119.266 E383.47069
G1 X79.398 Y119.049 E383.486
G1 X79.09 Y118.774 E383.49973
G1 X78.804 Y118.359 E383.5165
G1 X78.65 Y117.943 E383.53125
G1 X78.601 Y117.524 E383.54528
G1 X78.649 Y117.064 E383.56066
G1 X78.826 Y116.599 E383.57721
G1 X79.058 Y116.259 E383.5909
G1 X79.417 Y115.93 E383.6071
G1 X79.848 Y115.713 E383.62315
G1 X80.257 Y115.614 E383.63714
G1 X80.752 Y115.617 E383.65361
G1 X81.148 Y115.713 E383.66716
G1 X81.579 Y115.93 E383.68321
G1 X81.938 Y116.259 E383.69941
G1 X82.17 Y116.599 E383.7131
G1 X82.347 Y117.064 E383.72965
G1 X82.396 Y117.5 E383.74424
G1 X82.336 Y117.979 E383.76029
G1 X82.192 Y118.359 E383.77381
G1 X81.937 Y118.738 E383.789
G1 X81.579 Y119.066 E383.80515
G1 X81.15 Y119.282 E383.82113
G1 X80.739 Y119.386 E383.83523
G0 F9000 X80.907 Y120.075
G0 X81.845 Y119.918
;TYPE:FILL
G1 F1200 X82.205 Y120.336 E383.85358
G1 X82.29 Y120.419 E383.85753
G0 F9000 X83.23 Y117.965
G1 F1200 X83.408 Y117.933 E383.86354
G1 X83.809 Y117.779 E383.87783
G1 X84.21 Y117.521 E383.89369
G1 X84.611 Y117.128 E383.91236
G1 X85.012 Y116.662 E383.93281
G1 X85.413 Y116.327 E383.95019
G1 X85.814 Y116.189 E383.9643
G1 X86.215 Y116.177 E383.97764
G1 X86.616 Y116.25 E383.9912
G1 X87.017 Y116.404 E384.00548
G1 X87.418 Y116.662 E384.02134
G1 X87.819 Y117.055 E384.04002
G1 X88.22 Y117.521 E384.06046
G1 X88.621 Y117.856 E384.07784
G1 X89.022 Y117.994 E384.09195
G1 X89.423 Y118.006 E384.10529
G1 X89.824 Y117.933 E384.11885
G1 X90.225 Y117.779 E384.13314
G1 X90.626 Y117.521 E384.14899
G1 X91.027 Y117.128 E384.16767
G1 X91.428 Y116.662 E384.18812
G1 X91.829 Y116.327 E384.2055
G1 X92.23 Y116.189 E384.2196
G1 X92.631 Y116.177 E384.23294
G1 X93.032 Y116.25 E384.2465
G1 X93.433 Y116.404 E384.26079
G1 X93.834 Y116.662 E384.27665
G1 X94.235 Y117.055 E384.29532
G1 X94.636 Y117.521 E384.31577
G1 X95.037 Y117.856 E384.33315
G1 X95.438 Y117.994 E384.34725
G1 X95.839 Y118.006 E384.3606
G1 X96.24 Y117.933 E384.37415
G1 X96.641 Y117.779 E384.38844
G1 X97.042 Y117.521 E384.4043
G1 X97.443 Y117.128 E384.42297
G1 X97.844 Y116.662 E384.44342
G1 X98.245 Y116.327 E384.4608
G1 X98.646 Y116.189 E384.47491
G1 X99.047 Y116.177 E384.48825
G1 X99.448 Y116.25 E384.50181
G1 X99.849 Y116.404 E384.51609
G1 X100.25 Y116.662 E384.53195
G1 X100.651 Y117.055 E384.55063
G1 X101.052 Y117.521 E384.57107
G1 X101.453 Y117.856 E384.58845
G1 X101.854 Y117.994 E384.60256
G1 X102.255 Y118.006 E384.6159
G1 X102.656 Y117.933 E384.62946
G1 X103.057 Y117.779 E384.64375
G1 X103.458 Y117.521 E384.65961
G1 X103.859 Y117.128 E384.67828
G1 X104.26 Y116.662 E384.69873
G1 X104.661 Y116.327 E384.71611
G1 X105.062 Y116.189 E384.73021
G1 X105.463 Y116.177 E384.74355
G1 X105.864 Y116.25 E384.75711
G1 X106.265 Y116.404 E384.7714
G1 X106.666 Y116.662 E384.78726
G1 X107.067 Y117.055 E384.80593
G1 X107.468 Y117.521 E384.82638
G1 X107.869 Y117.856 E384.84376
G1 X108.27 Y117.994 E384.85786
G1 X108.671 Y118.006 E384.87121
G1 X109.072 Y117.933 E384.88476
G1 X109.473 Y117.779 E384.89905
G1 X109.874 Y117.521 E384.91491
G1 X110.275 Y117.128 E384.93359
G1 X110.676 Y116.662 E384.95403
G1 X111.077 Y116.327 E384.97141
G1 X111.478 Y116.189 E384.98552
G1 X111.879 Y116.177 E384.99886
G1 X112.28 Y116.25 E385.01242
G1 X112.681 Y116.404 E385.0267
G1 X113.082 Y116.662 E385.04256
G1 X113.483 Y117.055 E385.06124
G1 X113.884 Y117.521 E385.08169
G1 X114.285 Y117.856 E385.09906
G1 X114.686 Y117.994 E385.11317
G1 X115.087 Y118.006 E385.12651
G1 X115.488 Y117.933 E385.14007
G1 X115.889 Y117.779 E385.15436
G1 X116.29 Y117.521 E385.17022
G1 X116.691 Y117.128 E385.18889
G1 X117.092 Y116.662 E385.20934
G1 X117.493 Y116.327 E385.22672
G1 X117.894 Y116.189 E385.24082
G1 X118.295 Y116.177 E385.25417
G1 X118.696 Y116.25 E385.26772
G1 X119.097 Y116.404 E385.28201
G1 X119.498 Y116.662 E385.29787
G1 X119.899 Y117.055 E385.31654
G1 X120.3 Y117.521 E385.33699
G1 X120.701 Y117.856 E385.35437
G1 X121.102 Y117.994 E385.36847
G1 X121.503 Y118.006 E385.38182
G1 X121.904 Y117.933 E385.39537
G1 X122.305 Y117.779 E385.40966
G1 X122.706 Y117.521 E385.42552
G1 X123.107 Y117.128 E385.4442
G1 X123.508 Y116.662 E385.46464
G1 X123.909 Y116.327 E385.48202
G1 X124.31 Y116.189 E385.49613
G1 X124.711 Y116.177 E385.50947
G1 X125.112 Y116.25 E385.52303
G1 X125.513 Y116.404 E385.53731
G1 X125.914 Y116.662 E385.55317
G1 X126.315 Y117.055 E385.57185
G1 X126.716 Y117.521 E385.5923
G1 X127.117 Y117.856 E385.60967
G1 X127.518 Y117.994 E385.62378
G1 X127.919 Y118.006 E385.63712
G1 X128.32 Y117.933 E385.65068
G1 X128.721 Y117.779 E385.66497
G1 X129.122 Y117.521 E385.68083
G1 X129.523 Y117.128 E385.6995
G1 X129.924 Y116.662 E385.71995
G1 X130.325 Y116.327 E385.73733
G1 X130.726 Y116.189 E385.75143
G1 X131.127 Y116.177 E385.76478
G1 X131.528 Y116.25 E385.77833
G1 X131.929 Y116.404 E385.79262
G1 X132.33 Y116.662 E385.80848
G1 X132.731 Y117.055 E385.82715
G1 X133.132 Y117.521 E385.8476
G1 X133.533 Y117.856 E385.86498
G1 X133.934 Y117.994 E385.87909
G1 X134.335 Y118.006 E385.89243
G1 X134.736 Y117.933 E385.90598
G1 X135.137 Y117.779 E385.92027
G1 X135.538 Y117.521 E385.93613
G1 X135.939 Y117.128 E385.95481
G1 X136.34 Y116.662 E385.97525
G1 X136.741 Y116.327 E385.99263
G1 X137.142 Y116.189 E386.00674
G1 X137.543 Y116.177 E386.02008
G1 X137.944 Y116.25 E386.03364
G1 X138.345 Y116.404 E386.04792
G1 X138.746 Y116.662 E386.06378
G1 X139.147 Y117.055 E386.08246
G1 X139.548 Y117.521 E386.10291
G1 X139.949 Y117.856 E386.12029
G1 X140.35 Y117.994 E386.13439
G1 X140.751 Y118.006 E386.14773
G1 X141.152 Y117.933 E386.16129
G1 X141.553 Y117.779 E386.17558
G1 X141.954 Y117.521 E386.19144
G1 X142.355 Y117.128 E386.21011
G1 X142.756 Y116.662 E386.23056
G1 X143.157 Y116.327 E386.24794
G1 X143.558 Y116.189 E386.26204
G1 X143.959 Y116.177 E386.27539
G1 X144.36 Y116.25 E386.28894
G1 X144.761 Y116.404 E386.30323
G1 X145.162 Y116.662 E386.31909
G1 X145.563 Y117.055 E386.33776
G1 X145.964 Y117.521 E386.35821
G1 X146.365 Y117.856 E386.37559
G1 X146.766 Y117.994 E386.3897
G1 X147.167 Y118.006 E386.40304
G1 X147.568 Y117.933 E386.4166
G1 X147.969 Y117.779 E386.43088
G1 X148.37 Y117.521 E386.44674
G1 X148.771 Y117.128 E386.46542
G1 X149.172 Y116.662 E386.48586
G1 X149.573 Y116.327 E386.50324
G1 X149.974 Y116.189 E386.51735
G1 X150.375 Y116.177 E386.53069
G1 X150.776 Y116.25 E386.54425
G1 X151.177 Y116.404 E386.55853
G1 X151.578 Y116.662 E386.57439
G1 X151.797 Y116.877 E386.5846
G0 F9000 X152.021 Y116.573
G0 X153.606 Y114.58
G1 F1200 X153.984 Y114.725 E386.59807
G1 X154.316 Y114.785 E386.60929
G0 F9000 X154.825 Y114.773
G1 F1200 X155.187 Y114.648 E386.62203
G1 X155.277 Y114.572 E386.62594
G0 F9000 X156.949 Y116.206
G1 F1200 X157.192 Y116.25 E386.63416
G1 X157.593 Y116.404 E386.64844
G1 X157.994 Y116.662 E386.6643
G1 X158.42 Y117.084 E386.68425
G0 F9000 X158.42 Y119.556
G1 F1200 X158.395 Y119.535 E386.68533
G1 X157.994 Y119.397 E386.69944
G1 X157.593 Y119.385 E386.71278
G1 X157.192 Y119.458 E386.72634
G1 X156.791 Y119.612 E386.74063
G1 X156.39 Y119.87 E386.75649
G1 X155.989 Y120.263 E386.77516
G1 X155.855 Y120.419 E386.782
G0 F9000 X152.866 Y120.419
G1 F1200 X152.781 Y120.336 E386.78595
G1 X152.38 Y119.87 E386.8064
G1 X151.979 Y119.535 E386.82378
G1 X151.578 Y119.397 E386.83788
G1 X151.177 Y119.385 E386.85123
G1 X150.776 Y119.458 E386.86478
G1 X150.375 Y119.612 E386.87907
G1 X149.974 Y119.87 E386.89493
G1 X149.573 Y120.263 E386.9136
G1 X149.439 Y120.419 E386.92044
G0 F9000 X146.45 Y120.419
G1 F1200 X146.365 Y120.336 E386.9244
G1 X145.964 Y119.87 E386.94484
G1 X145.563 Y119.535 E386.96222
G1 X145.162 Y119.397 E386.97633
G1 X144.761 Y119.385 E386.98967
G1 X144.36 Y119.458 E387.00323
G1 X143.959 Y119.612 E387.01751
G1 X143.558 Y119.87 E387.03337
G1 X143.157 Y120.263 E387.05205
G1 X143.023 Y120.419 E387.05889
G0 F9000 X140.034 Y120.419
G1 F1200 X139.949 Y120.336 E387.06284
G1 X139.548 Y119.87 E387.08329
G1 X139.147 Y119.535 E387.10067
G1 X138.746 Y119.397 E387.11477
G1 X138.345 Y119.385 E387.12811
G1 X137.944 Y119.458 E387.14167
G1 X137.543 Y119.612 E387.15596
G1 X137.142 Y119.87 E387.17182
G1 X136.741 Y120.263 E387.19049
G1 X136.607 Y120.419 E387.19733
G0 F9000 X133.618 Y120.419
G1 F1200 X133.533 Y120.336 E387.20128
G1 X133.132 Y119.87 E387.22173
G1 X132.731 Y119.535 E387.23911
G1 X132.33 Y119.397 E387.25321
G1 X131.929 Y119.385 E387.26656
G1 X131.528 Y119.458 E387.28011
G1 X131.127 Y119.612 E387.2944
G1 X130.726 Y119.87 E387.31026
G1 X130.325 Y120.263 E387.32894
G1 X130.191 Y120.419 E387.33578
G0 F9000 X127.202 Y120.419
G1 F1200 X127.117 Y120.336 E387.33973
G1 X126.716 Y119.87 E387.36017
G1 X126.315 Y119.535 E387.37755
G1 X125.914 Y119.397 E387.39166
G1 X125.513 Y119.385 E387.405
G1 X125.112 Y119.458 E387.41856
G1 X124.711 Y119.612 E387.43285
G1 X124.31 Y119.87 E387.4487
G1 X123.909 Y120.263 E387.46738
G1 X123.775 Y120.419 E387.47422
G0 F9000 X120.786 Y120.419
G1 F1200 X120.701 Y120.336 E387.47817
G1 X120.3 Y119.87 E387.49862
G1 X119.899 Y119.535 E387.516
G1 X119.498 Y119.397 E387.5301
G1 X119.097 Y119.385 E387.54345
G1 X118.696 Y119.458 E387.557
G1 X118.295 Y119.612 E387.57129
G1 X117.894 Y119.87 E387.58715
G1 X117.493 Y120.263 E387.60582
G1 X117.359 Y120.419 E387.61266
G0 F9000 X114.37 Y120.419
G1 F1200 X114.285 Y120.336 E387.61661
G1 X113.884 Y119.87 E387.63706
G1 X113.483 Y119.535 E387.65444
G1 X113.082 Y119.397 E387.66855
G1 X112.681 Y119.385 E387.68189
G1 X112.28 Y119.458 E387.69545
G1 X111.879 Y119.612 E387.70973
G1 X111.478 Y119.87 E387.72559
G1 X111.077 Y120.263 E387.74427
G1 X110.943 Y120.419 E387.75111
G0 F9000 X107.954 Y120.419
G1 F1200 X107.869 Y120.336 E387.75506
G1 X107.468 Y119.87 E387.77551
G1 X107.067 Y119.535 E387.79289
G1 X106.666 Y119.397 E387.80699
G1 X106.265 Y119.385 E387.82033
G1 X105.864 Y119.458 E387.83389
G1 X105.463 Y119.612 E387.84818
G1 X105.062 Y119.87 E387.86404
G1 X104.661 Y120.263 E387.88271
G1 X104.527 Y120.419 E387.88955
G0 F9000 X101.538 Y120.419
G1 F1200 X101.453 Y120.336 E387.8935
G1 X101.052 Y119.87 E387.91395
G1 X100.651 Y119.535 E387.93133
G1 X100.25 Y119.397 E387.94543
G1 X99.849 Y119.385 E387.95878
G1 X99.448 Y119.458 E387.97233
G1 X99.047 Y119.612 E387.98662
G1 X98.646 Y119.87 E388.00248
G1 X98.245 Y120.263 E388.02116
G1 X98.111 Y120.419 E388.028
G0 F9000 X95.122 Y120.419
G1 F1200 X95.037 Y120.336 E388.03195
G1 X94.636 Y119.87 E388.05239
G1 X94.235 Y119.535 E388.06977
G1 X93.834 Y119.397 E388.08388
G1 X93.433 Y119.385 E388.09722
G1 X93.032 Y119.458 E388.11078
G1 X92.631 Y119.612 E388.12507
G1 X92.23 Y119.87 E388.14092
G1 X91.829 Y120.263 E388.1596
G1 X91.695 Y120.419 E388.16644
G0 F9000 X88.706 Y120.419
G1 F1200 X88.621 Y120.336 E388.17039
G1 X88.22 Y119.87 E388.19084
G1 X87.819 Y119.535 E388.20822
G1 X87.418 Y119.397 E388.22232
G1 X87.017 Y119.385 E388.23567
G1 X86.616 Y119.458 E388.24922
G1 X86.215 Y119.612 E388.26351
G1 X85.814 Y119.87 E388.27937
G1 X85.413 Y120.263 E388.29804
G1 X85.279 Y120.419 E388.30488
G0 F9000 X84.692 Y114.58
G1 F1200 X84.611 Y114.648 E388.3084
G1 X84.21 Y114.786 E388.32251
G1 X83.809 Y114.798 E388.33585
G1 X83.408 Y114.725 E388.34941
G1 X83.03 Y114.58 E388.36287
G0 F9000 X78.276 Y114.58
G1 F1200 X78.195 Y114.648 E388.36639
G1 X77.794 Y114.786 E388.38049
G1 X77.393 Y114.798 E388.39384
G1 X76.992 Y114.725 E388.40739
G1 X76.617 Y114.581 E388.42075
G0 F9000 X77.719 Y117.569
G1 F1200 X77.393 Y117.779 E388.43365
G1 X76.992 Y117.933 E388.44794
G1 X76.58 Y118.006 E388.46186
G0 F9000 X78.863 Y120.419
G1 F1200 X78.997 Y120.263 E388.4687
G1 X79.28 Y119.986 E388.48187
G0 F9000 X80.806 Y120.037
G0 X81.406 Y119.89
G0 X81.716 Y119.726
G0 X89.446 Y114.58
G1 F1200 X89.824 Y114.725 E388.49533
G1 X90.225 Y114.798 E388.50889
G1 X90.626 Y114.786 E388.52223
G1 X91.027 Y114.648 E388.53634
G1 X91.108 Y114.58 E388.53985
G0 F9000 X95.862 Y114.58
G1 F1200 X96.24 Y114.725 E388.55332
G1 X96.641 Y114.798 E388.56688
G1 X97.042 Y114.786 E388.58022
G1 X97.443 Y114.648 E388.59432
G1 X97.524 Y114.58 E388.59784
G0 F9000 X102.278 Y114.58
G1 F1200 X102.656 Y114.725 E388.61131
G1 X103.057 Y114.798 E388.62486
G1 X103.458 Y114.786 E388.63821
G1 X103.859 Y114.648 E388.65231
G1 X103.94 Y114.58 E388.65583
G0 F9000 X108.694 Y114.58
G1 F1200 X109.072 Y114.725 E388.6693
G1 X109.473 Y114.798 E388.68285
G1 X109.874 Y114.786 E388.6962
G1 X110.275 Y114.648 E388.7103
G1 X110.356 Y114.58 E388.71382
G0 F9000 X115.11 Y114.58
G1 F1200 X115.488 Y114.725 E388.72728
G1 X115.889 Y114.798 E388.74084
G1 X116.29 Y114.786 E388.75418
G1 X116.691 Y114.648 E388.76829
G1 X116.772 Y114.58 E388.77181
G0 F9000 X121.526 Y114.58
G1 F1200 X121.904 Y114.725 E388.78527
G1 X122.305 Y114.798 E388.79883
G1 X122.706 Y114.786 E388.81217
G1 X123.107 Y114.648 E388.82628
G1 X123.188 Y114.58 E388.82979
G0 F9000 X127.942 Y114.58
G1 F1200 X128.32 Y114.725 E388.84326
G1 X128.721 Y114.798 E388.85682
G1 X129.122 Y114.786 E388.87016
G1 X129.523 Y114.648 E388.88426
G1 X129.604 Y114.58 E388.88778
G0 F9000 X134.358 Y114.58
G1 F1200 X134.736 Y114.725 E388.90125
G1 X135.137 Y114.798 E388.9148
G1 X135.538 Y114.786 E388.92815
G1 X135.939 Y114.648 E388.94225
G1 X136.02 Y114.58 E388.94577
G0 F9000 X140.774 Y114.58
G1 F1200 X141.152 Y114.725 E388.95924
G1 X141.553 Y114.798 E388.97279
G1 X141.954 Y114.786 E388.98614
G1 X142.355 Y114.648 E389.00024
G1 X142.436 Y114.58 E389.00376
G0 F9000 X147.19 Y114.58
G1 F1200 X147.568 Y114.725 E389.01722
G1 X147.969 Y114.798 E389.03078
G1 X148.37 Y114.786 E389.04412
G1 X148.771 Y114.648 E389.05823
G1 X148.852 Y114.58 E389.06175
G0 F9000 X148.852 Y114.71
;MESH:NONMESH
G0 F300 Z2.2
G0 F9000 X80.826 Y120.166
;TIME_ELAPSED:1169.629298
;LAYER:10
;TYPE:WALL-INNER
;MESH:3mm_tpu.stl
G1 F659.3 X80.147 Y120.166 E389.0823
G1 F625 X79.554 Y120.037 E389.10167
G1 F600 X79.072 Y119.789 E389.1197
G1 X78.864 Y119.645 E389.12812
G1 X78.471 Y119.294 E389.14564
G1 X78.098 Y118.755 E389.16744
G1 X77.871 Y118.155 E389.18878
G1 X77.796 Y117.536 E389.20952
G1 X77.866 Y116.851 E389.23242
G1 X78.1 Y116.245 E389.25403
G1 X78.464 Y115.709 E389.27558
G1 X78.864 Y115.351 E389.29343
G1 X79.072 Y115.207 E389.30185
G1 X79.563 Y114.954 E389.32022
G1 F631.6 X80.173 Y114.834 E389.33986
G1 F661.2 X80.845 Y114.834 E389.36014
G1 F626.6 X81.436 Y114.956 E389.37936
G1 F600 X81.924 Y115.207 E389.39761
G1 X82.132 Y115.351 E389.40603
G1 X82.531 Y115.709 E389.42386
G1 X82.898 Y116.246 E389.44549
G1 X83.13 Y116.857 E389.46723
G1 X83.2 Y117.535 E389.4899
G1 X83.127 Y118.148 E389.51043
G1 X82.898 Y118.755 E389.53201
G1 X82.527 Y119.291 E389.55369
G1 X82.132 Y119.645 E389.57133
G1 X81.923 Y119.789 E389.57977
G1 X81.44 Y120.038 E389.59785
G1 F631.6 X80.826 Y120.166 E389.61767
G0 F9000 X80.776 Y119.788
G1 F600 X80.217 Y119.788 E389.63626
G1 X79.68 Y119.653 E389.65467
G1 X79.19 Y119.4 E389.67302
G1 X78.773 Y119.027 E389.69162
G1 X78.455 Y118.567 E389.71022
G1 X78.261 Y118.056 E389.7284
G1 X78.195 Y117.501 E389.74699
G1 X78.259 Y116.945 E389.76561
G1 X78.456 Y116.431 E389.78392
G1 X78.768 Y115.974 E389.80232
G1 X79.19 Y115.596 E389.82116
G1 X79.685 Y115.341 E389.83968
G1 X80.221 Y115.212 E389.85802
G1 X80.78 Y115.212 E389.87661
G1 X81.312 Y115.341 E389.89482
G1 X81.806 Y115.596 E389.91331
G1 X82.228 Y115.974 E389.93215
G1 X82.54 Y116.432 E389.95059
G1 X82.736 Y116.943 E389.96879
G1 X82.796 Y117.5 E389.98742
G1 X82.738 Y118.048 E390.00575
G1 X82.54 Y118.569 E390.02429
G1 X82.225 Y119.025 E390.04272
G1 X81.808 Y119.398 E390.06133
G1 X81.312 Y119.654 E390.07989
G1 X80.776 Y119.788 E390.09827
G0 F9000 X80.776 Y120.098
G0 X117.5 Y120.499
G1 F600 X153.596 Y120.499 E391.29883
G1 F634.9 X154.292 Y120.522 E391.32072
G1 F674.2 X154.704 Y120.522 E391.33291
G1 F634.9 X155.4 Y120.499 E391.3548
G1 F600 X158.5 Y120.5 E391.45791
G1 X158.5 Y114.5 E391.65747
G1 X155.388 Y114.5 E391.76097
G1 F634.9 X154.704 Y114.478 E391.78248
G1 F674.2 X154.292 Y114.478 E391.79468
G1 F634.9 X153.608 Y114.5 E391.81619
G1 F600 X81.388 Y114.5 E394.21823
G1 F634.9 X80.704 Y114.478 E394.23974
G1 F674.2 X80.292 Y114.478 E394.25194
G1 F634.9 X79.608 Y114.5 E394.27345
G1 F600 X76.501 Y114.501 E394.37679
G1 X76.5 Y120.5 E394.57632
G1 X79.596 Y120.499 E394.67929
G1 F634.9 X80.292 Y120.522 E394.70118
G1 F674.2 X80.704 Y120.522 E394.71337
G1 F634.9 X81.4 Y120.499 E394.73526
G1 F600 X117.5 Y120.499 E395.93595
G0 F9000 X117.5 Y120.9
G1 F600 X158.9 Y120.9 E397.31292
G1 X158.9 Y114.1 E397.53909
G1 X76.101 Y114.101 E400.293
G1 X76.1 Y120.9 E400.51913
G1 X117.5 Y120.9 E401.8961
G0 F9000 X117.5 Y120.59
G0 X154.147 Y120.166
G1 F625 X153.554 Y120.037 E401.91548
G1 F600 X153.072 Y119.789 E401.93351
G1 X152.864 Y119.645 E401.94192
G1 X152.471 Y119.294 E401.95945
G1 X152.098 Y118.755 E401.98125
G1 X151.869 Y118.148 E402.00283
G1 X151.796 Y117.535 E402.02336
G1 X151.866 Y116.857 E402.04603
G1 X152.098 Y116.246 E402.06777
G1 X152.465 Y115.709 E402.0894
G1 X152.864 Y115.351 E402.10723
G1 X153.072 Y115.207 E402.11564
G1 X153.563 Y114.954 E402.13402
G1 F631.6 X154.173 Y114.834 E402.15366
G1 F661.2 X154.845 Y114.834 E402.17394
G1 F626.6 X155.436 Y114.956 E402.19316
G1 F600 X155.924 Y115.207 E402.21141
G1 X156.132 Y115.351 E402.21983
G1 X156.532 Y115.709 E402.23768
G1 X156.896 Y116.245 E402.25923
G1 X157.128 Y116.847 E402.28069
G1 X157.196 Y117.5 E402.30253
G1 X157.126 Y118.152 E402.32434
G1 X156.895 Y118.759 E402.34594
G1 X156.528 Y119.29 E402.36741
G1 X156.132 Y119.645 E402.3851
G1 X155.923 Y119.789 E402.39354
G1 X155.44 Y120.038 E402.41161
G1 F631.6 X154.826 Y120.166 E402.43143
G1 F659.3 X154.147 Y120.166 E402.45198
G0 F9000 X154.217 Y119.788
G1 F600 X153.68 Y119.653 E402.4704
G1 X153.191 Y119.4 E402.48871
G1 X152.773 Y119.028 E402.50732
G1 X152.456 Y118.569 E402.52587
G1 X152.26 Y118.052 E402.54426
G1 X152.2 Y117.5 E402.56273
G1 X152.26 Y116.944 E402.58133
G1 X152.456 Y116.431 E402.5996
G1 X152.768 Y115.974 E402.618
G1 X153.19 Y115.596 E402.63684
G1 X153.685 Y115.341 E402.65536
G1 X154.221 Y115.212 E402.6737
G1 X154.78 Y115.212 E402.69229
G1 X155.312 Y115.341 E402.7105
G1 X155.806 Y115.596 E402.72899
G1 X156.228 Y115.974 E402.74783
G1 X156.54 Y116.432 E402.76626
G1 X156.736 Y116.943 E402.78447
G1 X156.796 Y117.5 E402.8031
G1 X156.735 Y118.055 E402.82167
G1 X156.539 Y118.57 E402.84
G1 X156.225 Y119.024 E402.85836
G1 X155.809 Y119.398 E402.87696
G1 X155.312 Y119.654 E402.89556
G1 X154.776 Y119.788 E402.91393
G1 X154.217 Y119.788 E402.93253
G0 F9000 X154.243 Y119.382
;TYPE:WALL-OUTER
G1 F600 X153.804 Y119.266 E402.94763
G1 X153.398 Y119.049 E402.96294
G1 X153.09 Y118.774 E402.97667
G1 X152.804 Y118.359 E402.99344
G1 X152.66 Y117.979 E403.00695
G1 X152.601 Y117.524 E403.02221
G1 X152.649 Y117.064 E403.0376
G1 X152.826 Y116.599 E403.05414
G1 X153.058 Y116.259 E403.06783
G1 X153.417 Y115.93 E403.08403
G1 X153.848 Y115.713 E403.10008
G1 X154.257 Y115.614 E403.11408
G1 X154.752 Y115.617 E403.13054
G1 X155.148 Y115.713 E403.14409
G1 X155.579 Y115.93 E403.16014
G1 X155.938 Y116.259 E403.17634
G1 X156.17 Y116.599 E403.19003
G1 X156.347 Y117.064 E403.20658
G1 X156.396 Y117.5 E403.22117
G1 X156.346 Y117.943 E403.236
G1 X156.169 Y118.402 E403.25236
G1 X155.937 Y118.738 E403.26594
G1 X155.579 Y119.066 E403.28209
G1 X155.15 Y119.282 E403.29807
G1 X154.739 Y119.386 E403.31217
G1 X154.243 Y119.382 E403.32866
G0 F9000 X154.074 Y120.07
G0 X117.5 Y120.59
G0 X117.5 Y121.3
G1 F600 X159.3 Y121.3 E404.71894
G1 X159.3 Y113.7 E404.97171
G1 X75.701 Y113.701 E407.75223
G1 X75.7 Y121.3 E408.00497
G1 X117.5 Y121.3 E409.39525
G0 F9000 X117.5 Y120.59
G0 X80.907 Y120.075
G0 X80.739 Y119.386
G1 F600 X80.243 Y119.382 E409.41174
G1 X79.804 Y119.266 E409.42685
G1 X79.398 Y119.049 E409.44216
G1 X79.09 Y118.774 E409.45589
G1 X78.804 Y118.359 E409.47265
G1 X78.65 Y117.943 E409.48741
G1 X78.601 Y117.524 E409.50144
G1 X78.649 Y117.064 E409.51682
G1 X78.826 Y116.599 E409.53337
G1 X79.058 Y116.259 E409.54706
G1 X79.417 Y115.93 E409.56326
G1 X79.848 Y115.713 E409.57931
G1 X80.257 Y115.614 E409.5933
G1 X80.752 Y115.617 E409.60977
G1 X81.148 Y115.713 E409.62332
G1 X81.579 Y115.93 E409.63937
G1 X81.938 Y116.259 E409.65556
G1 X82.17 Y116.599 E409.66925
G1 X82.347 Y117.064 E409.6858
G1 X82.396 Y117.5 E409.7004
G1 X82.336 Y117.979 E409.71645
G1 X82.192 Y118.359 E409.72997
G1 X81.937 Y118.738 E409.74516
G1 X81.579 Y119.066 E409.76131
G1 X81.15 Y119.282 E409.77728
G1 X80.739 Y119.386 E409.79139
G0 F9000 X80.907 Y120.075
G0 X82.424 Y119.759
;TYPE:FILL
G1 F600 X82.884 Y120.219 E409.80437
G0 F9000 X83.449 Y120.219
G1 F600 X82.711 Y119.481 E409.8252
G0 F9000 X82.957 Y119.161
G1 F600 X84.015 Y120.219 E409.85505
G0 F9000 X84.581 Y120.219
G1 F600 X83.168 Y118.806 E409.89493
G0 F9000 X83.33 Y118.403
G1 F600 X85.146 Y120.219 E409.94618
G0 F9000 X85.712 Y120.219
G1 F600 X83.434 Y117.94 E410.01049
G0 F9000 X83.475 Y117.416
G1 F600 X86.278 Y120.219 E410.08959
G0 F9000 X86.843 Y120.219
G1 F600 X83.374 Y116.75 E410.1875
G0 F9000 X82.758 Y115.568
G1 F600 X87.409 Y120.219 E410.31876
G0 F9000 X87.975 Y120.219
G1 F600 X82.536 Y114.78 E410.47226
G0 F9000 X82.452 Y115.262
G1 F600 X81.971 Y114.78 E410.48585
G0 F9000 X83.102 Y114.78
G1 F600 X88.54 Y120.219 E410.63933
G0 F9000 X89.106 Y120.219
G1 F600 X83.668 Y114.78 E410.79282
G0 F9000 X84.233 Y114.78
G1 F600 X89.672 Y120.219 E410.94632
G0 F9000 X90.237 Y120.219
G1 F600 X84.799 Y114.78 E411.09981
G0 F9000 X85.365 Y114.78
G1 F600 X90.803 Y120.219 E411.25329
G0 F9000 X91.369 Y120.219
G1 F600 X85.93 Y114.78 E411.40679
G0 F9000 X86.496 Y114.78
G1 F600 X91.934 Y120.219 E411.56028
G0 F9000 X92.5 Y120.219
G1 F600 X87.062 Y114.78 E411.71377
G0 F9000 X87.628 Y114.78
G1 F600 X93.066 Y120.219 E411.86725
G0 F9000 X93.632 Y120.219
G1 F600 X88.193 Y114.78 E412.02075
G0 F9000 X88.759 Y114.78
G1 F600 X94.197 Y120.219 E412.17424
G0 F9000 X94.763 Y120.219
G1 F600 X89.325 Y114.78 E412.32773
G0 F9000 X89.89 Y114.78
G1 F600 X95.329 Y120.219 E412.48123
G0 F9000 X95.894 Y120.219
G1 F600 X90.456 Y114.78 E412.63471
G0 F9000 X91.022 Y114.78
G1 F600 X96.46 Y120.219 E412.7882
G0 F9000 X97.026 Y120.219
G1 F600 X91.587 Y114.78 E412.9417
G0 F9000 X92.153 Y114.78
G1 F600 X97.591 Y120.219 E413.09518
G0 F9000 X98.157 Y120.219
G1 F600 X92.719 Y114.78 E413.24867
G0 F9000 X93.284 Y114.78
G1 F600 X98.723 Y120.219 E413.40217
G0 F9000 X99.288 Y120.219
G1 F600 X93.85 Y114.78 E413.55566
G0 F9000 X94.416 Y114.78
G1 F600 X99.854 Y120.219 E413.70914
G0 F9000 X100.42 Y120.219
G1 F600 X94.981 Y114.78 E413.86264
G0 F9000 X95.547 Y114.78
G1 F600 X100.985 Y120.219 E414.01613
G0 F9000 X101.551 Y120.219
G1 F600 X96.113 Y114.78 E414.16962
G0 F9000 X96.678 Y114.78
G1 F600 X102.117 Y120.219 E414.32312
G0 F9000 X102.683 Y120.219
G1 F600 X97.244 Y114.78 E414.47662
G0 F9000 X97.81 Y114.78
G1 F600 X103.248 Y120.219 E414.6301
G0 F9000 X103.814 Y120.219
G1 F600 X98.376 Y114.78 E414.78359
G0 F9000 X98.941 Y114.78
G1 F600 X104.38 Y120.219 E414.93709
G0 F9000 X104.945 Y120.219
G1 F600 X99.507 Y114.78 E415.09058
G0 F9000 X100.073 Y114.78
G1 F600 X105.511 Y120.219 E415.24406
G0 F9000 X106.077 Y120.219
G1 F600 X100.638 Y114.78 E415.39756
G0 F9000 X101.204 Y114.78
G1 F600 X106.642 Y120.219 E415.55105
G0 F9000 X107.208 Y120.219
G1 F600 X101.77 Y114.78 E415.70453
G0 F9000 X102.335 Y114.78
G1 F600 X107.774 Y120.219 E415.85804
G0 F9000 X108.339 Y120.219
G1 F600 X102.901 Y114.78 E416.01152
G0 F9000 X103.467 Y114.78
G1 F600 X108.905 Y120.219 E416.16501
G0 F9000 X109.471 Y120.219
G1 F600 X104.032 Y114.78 E416.31851
G0 F9000 X104.598 Y114.78
G1 F600 X110.036 Y120.219 E416.47199
G0 F9000 X110.602 Y120.219
G1 F600 X105.164 Y114.78 E416.62548
G0 F9000 X105.729 Y114.78
G1 F600 X111.168 Y120.219 E416.77898
G0 F9000 X111.733 Y120.219
G1 F600 X106.295 Y114.78 E416.93247
G0 F9000 X106.861 Y114.78
G1 F600 X112.299 Y120.219 E417.08595
G0 F9000 X112.865 Y120.219
G1 F600 X107.426 Y114.78 E417.23945
G0 F9000 X107.992 Y114.78
G1 F600 X113.431 Y120.219 E417.39295
G0 F9000 X113.996 Y120.219
G1 F600 X108.558 Y114.78 E417.54644
G0 F9000 X109.124 Y114.78
G1 F600 X114.562 Y120.219 E417.69993
G0 F9000 X115.128 Y120.219
G1 F600 X109.689 Y114.78 E417.85343
G0 F9000 X110.255 Y114.78
G1 F600 X115.693 Y120.219 E418.00691
G0 F9000 X116.259 Y120.219
G1 F600 X110.821 Y114.78 E418.1604
G0 F9000 X111.386 Y114.78
G1 F600 X116.825 Y120.219 E418.3139
G0 F9000 X117.39 Y120.219
G1 F600 X111.952 Y114.78 E418.46739
G0 F9000 X112.518 Y114.78
G1 F600 X117.956 Y120.219 E418.62087
G0 F9000 X118.522 Y120.219
G1 F600 X113.083 Y114.78 E418.77437
G0 F9000 X113.649 Y114.78
G1 F600 X119.087 Y120.219 E418.92786
G0 F9000 X119.653 Y120.219
G1 F600 X114.215 Y114.78 E419.08134
G0 F9000 X114.78 Y114.78
G1 F600 X120.219 Y120.219 E419.23484
G0 F9000 X120.784 Y120.219
G1 F600 X115.346 Y114.78 E419.38833
G0 F9000 X115.912 Y114.78
G1 F600 X121.35 Y120.219 E419.54182
G0 F9000 X121.916 Y120.219
G1 F600 X116.477 Y114.78 E419.69532
G0 F9000 X117.043 Y114.78
G1 F600 X122.482 Y120.219 E419.84882
G0 F9000 X123.047 Y120.219
G1 F600 X117.609 Y114.78 E420.0023
G0 F9000 X118.175 Y114.78
G1 F600 X123.613 Y120.219 E420.15579
G0 F9000 X124.179 Y120.219
G1 F600 X118.74 Y114.78 E420.30929
G0 F9000 X119.306 Y114.78
G1 F600 X124.744 Y120.219 E420.46278
G0 F9000 X125.31 Y120.219
G1 F600 X119.872 Y114.78 E420.61626
G0 F9000 X120.437 Y114.78
G1 F600 X125.876 Y120.219 E420.76976
G0 F9000 X126.441 Y120.219
G1 F600 X121.003 Y114.78 E420.92325
G0 F9000 X121.569 Y114.78
G1 F600 X127.007 Y120.219 E421.07674
G0 F9000 X127.573 Y120.219
G1 F600 X122.134 Y114.78 E421.23024
G0 F9000 X122.7 Y114.78
G1 F600 X128.138 Y120.219 E421.38372
G0 F9000 X128.704 Y120.219
G1 F600 X123.266 Y114.78 E421.53721
G0 F9000 X123.831 Y114.78
G1 F600 X129.27 Y120.219 E421.69071
G0 F9000 X129.835 Y120.219
G1 F600 X124.397 Y114.78 E421.8442
G0 F9000 X124.963 Y114.78
G1 F600 X130.401 Y120.219 E421.99768
G0 F9000 X130.967 Y120.219
G1 F600 X125.528 Y114.78 E422.15118
G0 F9000 X126.094 Y114.78
G1 F600 X131.532 Y120.219 E422.30467
G0 F9000 X132.098 Y120.219
G1 F600 X126.66 Y114.78 E422.45815
G0 F9000 X127.225 Y114.78
G1 F600 X132.664 Y120.219 E422.61165
G0 F9000 X133.23 Y120.219
G1 F600 X127.791 Y114.78 E422.76516
G0 F9000 X128.357 Y114.78
G1 F600 X133.795 Y120.219 E422.91864
G0 F9000 X134.361 Y120.219
G1 F600 X128.923 Y114.78 E423.07213
G0 F9000 X129.488 Y114.78
G1 F600 X134.927 Y120.219 E423.22563
G0 F9000 X135.492 Y120.219
G1 F600 X130.054 Y114.78 E423.37911
G0 F9000 X130.62 Y114.78
G1 F600 X136.058 Y120.219 E423.5326
G0 F9000 X136.624 Y120.219
G1 F600 X131.185 Y114.78 E423.6861
G0 F9000 X131.751 Y114.78
G1 F600 X137.189 Y120.219 E423.83959
G0 F9000 X137.755 Y120.219
G1 F600 X132.317 Y114.78 E423.99307
G0 F9000 X132.882 Y114.78
G1 F600 X138.321 Y120.219 E424.14657
G0 F9000 X138.886 Y120.219
G1 F600 X133.448 Y114.78 E424.30006
G0 F9000 X134.014 Y114.78
G1 F600 X139.452 Y120.219 E424.45355
G0 F9000 X140.018 Y120.219
G1 F600 X134.579 Y114.78 E424.60705
G0 F9000 X135.145 Y114.78
G1 F600 X140.583 Y120.219 E424.76053
G0 F9000 X141.149 Y120.219
G1 F600 X135.711 Y114.78 E424.91402
G0 F9000 X136.276 Y114.78
G1 F600 X141.715 Y120.219 E425.06752
G0 F9000 X142.28 Y120.219
G1 F600 X136.842 Y114.78 E425.22101
G0 F9000 X137.408 Y114.78
G1 F600 X142.846 Y120.219 E425.37449
G0 F9000 X143.412 Y120.219
G1 F600 X137.974 Y114.78 E425.52798
G0 F9000 X138.539 Y114.78
G1 F600 X143.978 Y120.219 E425.68148
G0 F9000 X144.543 Y120.219
G1 F600 X139.105 Y114.78 E425.83496
G0 F9000 X139.671 Y114.78
G1 F600 X145.109 Y120.219 E425.98845
G0 F9000 X145.675 Y120.219
G1 F600 X140.236 Y114.78 E426.14195
G0 F9000 X140.802 Y114.78
G1 F600 X146.24 Y120.219 E426.29544
G0 F9000 X146.806 Y120.219
G1 F600 X141.368 Y114.78 E426.44892
G0 F9000 X141.933 Y114.78
G1 F600 X147.372 Y120.219 E426.60242
G0 F9000 X147.937 Y120.219
G1 F600 X142.499 Y114.78 E426.75591
G0 F9000 X143.065 Y114.78
G1 F600 X148.503 Y120.219 E426.9094
G0 F9000 X149.069 Y120.219
G1 F600 X143.63 Y114.78 E427.0629
G0 F9000 X144.196 Y114.78
G1 F600 X149.634 Y120.219 E427.21638
G0 F9000 X150.2 Y120.219
G1 F600 X144.762 Y114.78 E427.36987
G0 F9000 X145.327 Y114.78
G1 F600 X150.766 Y120.219 E427.52337
G0 F9000 X151.331 Y120.219
G1 F600 X145.893 Y114.78 E427.67686
G0 F9000 X146.459 Y114.78
G1 F600 X151.897 Y120.219 E427.83034
G0 F9000 X152.463 Y120.219
G1 F600 X147.024 Y114.78 E427.98384
G0 F9000 X147.59 Y114.78
G1 F600 X152.234 Y119.425 E428.11492
G0 F9000 X152.544 Y119.734
G1 F600 X153.029 Y120.219 E428.12861
G0 F9000 X151.621 Y118.246
G1 F600 X148.156 Y114.78 E428.22641
G0 F9000 X148.722 Y114.78
G1 F600 X151.52 Y117.579 E428.30539
G0 F9000 X151.563 Y117.057
G1 F600 X149.287 Y114.78 E428.36964
G0 F9000 X149.853 Y114.78
G1 F600 X151.666 Y116.593 E428.42081
G0 F9000 X151.829 Y116.191
G1 F600 X150.419 Y114.78 E428.46061
G0 F9000 X150.984 Y114.78
G1 F600 X152.04 Y115.836 E428.49042
G0 F9000 X152.285 Y115.515
G1 F600 X151.55 Y114.78 E428.51116
G0 F9000 X152.116 Y114.78
G1 F600 X152.572 Y115.236 E428.52403
G0 F9000 X153.492 Y115.081
G0 X156.075 Y114.78
G1 F600 X158.22 Y116.925 E428.58456
G0 F9000 X158.22 Y117.491
G1 F600 X157.336 Y116.606 E428.60953
G0 F9000 X157.461 Y117.298
G1 F600 X158.22 Y118.056 E428.63093
G0 F9000 X158.22 Y118.622
G1 F600 X157.444 Y117.846 E428.65283
G0 F9000 X157.358 Y118.326
G1 F600 X158.22 Y119.188 E428.67716
G0 F9000 X158.22 Y119.753
G1 F600 X157.203 Y118.736 E428.70586
G0 F9000 X157 Y119.099
G1 F600 X158.12 Y120.219 E428.73747
G0 F9000 X157.555 Y120.219
G1 F600 X156.761 Y119.425 E428.75988
G0 F9000 X156.479 Y119.71
G1 F600 X156.989 Y120.219 E428.77426
G0 F9000 X158.22 Y116.359
G1 F600 X156.64 Y114.78 E428.81884
G0 F9000 X157.206 Y114.78
G1 F600 X158.22 Y115.794 E428.84745
G0 F9000 X158.22 Y115.228
G1 F600 X157.772 Y114.78 E428.8601
G0 F9000 X155.743 Y114.884
G0 X78.924 Y120.219
G1 F600 X76.78 Y118.075 E428.92061
G0 F9000 X76.78 Y118.64
G1 F600 X78.358 Y120.219 E428.96515
G0 F9000 X77.792 Y120.219
G1 F600 X76.78 Y119.206 E428.99373
G0 F9000 X76.78 Y119.772
G1 F600 X77.227 Y120.219 E429.00634
G0 F9000 X77.661 Y118.39
G1 F600 X76.78 Y117.509 E429.03121
G0 F9000 X76.78 Y116.944
G1 F600 X77.534 Y117.697 E429.05247
G0 F9000 X77.551 Y117.149
G1 F600 X76.78 Y116.378 E429.07423
G0 F9000 X76.78 Y115.813
G1 F600 X77.642 Y116.674 E429.09855
G0 F9000 X77.794 Y116.26
G1 F600 X76.78 Y115.247 E429.12715
G0 F9000 X76.88 Y114.781
G1 F600 X77.997 Y115.898 E429.15867
G0 F9000 X78.236 Y115.571
G1 F600 X77.446 Y114.781 E429.18097
G0 F9000 X78.011 Y114.78
G1 F600 X78.516 Y115.286 E429.19524
;MESH:NONMESH
G0 F300 Z2.4
G0 F9000 X78.019 Y116.887
G0 X77.944 Y117.501
G0 X78.019 Y118.112
G0 X78.237 Y118.686
G0 X78.587 Y119.193
G0 X79.047 Y119.601
G0 X79.49 Y119.835
G0 X80.826 Y120.166
;TIME_ELAPSED:1342.881531
;LAYER:11
;TYPE:WALL-INNER
;MESH:3mm_tpu.stl
G1 F659.3 X80.147 Y120.166 E429.21579
G1 F625 X79.554 Y120.037 E429.23516
G1 F600 X79.072 Y119.789 E429.25319
G1 X78.864 Y119.645 E429.26161
G1 X78.471 Y119.294 E429.27913
G1 X78.098 Y118.755 E429.30093
G1 X77.871 Y118.155 E429.32227
G1 X77.796 Y117.536 E429.34301
G1 X77.866 Y116.851 E429.36591
G1 X78.1 Y116.245 E429.38752
G1 X78.464 Y115.709 E429.40907
G1 X78.864 Y115.351 E429.42692
G1 X79.072 Y115.207 E429.43534
G1 X79.563 Y114.954 E429.45371
G1 F631.6 X80.173 Y114.834 E429.47335
G1 F661.2 X80.845 Y114.834 E429.49363
G1 F626.6 X81.436 Y114.956 E429.51285
G1 F600 X81.924 Y115.207 E429.5311
G1 X82.132 Y115.351 E429.53952
G1 X82.531 Y115.709 E429.55735
G1 X82.898 Y116.246 E429.57898
G1 X83.13 Y116.857 E429.60072
G1 X83.2 Y117.535 E429.62339
G1 X83.127 Y118.148 E429.64392
G1 X82.898 Y118.755 E429.6655
G1 X82.527 Y119.291 E429.68718
G1 X82.132 Y119.645 E429.70482
G1 X81.923 Y119.789 E429.71326
G1 X81.44 Y120.038 E429.73134
G1 F631.6 X80.826 Y120.166 E429.75116
G0 F9000 X80.776 Y119.788
G1 F600 X80.217 Y119.788 E429.76975
G1 X79.68 Y119.653 E429.78816
G1 X79.19 Y119.4 E429.80651
G1 X78.773 Y119.027 E429.82511
G1 X78.455 Y118.567 E429.84371
G1 X78.261 Y118.056 E429.86189
G1 X78.195 Y117.501 E429.88048
G1 X78.259 Y116.945 E429.8991
G1 X78.456 Y116.431 E429.91741
G1 X78.768 Y115.974 E429.93581
G1 X79.19 Y115.596 E429.95465
G1 X79.685 Y115.341 E429.97317
G1 X80.221 Y115.212 E429.99151
G1 X80.78 Y115.212 E430.0101
G1 X81.312 Y115.341 E430.02831
G1 X81.806 Y115.596 E430.0468
G1 X82.228 Y115.974 E430.06564
G1 X82.54 Y116.432 E430.08407
G1 X82.736 Y116.943 E430.10228
G1 X82.796 Y117.5 E430.12091
G1 X82.738 Y118.048 E430.13924
G1 X82.54 Y118.569 E430.15778
G1 X82.225 Y119.025 E430.17621
G1 X81.808 Y119.398 E430.19482
G1 X81.312 Y119.654 E430.21338
G1 X80.776 Y119.788 E430.23176
G0 F9000 X80.776 Y120.098
G0 X80.252 Y120.344
G0 X117.5 Y120.499
G1 F600 X153.596 Y120.499 E431.43232
G1 F634.9 X154.292 Y120.522 E431.45421
G1 F674.2 X154.704 Y120.522 E431.4664
G1 F634.9 X155.4 Y120.499 E431.48829
G1 F600 X158.5 Y120.5 E431.5914
G1 X158.5 Y114.5 E431.79096
G1 X155.388 Y114.5 E431.89446
G1 F634.9 X154.704 Y114.478 E431.91597
G1 F674.2 X154.292 Y114.478 E431.92817
G1 F634.9 X153.608 Y114.5 E431.94968
G1 F600 X81.388 Y114.5 E434.35172
G1 F634.9 X80.704 Y114.478 E434.37323
G1 F674.2 X80.292 Y114.478 E434.38543
G1 F634.9 X79.608 Y114.5 E434.40694
G1 F600 X76.501 Y114.501 E434.51028
G1 X76.5 Y120.5 E434.70981
G1 X79.596 Y120.499 E434.81278
G1 F634.9 X80.292 Y120.522 E434.83467
G1 F674.2 X80.704 Y120.522 E434.84686
G1 F634.9 X81.4 Y120.499 E434.86875
G1 F600 X117.5 Y120.499 E436.06944
G0 F9000 X117.5 Y120.9
G1 F600 X158.9 Y120.9 E437.44641
G1 X158.9 Y114.1 E437.67258
G1 X76.101 Y114.101 E440.42649
G1 X76.1 Y120.9 E440.65262
G1 X117.5 Y120.9 E442.02959
G0 F9000 X117.5 Y120.59
G0 X154 Y120.365
G0 X154.332 Y120.344
G0 X154.147 Y120.166
G1 F625 X153.554 Y120.037 E442.04897
G1 F600 X153.072 Y119.789 E442.067
G1 X152.864 Y119.645 E442.07541
G1 X152.471 Y119.294 E442.09294
G1 X152.098 Y118.755 E442.11474
G1 X151.869 Y118.148 E442.13632
G1 X151.796 Y117.535 E442.15685
G1 X151.866 Y116.857 E442.17952
G1 X152.098 Y116.246 E442.20126
G1 X152.465 Y115.709 E442.22289
G1 X152.864 Y115.351 E442.24072
G1 X153.072 Y115.207 E442.24913
G1 X153.563 Y114.954 E442.26751
G1 F631.6 X154.173 Y114.834 E442.28715
G1 F661.2 X154.845 Y114.834 E442.30743
G1 F626.6 X155.436 Y114.956 E442.32665
G1 F600 X155.924 Y115.207 E442.3449
G1 X156.132 Y115.351 E442.35332
G1 X156.532 Y115.709 E442.37117
G1 X156.896 Y116.245 E442.39272
G1 X157.128 Y116.847 E442.41418
G1 X157.196 Y117.5 E442.43602
G1 X157.126 Y118.152 E442.45783
G1 X156.895 Y118.759 E442.47943
G1 X156.528 Y119.29 E442.5009
G1 X156.132 Y119.645 E442.51858
G1 X155.923 Y119.789 E442.52703
G1 X155.44 Y120.038 E442.5451
G1 F631.6 X154.826 Y120.166 E442.56492
G1 F659.3 X154.147 Y120.166 E442.58547
G0 F9000 X154.217 Y119.788
G1 F600 X153.68 Y119.653 E442.60389
G1 X153.191 Y119.4 E442.6222
G1 X152.773 Y119.028 E442.64081
G1 X152.456 Y118.569 E442.65936
G1 X152.26 Y118.052 E442.67775
G1 X152.2 Y117.5 E442.69622
G1 X152.26 Y116.944 E442.71482
G1 X152.456 Y116.431 E442.73308
G1 X152.768 Y115.974 E442.75149
G1 X153.19 Y115.596 E442.77033
G1 X153.685 Y115.341 E442.78885
G1 X154.221 Y115.212 E442.80719
G1 X154.78 Y115.212 E442.82578
G1 X155.312 Y115.341 E442.84399
G1 X155.806 Y115.596 E442.86248
G1 X156.228 Y115.974 E442.88132
G1 X156.54 Y116.432 E442.89975
G1 X156.736 Y116.943 E442.91796
G1 X156.796 Y117.5 E442.93659
G1 X156.735 Y118.055 E442.95516
G1 X156.539 Y118.57 E442.97349
G1 X156.225 Y119.024 E442.99185
G1 X155.809 Y119.398 E443.01045
G1 X155.312 Y119.654 E443.02905
G1 X154.776 Y119.788 E443.04742
G1 X154.217 Y119.788 E443.06602
G0 F9000 X154.243 Y119.382
;TYPE:WALL-OUTER
G1 F600 X153.804 Y119.266 E443.08112
G1 X153.398 Y119.049 E443.09643
G1 X153.09 Y118.774 E443.11016
G1 X152.804 Y118.359 E443.12693
G1 X152.66 Y117.979 E443.14044
G1 X152.601 Y117.524 E443.1557
G1 X152.649 Y117.064 E443.17109
G1 X152.826 Y116.599 E443.18763
G1 X153.058 Y116.259 E443.20132
G1 X153.417 Y115.93 E443.21752
G1 X153.848 Y115.713 E443.23357
G1 X154.257 Y115.614 E443.24757
G1 X154.752 Y115.617 E443.26403
G1 X155.148 Y115.713 E443.27758
G1 X155.579 Y115.93 E443.29363
G1 X155.938 Y116.259 E443.30983
G1 X156.17 Y116.599 E443.32352
G1 X156.347 Y117.064 E443.34007
G1 X156.396 Y117.5 E443.35466
G1 X156.346 Y117.943 E443.36949
G1 X156.169 Y118.402 E443.38585
G1 X155.937 Y118.738 E443.39943
G1 X155.579 Y119.066 E443.41558
G1 X155.15 Y119.282 E443.43155
G1 X154.739 Y119.386 E443.44566
G1 X154.243 Y119.382 E443.46215
G0 F9000 X154.074 Y120.07
G0 X154.332 Y120.344
G0 X117.5 Y120.59
G0 X117.5 Y121.3
G1 F600 X159.3 Y121.3 E444.85243
G1 X159.3 Y113.7 E445.1052
G1 X75.701 Y113.701 E447.88572
G1 X75.7 Y121.3 E448.13846
G1 X117.5 Y121.3 E449.52874
G0 F9000 X117.5 Y120.59
G0 X80.705 Y120.383
G0 X80.252 Y120.344
G0 X80.907 Y120.075
G0 X80.739 Y119.386
G1 F600 X80.243 Y119.382 E449.54523
G1 X79.804 Y119.266 E449.56034
G1 X79.398 Y119.049 E449.57565
G1 X79.09 Y118.774 E449.58938
G1 X78.804 Y118.359 E449.60614
G1 X78.65 Y117.943 E449.6209
G1 X78.601 Y117.524 E449.63493
G1 X78.649 Y117.064 E449.65031
G1 X78.826 Y116.599 E449.66686
G1 X79.058 Y116.259 E449.68055
G1 X79.417 Y115.93 E449.69675
G1 X79.848 Y115.713 E449.7128
G1 X80.257 Y115.614 E449.72679
G1 X80.752 Y115.617 E449.74326
G1 X81.148 Y115.713 E449.75681
G1 X81.579 Y115.93 E449.77286
G1 X81.938 Y116.259 E449.78905
G1 X82.17 Y116.599 E449.80274
G1 X82.347 Y117.064 E449.81929
G1 X82.396 Y117.5 E449.83388
G1 X82.336 Y117.979 E449.84994
G1 X82.192 Y118.359 E449.86346
G1 X81.937 Y118.738 E449.87865
G1 X81.579 Y119.066 E449.8948
G1 X81.15 Y119.282 E449.91077
G1 X80.739 Y119.386 E449.92488
G0 F9000 X80.907 Y120.075
G0 X80.252 Y120.344
G0 X117.5 Y120.399
G0 X117.5 Y120.136
;TYPE:SKIN
G1 F600 X82.041 Y120.136 E451.10425
G1 X82.37 Y119.91 E451.11752
G1 X82.693 Y119.619 E451.13198
G1 X82.877 Y119.414 E451.14114
G1 X83.121 Y119.062 E451.15539
G1 X83.266 Y118.789 E451.16567
G1 X83.416 Y118.395 E451.17969
G1 X83.495 Y118.085 E451.19033
G1 X83.56 Y117.497 E451.21001
G1 X83.495 Y116.903 E451.22988
G1 X83.423 Y116.615 E451.23976
G1 X83.266 Y116.202 E451.25445
G1 X83.142 Y115.967 E451.26329
G1 X82.893 Y115.602 E451.27799
G1 X82.694 Y115.375 E451.28803
G1 X82.371 Y115.079 E451.3026
G1 X82.057 Y114.86 E451.31533
G1 X152.935 Y114.86 E453.67274
G1 X152.621 Y115.079 E453.68548
G1 X152.298 Y115.375 E453.70005
G1 X152.114 Y115.583 E453.70928
G1 X151.863 Y115.946 E453.72396
G1 X151.726 Y116.202 E453.73362
G1 X151.569 Y116.616 E453.74835
G1 X151.497 Y116.908 E453.75835
G1 X151.432 Y117.499 E453.77812
G1 X151.493 Y118.063 E453.79699
G1 X151.576 Y118.395 E453.80837
G1 X151.716 Y118.767 E453.82159
G1 X151.858 Y119.041 E453.83186
G1 X152.115 Y119.415 E453.84695
G1 X152.303 Y119.622 E453.85625
G1 X152.621 Y119.913 E453.87059
G1 X152.94 Y120.135 E453.88352
G1 X117.5 Y120.136 E455.06226
G0 F9000 X117.5 Y120.399
G0 X154 Y120.365
G0 X154.332 Y120.344
G0 X152.555 Y119.504
G0 X152.251 Y119.843
G1 F600 X152.159 Y119.935 E455.06658
G0 F9000 X151.975 Y119.554
G1 F600 X151.593 Y119.936 E455.08455
G0 F9000 X151.027 Y119.936
G1 F600 X151.74 Y119.223 E455.11809
G0 F9000 X151.539 Y118.858
G1 F600 X150.462 Y119.936 E455.16877
G0 F9000 X149.896 Y119.936
G1 F600 X151.384 Y118.447 E455.23878
G0 F9000 X151.283 Y117.984
G1 F600 X149.33 Y119.936 E455.33062
G0 F9000 X148.765 Y119.936
G1 F600 X151.236 Y117.465 E455.44685
G0 F9000 X151.312 Y116.823
G1 F600 X148.199 Y119.936 E455.59328
G0 F9000 X147.633 Y119.936
G1 F600 X151.653 Y115.916 E455.78237
G0 F9000 X151.379 Y115.059
G1 F600 X146.502 Y119.936 E456.01177
G0 F9000 X147.068 Y119.936
G1 F600 X151.945 Y115.059 E456.24117
G0 F9000 X151.945 Y114.6
G0 X150.813 Y114.6
G0 X150.813 Y115.059
G1 F600 X145.936 Y119.936 E456.47056
G0 F9000 X145.371 Y119.936
G1 F600 X150.247 Y115.059 E456.69994
G0 F9000 X149.682 Y115.059
G1 F600 X144.805 Y119.936 E456.92934
G0 F9000 X144.239 Y119.936
G1 F600 X149.116 Y115.059 E457.15874
G0 F9000 X148.55 Y115.059
G1 F600 X143.673 Y119.936 E457.38814
G0 F9000 X143.108 Y119.936
G1 F600 X147.985 Y115.059 E457.61754
G0 F9000 X147.419 Y115.059
G1 F600 X142.542 Y119.936 E457.84694
G0 F9000 X141.976 Y119.936
G1 F600 X146.853 Y115.059 E458.07633
G0 F9000 X146.288 Y115.059
G1 F600 X141.411 Y119.936 E458.30573
G0 F9000 X140.845 Y119.936
G1 F600 X145.722 Y115.059 E458.53513
G0 F9000 X145.156 Y115.059
G1 F600 X140.279 Y119.936 E458.76453
G0 F9000 X139.714 Y119.936
G1 F600 X144.591 Y115.059 E458.99393
G0 F9000 X144.025 Y115.059
G1 F600 X139.148 Y119.936 E459.22333
G0 F9000 X138.582 Y119.936
G1 F600 X143.459 Y115.059 E459.45273
G0 F9000 X142.894 Y115.059
G1 F600 X138.017 Y119.936 E459.68213
G0 F9000 X137.451 Y119.936
G1 F600 X142.328 Y115.059 E459.91153
G0 F9000 X141.762 Y115.059
G1 F600 X136.885 Y119.936 E460.14093
G0 F9000 X136.32 Y119.936
G1 F600 X141.196 Y115.059 E460.3703
G0 F9000 X140.631 Y115.059
G1 F600 X135.754 Y119.936 E460.5997
G0 F9000 X135.188 Y119.936
G1 F600 X140.065 Y115.059 E460.8291
G0 F9000 X139.499 Y115.059
G1 F600 X134.623 Y119.936 E461.05848
G0 F9000 X134.057 Y119.936
G1 F600 X138.934 Y115.059 E461.28788
G0 F9000 X138.368 Y115.059
G1 F600 X133.491 Y119.936 E461.51727
G0 F9000 X132.925 Y119.936
G1 F600 X137.802 Y115.059 E461.74667
G0 F9000 X137.237 Y115.059
G1 F600 X132.36 Y119.936 E461.97607
G0 F9000 X131.794 Y119.936
G1 F600 X136.671 Y115.059 E462.20547
G0 F9000 X136.105 Y115.059
G1 F600 X131.228 Y119.936 E462.43487
G0 F9000 X130.663 Y119.936
G1 F600 X135.54 Y115.059 E462.66427
G0 F9000 X134.974 Y115.059
G1 F600 X130.097 Y119.936 E462.89367
G0 F9000 X129.531 Y119.936
G1 F600 X134.408 Y115.059 E463.12307
G0 F9000 X133.843 Y115.059
G1 F600 X128.966 Y119.936 E463.35247
G0 F9000 X128.4 Y119.936
G1 F600 X133.277 Y115.059 E463.58187
G0 F9000 X132.711 Y115.059
G1 F600 X127.834 Y119.936 E463.81127
G0 F9000 X127.269 Y119.936
G1 F600 X132.146 Y115.059 E464.04067
G0 F9000 X131.58 Y115.059
G1 F600 X126.703 Y119.936 E464.27006
G0 F9000 X126.137 Y119.936
G1 F600 X131.014 Y115.059 E464.49946
G0 F9000 X130.448 Y115.059
G1 F600 X125.572 Y119.936 E464.72884
G0 F9000 X125.006 Y119.936
G1 F600 X129.883 Y115.059 E464.95824
G0 F9000 X129.317 Y115.059
G1 F600 X124.44 Y119.936 E465.18764
G0 F9000 X123.875 Y119.936
G1 F600 X128.751 Y115.059 E465.41701
G0 F9000 X128.186 Y115.059
G1 F600 X123.309 Y119.936 E465.64641
G0 F9000 X122.743 Y119.936
G1 F600 X127.62 Y115.059 E465.87581
G0 F9000 X127.054 Y115.059
G1 F600 X122.177 Y119.936 E466.10521
G0 F9000 X121.612 Y119.936
G1 F600 X126.489 Y115.059 E466.33461
G0 F9000 X125.923 Y115.059
G1 F600 X121.046 Y119.936 E466.56401
G0 F9000 X120.48 Y119.936
G1 F600 X125.357 Y115.059 E466.79341
G0 F9000 X124.792 Y115.059
G1 F600 X119.915 Y119.936 E467.02281
G0 F9000 X119.349 Y119.936
G1 F600 X124.226 Y115.059 E467.25221
G0 F9000 X123.66 Y115.059
G1 F600 X118.783 Y119.936 E467.48161
G0 F9000 X118.218 Y119.936
G1 F600 X123.095 Y115.059 E467.711
G0 F9000 X122.529 Y115.059
G1 F600 X117.652 Y119.936 E467.9404
G0 F9000 X117.086 Y119.936
G1 F600 X121.963 Y115.059 E468.1698
G0 F9000 X121.398 Y115.059
G1 F600 X116.521 Y119.936 E468.3992
G0 F9000 X115.955 Y119.936
G1 F600 X120.832 Y115.059 E468.6286
G0 F9000 X120.266 Y115.059
G1 F600 X115.389 Y119.936 E468.858
G0 F9000 X114.824 Y119.936
G1 F600 X119.7 Y115.059 E469.08738
G0 F9000 X119.135 Y115.059
G1 F600 X114.258 Y119.936 E469.31677
G0 F9000 X113.692 Y119.936
G1 F600 X118.569 Y115.059 E469.54617
G0 F9000 X118.003 Y115.059
G1 F600 X113.126 Y119.936 E469.77557
G0 F9000 X112.561 Y119.936
G1 F600 X117.438 Y115.059 E470.00497
G0 F9000 X116.872 Y115.059
G1 F600 X111.995 Y119.936 E470.23437
G0 F9000 X111.429 Y119.936
G1 F600 X116.306 Y115.059 E470.46377
G0 F9000 X115.741 Y115.059
G1 F600 X110.864 Y119.936 E470.69317
G0 F9000 X110.298 Y119.936
G1 F600 X115.175 Y115.059 E470.92257
G0 F9000 X114.609 Y115.059
G1 F600 X109.732 Y119.936 E471.15197
G0 F9000 X109.167 Y119.936
G1 F600 X114.044 Y115.059 E471.38137
G0 F9000 X113.478 Y115.059
G1 F600 X108.601 Y119.936 E471.61077
G0 F9000 X108.035 Y119.936
G1 F600 X112.912 Y115.059 E471.84016
G0 F9000 X112.347 Y115.059
G1 F600 X107.47 Y119.936 E472.06956
G0 F9000 X106.904 Y119.936
G1 F600 X111.781 Y115.059 E472.29896
G0 F9000 X111.215 Y115.059
G1 F600 X106.338 Y119.936 E472.52836
G0 F9000 X105.773 Y119.936
G1 F600 X110.649 Y115.059 E472.75774
G0 F9000 X110.084 Y115.059
G1 F600 X105.207 Y119.936 E472.98714
G0 F9000 X104.641 Y119.936
G1 F600 X109.518 Y115.059 E473.21654
G0 F9000 X108.952 Y115.059
G1 F600 X104.076 Y119.936 E473.44591
G0 F9000 X103.51 Y119.936
G1 F600 X108.387 Y115.059 E473.67531
G0 F9000 X107.821 Y115.059
G1 F600 X102.944 Y119.936 E473.90471
G0 F9000 X102.378 Y119.936
G1 F600 X107.255 Y115.059 E474.13411
G0 F9000 X106.69 Y115.059
G1 F600 X101.813 Y119.936 E474.36351
G0 F9000 X101.247 Y119.936
G1 F600 X106.124 Y115.059 E474.59291
G0 F9000 X105.558 Y115.059
G1 F600 X100.681 Y119.936 E474.82231
G0 F9000 X100.116 Y119.936
G1 F600 X104.993 Y115.059 E475.05171
G0 F9000 X104.427 Y115.059
G1 F600 X99.55 Y119.936 E475.2811
G0 F9000 X98.984 Y119.936
G1 F600 X103.861 Y115.059 E475.5105
G0 F9000 X103.296 Y115.059
G1 F600 X98.419 Y119.936 E475.7399
G0 F9000 X97.853 Y119.936
G1 F600 X102.73 Y115.059 E475.9693
G0 F9000 X102.164 Y115.059
G1 F600 X97.287 Y119.936 E476.1987
G0 F9000 X96.722 Y119.936
G1 F600 X101.599 Y115.059 E476.4281
G0 F9000 X101.033 Y115.059
G1 F600 X96.156 Y119.936 E476.6575
G0 F9000 X95.59 Y119.936
G1 F600 X100.467 Y115.059 E476.8869
G0 F9000 X99.901 Y115.059
G1 F600 X95.025 Y119.936 E477.11627
G0 F9000 X94.459 Y119.936
G1 F600 X99.336 Y115.059 E477.34567
G0 F9000 X98.77 Y115.059
G1 F600 X93.893 Y119.936 E477.57507
G0 F9000 X93.327 Y119.936
G1 F600 X98.204 Y115.059 E477.80447
G0 F9000 X97.639 Y115.059
G1 F600 X92.762 Y119.936 E478.03387
G0 F9000 X92.196 Y119.936
G1 F600 X97.073 Y115.059 E478.26327
G0 F9000 X96.507 Y115.059
G1 F600 X91.63 Y119.936 E478.49267
G0 F9000 X91.065 Y119.936
G1 F600 X95.942 Y115.059 E478.72207
G0 F9000 X95.376 Y115.059
G1 F600 X90.499 Y119.936 E478.95147
G0 F9000 X89.933 Y119.936
G1 F600 X94.81 Y115.059 E479.18087
G0 F9000 X94.245 Y115.059
G1 F600 X89.368 Y119.936 E479.41027
G0 F9000 X88.802 Y119.936
G1 F600 X93.679 Y115.059 E479.63966
G0 F9000 X93.113 Y115.059
G1 F600 X88.236 Y119.936 E479.86906
G0 F9000 X87.671 Y119.936
G1 F600 X92.548 Y115.059 E480.09846
G0 F9000 X91.982 Y115.059
G1 F600 X87.105 Y119.936 E480.32786
G0 F9000 X86.539 Y119.936
G1 F600 X91.416 Y115.059 E480.55726
G0 F9000 X90.85 Y115.059
G1 F600 X85.974 Y119.936 E480.78664
G0 F9000 X85.408 Y119.936
G1 F600 X90.285 Y115.059 E481.01604
G0 F9000 X89.719 Y115.059
G1 F600 X84.842 Y119.936 E481.24544
G0 F9000 X84.277 Y119.936
G1 F600 X89.153 Y115.059 E481.47481
G0 F9000 X88.588 Y115.059
G1 F600 X83.711 Y119.936 E481.70421
G0 F9000 X83.145 Y119.936
G1 F600 X88.022 Y115.059 E481.93361
G0 F9000 X87.456 Y115.059
G1 F600 X83.168 Y119.348 E482.13533
G0 F9000 X82.791 Y119.086
G0 X83.203 Y118.194
G0 X83.646 Y118.303
G1 F600 X86.891 Y115.059 E482.28794
G0 F9000 X86.325 Y115.059
G1 F600 X83.744 Y117.64 E482.40934
G0 F9000 X83.716 Y117.102
G1 F600 X85.759 Y115.059 E482.50544
G0 F9000 X85.194 Y115.059
G1 F600 X83.631 Y116.622 E482.57896
G0 F9000 X83.481 Y116.206
G1 F600 X84.628 Y115.059 E482.63291
G0 F9000 X84.062 Y115.059
G1 F600 X83.29 Y115.831 E482.66922
G0 F9000 X83.062 Y115.494
G1 F600 X83.497 Y115.059 E482.68968
G0 F9000 X82.931 Y115.059
G1 F600 X82.794 Y115.196 E482.69612
G0 F9000 X82.49 Y115.536
G0 X82.981 Y116.887
G0 X83.056 Y117.499
G0 X82.981 Y118.112
G0 X82.763 Y118.686
G0 X82.413 Y119.193
G0 X81.953 Y119.601
G0 X81.406 Y119.89
G0 X80.004 Y120.286
G0 X80.332 Y120.344
G0 X78.942 Y120.4
G0 X78.942 Y120.136
G1 F600 X76.86 Y120.139 E482.76537
G1 X76.86 Y118.916 E482.80605
G1 F540.5 X76.904 Y118.391 E482.8255
G1 F471.5 X76.925 Y118.263 E482.83099
G1 F472.4 X76.903 Y117.5 E482.86323
G1 F478.1 X76.919 Y116.896 E482.88845
G1 F518.4 X76.865 Y116.53 E482.9027
G1 F594.1 X76.86 Y114.86 E482.9588
G1 F600 X78.935 Y114.86 E483.02781
G1 X78.621 Y115.079 E483.04054
G1 X78.298 Y115.375 E483.05512
G1 X78.114 Y115.583 E483.06435
G1 X77.862 Y115.946 E483.07905
G1 X77.726 Y116.208 E483.08887
G1 X77.576 Y116.596 E483.1027
G1 F524 X77.435 Y116.924 E483.1163
G1 F478.1 X77.389 Y117.473 E483.1393
G1 F504.2 X77.451 Y118.21 E483.16857
G1 F555.6 X77.723 Y118.786 E483.19145
G1 F600 X77.871 Y119.063 E483.2019
G1 X78.103 Y119.395 E483.21537
G1 X78.302 Y119.621 E483.22538
G1 X78.621 Y119.913 E483.23977
G1 X78.942 Y120.136 E483.25277
G0 F9000 X78.942 Y120.4
G0 X77.846 Y120.4
G0 X77.846 Y119.735
G1 F595.5 X77.261 Y119.735 E483.27237
G1 X77.261 Y118.932 E483.29928
G1 X77.281 Y118.813 E483.30332
G1 X77.53 Y119.275 E483.32091
G1 X77.846 Y119.735 E483.33961
G0 F9000 X77.846 Y120.4
G0 X76.672 Y120.328
G0 X76.601 Y116.292
G0 X77.262 Y116.293
G1 F595.5 X77.261 Y115.261 E483.37419
G1 X77.851 Y115.259 E483.39396
G1 X77.518 Y115.737 E483.41348
G1 X77.36 Y116.038 E483.42488
G1 X77.262 Y116.293 E483.43403
G0 F9000 X76.601 Y116.292
G0 X76.673 Y114.673
G0 X80.291 Y114.617
G0 X154.291 Y114.617
G0 X154.744 Y114.656
G0 X154.188 Y114.702
G0 X155.406 Y115.11
G0 X155.898 Y115.37
G0 X157.108 Y116.515
G0 X157.731 Y116.276
G1 F592.6 X157.631 Y116.038 E483.44272
G1 X157.463 Y115.72 E483.45483
G1 X157.154 Y115.262 E483.47344
G1 X157.738 Y115.262 E483.49311
G1 X157.731 Y116.276 E483.52726
G0 F9000 X157.108 Y116.515
G0 X156.994 Y117.952
G0 X156.641 Y119.291
G0 X157.139 Y119.732
G1 F588.2 X157.451 Y119.29 E483.54561
G1 X157.712 Y118.816 E483.56397
G1 X157.735 Y118.936 E483.56811
G1 X157.736 Y119.732 E483.59512
G1 X157.139 Y119.732 E483.61537
G0 F9000 X156.641 Y119.291
G0 X154.807 Y120.298
G0 X154.252 Y120.344
G0 X156.044 Y120.399
G0 X156.045 Y120.136
G1 F600 X156.35 Y119.926 E483.62769
G1 X156.678 Y119.633 E483.64231
G1 X156.875 Y119.413 E483.65214
G1 X157.121 Y119.058 E483.6665
G1 X157.265 Y118.79 E483.67662
G1 F533.3 X157.509 Y118.284 E483.69764
G1 F463.3 X157.541 Y118.242 E483.69991
G1 F467.8 X157.605 Y117.473 E483.73283
G1 F470.6 X157.556 Y116.888 E483.75773
G1 F500 X157.437 Y116.611 E483.76976
G1 F571.4 X157.42 Y116.591 E483.77068
G1 F592.6 X157.269 Y116.21 E483.78448
G1 F600 X157.122 Y115.935 E483.79485
G1 X156.902 Y115.611 E483.80787
G1 X156.695 Y115.372 E483.81839
G1 X156.37 Y115.079 E483.83294
G1 X156.057 Y114.86 E483.84565
G1 X158.14 Y114.86 E483.91493
G1 F592.6 X158.135 Y116.461 E483.96885
G1 F511.7 X158.076 Y116.824 E483.98319
G1 F470.6 X158.095 Y117.447 E484.00962
G1 F467.8 X158.073 Y118.288 E484.04551
G1 F463.3 X158.091 Y118.389 E484.04992
G1 F533.3 X158.14 Y118.924 E484.07003
G1 F600 X158.14 Y120.139 E484.11044
G1 X156.045 Y120.136 E484.18012
;MESH:NONMESH
G0 F300 Z2.6
G0 F9000 X156.044 Y120.399
G0 X80.705 Y120.383
G0 X80.252 Y120.344
G0 X80.826 Y120.166
;TIME_ELAPSED:1524.104225
;LAYER:12
;TYPE:WALL-INNER
;MESH:3mm_tpu.stl
G1 F659.3 X80.147 Y120.166 E484.20067
G1 F625 X79.554 Y120.037 E484.22005
G1 F600 X79.072 Y119.789 E484.23807
G1 X78.864 Y119.645 E484.24649
G1 X78.471 Y119.294 E484.26401
G1 X78.098 Y118.755 E484.28582
G1 X77.871 Y118.155 E484.30715
G1 X77.796 Y117.536 E484.32789
G1 X77.866 Y116.851 E484.35079
G1 X78.1 Y116.245 E484.3724
G1 X78.464 Y115.709 E484.39395
G1 X78.864 Y115.351 E484.4118
G1 X79.072 Y115.207 E484.42022
G1 X79.563 Y114.954 E484.43859
G1 F631.6 X80.173 Y114.834 E484.45823
G1 F661.2 X80.845 Y114.834 E484.47852
G1 F626.6 X81.436 Y114.956 E484.49773
G1 F600 X81.924 Y115.207 E484.51599
G1 X82.132 Y115.351 E484.5244
G1 X82.531 Y115.709 E484.54223
G1 X82.898 Y116.246 E484.56386
G1 X83.13 Y116.857 E484.5856
G1 X83.2 Y117.535 E484.60827
G1 X83.127 Y118.148 E484.6288
G1 X82.898 Y118.755 E484.65038
G1 X82.527 Y119.291 E484.67206
G1 X82.132 Y119.645 E484.6897
G1 X81.923 Y119.789 E484.69815
G1 X81.44 Y120.038 E484.71622
G1 F631.6 X80.826 Y120.166 E484.73604
G0 F9000 X80.776 Y119.788
G1 F600 X80.217 Y119.788 E484.75463
G1 X79.68 Y119.653 E484.77305
G1 X79.19 Y119.4 E484.79139
G1 X78.773 Y119.027 E484.81
G1 X78.455 Y118.567 E484.8286
G1 X78.261 Y118.056 E484.84677
G1 X78.195 Y117.501 E484.86536
G1 X78.259 Y116.945 E484.88398
G1 X78.456 Y116.431 E484.90229
G1 X78.768 Y115.974 E484.92069
G1 X79.19 Y115.596 E484.93954
G1 X79.685 Y115.341 E484.95806
G1 X80.221 Y115.212 E484.97639
G1 X80.78 Y115.212 E484.99498
G1 X81.312 Y115.341 E485.01319
G1 X81.806 Y115.596 E485.03168
G1 X82.228 Y115.974 E485.05052
G1 X82.54 Y116.432 E485.06896
G1 X82.736 Y116.943 E485.08716
G1 X82.796 Y117.5 E485.10579
G1 X82.738 Y118.048 E485.12412
G1 X82.54 Y118.569 E485.14266
G1 X82.225 Y119.025 E485.16109
G1 X81.808 Y119.398 E485.1797
G1 X81.312 Y119.654 E485.19827
G1 X80.776 Y119.788 E485.21664
G0 F9000 X80.776 Y120.098
G0 X80.252 Y120.344
G0 X117.5 Y120.499
G1 F600 X153.596 Y120.499 E486.4172
G1 F634.9 X154.292 Y120.522 E486.43909
G1 F674.2 X154.704 Y120.522 E486.45128
G1 F634.9 X155.4 Y120.499 E486.47317
G1 F600 X158.5 Y120.5 E486.57628
G1 X158.5 Y114.5 E486.77584
G1 X155.388 Y114.5 E486.87934
G1 F634.9 X154.704 Y114.478 E486.90085
G1 F674.2 X154.292 Y114.478 E486.91305
G1 F634.9 X153.608 Y114.5 E486.93456
G1 F600 X81.388 Y114.5 E489.33661
G1 F634.9 X80.704 Y114.478 E489.35812
G1 F674.2 X80.292 Y114.478 E489.37031
G1 F634.9 X79.608 Y114.5 E489.39182
G1 F600 X76.501 Y114.501 E489.49516
G1 X76.5 Y120.5 E489.69469
G1 X79.596 Y120.499 E489.79766
G1 F634.9 X80.292 Y120.522 E489.81955
G1 F674.2 X80.704 Y120.522 E489.83175
G1 F634.9 X81.4 Y120.499 E489.85363
G1 F600 X117.5 Y120.499 E491.05432
G0 F9000 X117.5 Y120.9
G1 F600 X158.9 Y120.9 E492.43129
G1 X158.9 Y114.1 E492.65746
G1 X76.101 Y114.101 E495.41137
G1 X76.1 Y120.9 E495.6375
G1 X117.5 Y120.9 E497.01447
G0 F9000 X117.5 Y120.59
G0 X154 Y120.365
G0 X154.332 Y120.344
G0 X154.147 Y120.166
G1 F625 X153.554 Y120.037 E497.03385
G1 F600 X153.072 Y119.789 E497.05188
G1 X152.864 Y119.645 E497.06029
G1 X152.471 Y119.294 E497.07782
G1 X152.098 Y118.755 E497.09962
G1 X151.869 Y118.148 E497.1212
G1 X151.796 Y117.535 E497.14173
G1 X151.866 Y116.857 E497.1644
G1 X152.098 Y116.246 E497.18614
G1 X152.465 Y115.709 E497.20777
G1 X152.864 Y115.351 E497.2256
G1 X153.072 Y115.207 E497.23402
G1 X153.563 Y114.954 E497.25239
G1 F631.6 X154.173 Y114.834 E497.27203
G1 F661.2 X154.845 Y114.834 E497.29231
G1 F626.6 X155.436 Y114.956 E497.31153
G1 F600 X155.924 Y115.207 E497.32978
G1 X156.132 Y115.351 E497.3382
G1 X156.532 Y115.709 E497.35605
G1 X156.896 Y116.245 E497.3776
G1 X157.128 Y116.847 E497.39906
G1 X157.196 Y117.5 E497.4209
G1 X157.126 Y118.152 E497.44271
G1 X156.895 Y118.759 E497.46431
G1 X156.528 Y119.29 E497.48578
G1 X156.132 Y119.645 E497.50347
G1 X155.923 Y119.789 E497.51191
G1 X155.44 Y120.038 E497.52998
G1 F631.6 X154.826 Y120.166 E497.5498
G1 F659.3 X154.147 Y120.166 E497.57035
G0 F9000 X154.217 Y119.788
G1 F600 X153.68 Y119.653 E497.58877
G1 X153.191 Y119.4 E497.60708
G1 X152.773 Y119.028 E497.62569
G1 X152.456 Y118.569 E497.64424
G1 X152.26 Y118.052 E497.66263
G1 X152.2 Y117.5 E497.6811
G1 X152.26 Y116.944 E497.6997
G1 X152.456 Y116.431 E497.71797
G1 X152.768 Y115.974 E497.73637
G1 X153.19 Y115.596 E497.75521
G1 X153.685 Y115.341 E497.77373
G1 X154.221 Y115.212 E497.79207
G1 X154.78 Y115.212 E497.81066
G1 X155.312 Y115.341 E497.82887
G1 X155.806 Y115.596 E497.84736
G1 X156.228 Y115.974 E497.8662
G1 X156.54 Y116.432 E497.88464
G1 X156.736 Y116.943 E497.90284
G1 X156.796 Y117.5 E497.92147
G1 X156.735 Y118.055 E497.94004
G1 X156.539 Y118.57 E497.95837
G1 X156.225 Y119.024 E497.97673
G1 X155.809 Y119.398 E497.99534
G1 X155.312 Y119.654 E498.01393
G1 X154.776 Y119.788 E498.03231
G1 X154.217 Y119.788 E498.0509
G0 F9000 X154.243 Y119.382
;TYPE:WALL-OUTER
G1 F600 X153.804 Y119.266 E498.066
G1 X153.398 Y119.049 E498.08131
G1 X153.09 Y118.774 E498.09505
G1 X152.804 Y118.359 E498.11181
G1 X152.66 Y117.979 E498.12532
G1 X152.601 Y117.524 E498.14058
G1 X152.649 Y117.064 E498.15597
G1 X152.826 Y116.599 E498.17252
G1 X153.058 Y116.259 E498.18621
G1 X153.417 Y115.93 E498.2024
G1 X153.848 Y115.713 E498.21845
G1 X154.257 Y115.614 E498.23245
G1 X154.752 Y115.617 E498.24891
G1 X155.148 Y115.713 E498.26246
G1 X155.579 Y115.93 E498.27851
G1 X155.938 Y116.259 E498.29471
G1 X156.17 Y116.599 E498.3084
G1 X156.347 Y117.064 E498.32495
G1 X156.396 Y117.5 E498.33954
G1 X156.346 Y117.943 E498.35437
G1 X156.169 Y118.402 E498.37073
G1 X155.937 Y118.738 E498.38431
G1 X155.579 Y119.066 E498.40046
G1 X155.15 Y119.282 E498.41644
G1 X154.739 Y119.386 E498.43054
G1 X154.243 Y119.382 E498.44703
G0 F9000 X154.074 Y120.07
G0 X154.332 Y120.344
G0 X117.5 Y120.59
G0 X117.5 Y121.3
G1 F600 X159.3 Y121.3 E499.83731
G1 X159.3 Y113.7 E500.09009
G1 X75.701 Y113.701 E502.8706
G1 X75.7 Y121.3 E503.12334
G1 X117.5 Y121.3 E504.51362
G0 F9000 X117.5 Y120.59
G0 X80.705 Y120.383
G0 X80.252 Y120.344
G0 X80.907 Y120.075
G0 X80.739 Y119.386
G1 F600 X80.243 Y119.382 E504.53011
G1 X79.804 Y119.266 E504.54522
G1 X79.398 Y119.049 E504.56053
G1 X79.09 Y118.774 E504.57426
G1 X78.804 Y118.359 E504.59102
G1 X78.65 Y117.943 E504.60578
G1 X78.601 Y117.524 E504.61981
G1 X78.649 Y117.064 E504.63519
G1 X78.826 Y116.599 E504.65174
G1 X79.058 Y116.259 E504.66543
G1 X79.417 Y115.93 E504.68163
G1 X79.848 Y115.713 E504.69768
G1 X80.257 Y115.614 E504.71167
G1 X80.752 Y115.617 E504.72814
G1 X81.148 Y115.713 E504.74169
G1 X81.579 Y115.93 E504.75774
G1 X81.938 Y116.259 E504.77394
G1 X82.17 Y116.599 E504.78763
G1 X82.347 Y117.064 E504.80417
G1 X82.396 Y117.5 E504.81877
G1 X82.336 Y117.979 E504.83482
G1 X82.192 Y118.359 E504.84834
G1 X81.937 Y118.738 E504.86353
G1 X81.579 Y119.066 E504.87968
G1 X81.15 Y119.282 E504.89566
G1 X80.739 Y119.386 E504.90976
G0 F9000 X80.907 Y120.075
G0 X80.252 Y120.344
G0 X117.5 Y120.399
G0 X117.5 Y120.136
;TYPE:SKIN
G1 F600 X82.041 Y120.136 E506.08913
G1 X82.37 Y119.91 E506.1024
G1 X82.693 Y119.619 E506.11686
G1 X82.877 Y119.414 E506.12603
G1 X83.121 Y119.062 E506.14027
G1 X83.266 Y118.789 E506.15055
G1 X83.416 Y118.395 E506.16457
G1 X83.495 Y118.085 E506.17521
G1 X83.56 Y117.497 E506.19489
G1 X83.495 Y116.903 E506.21476
G1 X83.423 Y116.615 E506.22464
G1 X83.266 Y116.202 E506.23933
G1 X83.142 Y115.967 E506.24817
G1 X82.893 Y115.602 E506.26287
G1 X82.694 Y115.375 E506.27291
G1 X82.371 Y115.079 E506.28748
G1 X82.057 Y114.86 E506.30021
G1 X152.935 Y114.86 E508.65762
G1 X152.621 Y115.079 E508.67036
G1 X152.298 Y115.375 E508.68493
G1 X152.114 Y115.583 E508.69417
G1 X151.863 Y115.946 E508.70884
G1 X151.726 Y116.202 E508.7185
G1 X151.569 Y116.616 E508.73323
G1 X151.497 Y116.908 E508.74323
G1 X151.432 Y117.499 E508.76301
G1 X151.493 Y118.063 E508.78187
G1 X151.576 Y118.395 E508.79326
G1 X151.716 Y118.767 E508.80648
G1 X151.858 Y119.041 E508.81674
G1 X152.115 Y119.415 E508.83183
G1 X152.303 Y119.622 E508.84113
G1 X152.621 Y119.913 E508.85547
G1 X152.94 Y120.135 E508.8684
G1 X117.5 Y120.136 E510.04714
G0 F9000 X117.5 Y120.399
G0 X80.705 Y120.383
G0 X80.252 Y120.344
G0 X82.567 Y119.375
G0 X82.908 Y119.677
G1 F600 X83.166 Y119.936 E510.0593
G0 F9000 X83.731 Y119.935
G1 F600 X83.158 Y119.362 E510.08625
G0 F9000 X83.374 Y119.012
G1 F600 X84.297 Y119.935 E510.12966
G0 F9000 X84.863 Y119.935
G1 F600 X83.543 Y118.616 E510.19173
G0 F9000 X83.676 Y118.183
G1 F600 X85.428 Y119.935 E510.27414
G0 F9000 X85.994 Y119.935
G1 F600 X83.739 Y117.68 E510.38021
G0 F9000 X83.714 Y117.09
G1 F600 X86.56 Y119.935 E510.51405
G0 F9000 X87.125 Y119.935
G1 F600 X83.531 Y116.341 E510.6831
G0 F9000 X83.103 Y116.504
G0 X81.374 Y114.779
G0 X80.664 Y114.658
G0 X83.381 Y114.6
G0 X83.381 Y115.059
G1 F600 X88.257 Y119.935 E510.91245
G0 F9000 X87.691 Y119.935
G1 F600 X82.815 Y115.059 E511.1418
G0 F9000 X82.815 Y114.6
G0 X83.946 Y114.6
G0 X83.946 Y115.059
G1 F600 X88.823 Y119.935 E511.37118
G0 F9000 X89.388 Y119.935
G1 F600 X84.512 Y115.059 E511.60053
G0 F9000 X85.078 Y115.059
G1 F600 X89.954 Y119.935 E511.82988
G0 F9000 X90.52 Y119.935
G1 F600 X85.643 Y115.059 E512.05926
G0 F9000 X86.209 Y115.059
G1 F600 X91.085 Y119.935 E512.28861
G0 F9000 X91.651 Y119.935
G1 F600 X86.775 Y115.059 E512.51796
G0 F9000 X87.34 Y115.059
G1 F600 X92.217 Y119.935 E512.74734
G0 F9000 X92.782 Y119.935
G1 F600 X87.906 Y115.059 E512.97669
G0 F9000 X88.472 Y115.059
G1 F600 X93.348 Y119.935 E513.20604
G0 F9000 X93.914 Y119.935
G1 F600 X89.037 Y115.059 E513.43542
G0 F9000 X89.603 Y115.059
G1 F600 X94.479 Y119.935 E513.66477
G0 F9000 X95.045 Y119.935
G1 F600 X90.169 Y115.059 E513.89412
G0 F9000 X90.735 Y115.059
G1 F600 X95.611 Y119.935 E514.12348
G0 F9000 X96.176 Y119.935
G1 F600 X91.3 Y115.059 E514.35283
G0 F9000 X91.866 Y115.059
G1 F600 X96.742 Y119.935 E514.58218
G0 F9000 X97.308 Y119.935
G1 F600 X92.432 Y115.059 E514.81153
G0 F9000 X92.997 Y115.059
G1 F600 X97.873 Y119.935 E515.04088
G0 F9000 X98.439 Y119.935
G1 F600 X93.563 Y115.059 E515.27024
G0 F9000 X94.129 Y115.059
G1 F600 X99.005 Y119.935 E515.49959
G0 F9000 X99.571 Y119.935
G1 F600 X94.694 Y115.059 E515.72896
G0 F9000 X95.26 Y115.059
G1 F600 X100.136 Y119.935 E515.95832
G0 F9000 X100.702 Y119.935
G1 F600 X95.826 Y115.059 E516.18767
G0 F9000 X96.391 Y115.059
G1 F600 X101.268 Y119.935 E516.41704
G0 F9000 X101.833 Y119.935
G1 F600 X96.957 Y115.059 E516.6464
G0 F9000 X97.523 Y115.059
G1 F600 X102.399 Y119.935 E516.87575
G0 F9000 X102.965 Y119.935
G1 F600 X98.088 Y115.059 E517.10512
G0 F9000 X98.654 Y115.059
G1 F600 X103.53 Y119.935 E517.33447
G0 F9000 X104.096 Y119.935
G1 F600 X99.22 Y115.059 E517.56383
G0 F9000 X99.785 Y115.059
G1 F600 X104.662 Y119.935 E517.7932
G0 F9000 X105.227 Y119.935
G1 F600 X100.351 Y115.059 E518.02255
G0 F9000 X100.917 Y115.059
G1 F600 X105.793 Y119.935 E518.25191
G0 F9000 X106.359 Y119.935
G1 F600 X101.483 Y115.059 E518.48126
G0 F9000 X102.048 Y115.059
G1 F600 X106.924 Y119.935 E518.71061
G0 F9000 X107.49 Y119.935
G1 F600 X102.614 Y115.059 E518.93996
G0 F9000 X103.18 Y115.059
G1 F600 X108.056 Y119.935 E519.16932
G0 F9000 X108.622 Y119.935
G1 F600 X103.745 Y115.059 E519.39869
G0 F9000 X104.311 Y115.059
G1 F600 X109.187 Y119.935 E519.62804
G0 F9000 X109.753 Y119.935
G1 F600 X104.877 Y115.059 E519.85739
G0 F9000 X105.442 Y115.059
G1 F600 X110.319 Y119.935 E520.08677
G0 F9000 X110.884 Y119.935
G1 F600 X106.008 Y115.059 E520.31612
G0 F9000 X106.574 Y115.059
G1 F600 X111.45 Y119.935 E520.54547
G0 F9000 X112.016 Y119.935
G1 F600 X107.139 Y115.059 E520.77485
G0 F9000 X107.705 Y115.059
G1 F600 X112.581 Y119.935 E521.0042
G0 F9000 X113.147 Y119.935
G1 F600 X108.271 Y115.059 E521.23355
G0 F9000 X108.836 Y115.059
G1 F600 X113.713 Y119.935 E521.46293
G0 F9000 X114.278 Y119.935
G1 F600 X109.402 Y115.059 E521.69228
G0 F9000 X109.968 Y115.059
G1 F600 X114.844 Y119.935 E521.92163
G0 F9000 X115.41 Y119.935
G1 F600 X110.534 Y115.059 E522.15099
G0 F9000 X111.099 Y115.059
G1 F600 X115.975 Y119.935 E522.38034
G0 F9000 X116.541 Y119.935
G1 F600 X111.665 Y115.059 E522.60969
G0 F9000 X112.231 Y115.059
G1 F600 X117.107 Y119.935 E522.83904
G0 F9000 X117.672 Y119.935
G1 F600 X112.796 Y115.059 E523.06839
G0 F9000 X113.362 Y115.059
G1 F600 X118.238 Y119.935 E523.29775
G0 F9000 X118.804 Y119.935
G1 F600 X113.928 Y115.059 E523.5271
G0 F9000 X114.493 Y115.059
G1 F600 X119.37 Y119.935 E523.75647
G0 F9000 X119.935 Y119.935
G1 F600 X115.059 Y115.059 E523.98583
G0 F9000 X115.625 Y115.059
G1 F600 X120.501 Y119.935 E524.21518
G0 F9000 X121.067 Y119.935
G1 F600 X116.19 Y115.059 E524.44455
G0 F9000 X116.756 Y115.059
G1 F600 X121.632 Y119.935 E524.67391
G0 F9000 X122.198 Y119.935
G1 F600 X117.322 Y115.059 E524.90326
G0 F9000 X117.887 Y115.059
G1 F600 X122.764 Y119.935 E525.13263
G0 F9000 X123.329 Y119.935
G1 F600 X118.453 Y115.059 E525.36199
G0 F9000 X119.019 Y115.059
G1 F600 X123.895 Y119.935 E525.59134
G0 F9000 X124.461 Y119.935
G1 F600 X119.584 Y115.059 E525.82071
G0 F9000 X120.15 Y115.059
G1 F600 X125.026 Y119.935 E526.05007
G0 F9000 X125.592 Y119.935
G1 F600 X120.716 Y115.059 E526.27942
G0 F9000 X121.282 Y115.059
G1 F600 X126.158 Y119.935 E526.50877
G0 F9000 X126.723 Y119.935
G1 F600 X121.847 Y115.059 E526.73812
G0 F9000 X122.413 Y115.059
G1 F600 X127.289 Y119.935 E526.96747
G0 F9000 X127.855 Y119.935
G1 F600 X122.979 Y115.059 E527.19683
G0 F9000 X123.544 Y115.059
G1 F600 X128.42 Y119.935 E527.42618
G0 F9000 X128.986 Y119.935
G1 F600 X124.11 Y115.059 E527.65553
G0 F9000 X124.676 Y115.059
G1 F600 X129.552 Y119.935 E527.88488
G0 F9000 X130.118 Y119.935
G1 F600 X125.241 Y115.059 E528.11426
G0 F9000 X125.807 Y115.059
G1 F600 X130.683 Y119.935 E528.34361
G0 F9000 X131.249 Y119.935
G1 F600 X126.373 Y115.059 E528.57296
G0 F9000 X126.938 Y115.059
G1 F600 X131.815 Y119.935 E528.80234
G0 F9000 X132.38 Y119.935
G1 F600 X127.504 Y115.059 E529.03169
G0 F9000 X128.07 Y115.059
G1 F600 X132.946 Y119.935 E529.26104
G0 F9000 X133.512 Y119.935
G1 F600 X128.635 Y115.059 E529.49042
G0 F9000 X129.201 Y115.059
G1 F600 X134.077 Y119.935 E529.71977
G0 F9000 X134.643 Y119.935
G1 F600 X129.767 Y115.059 E529.94912
G0 F9000 X130.333 Y115.059
G1 F600 X135.209 Y119.935 E530.17847
G0 F9000 X135.774 Y119.935
G1 F600 X130.898 Y115.059 E530.40783
G0 F9000 X131.464 Y115.059
G1 F600 X136.34 Y119.935 E530.63718
G0 F9000 X136.906 Y119.935
G1 F600 X132.03 Y115.059 E530.86653
G0 F9000 X132.595 Y115.059
G1 F600 X137.471 Y119.935 E531.09588
G0 F9000 X138.037 Y119.935
G1 F600 X133.161 Y115.059 E531.32523
G0 F9000 X133.727 Y115.059
G1 F600 X138.603 Y119.935 E531.55459
G0 F9000 X139.169 Y119.935
G1 F600 X134.292 Y115.059 E531.78396
G0 F9000 X134.858 Y115.059
G1 F600 X139.734 Y119.935 E532.01331
G0 F9000 X140.3 Y119.935
G1 F600 X135.424 Y115.059 E532.24267
G0 F9000 X135.989 Y115.059
G1 F600 X140.866 Y119.935 E532.47204
G0 F9000 X141.431 Y119.935
G1 F600 X136.555 Y115.059 E532.70139
G0 F9000 X137.121 Y115.059
G1 F600 X141.997 Y119.935 E532.93075
G0 F9000 X142.563 Y119.935
G1 F600 X137.686 Y115.059 E533.16012
G0 F9000 X138.252 Y115.059
G1 F600 X143.128 Y119.935 E533.38947
G0 F9000 X143.694 Y119.935
G1 F600 X138.818 Y115.059 E533.61883
G0 F9000 X139.383 Y115.059
G1 F600 X144.26 Y119.935 E533.8482
G0 F9000 X144.825 Y119.935
G1 F600 X139.949 Y115.059 E534.07755
G0 F9000 X140.515 Y115.059
G1 F600 X145.391 Y119.935 E534.30691
G0 F9000 X145.957 Y119.935
G1 F600 X141.081 Y115.059 E534.53626
G0 F9000 X141.646 Y115.059
G1 F600 X146.522 Y119.935 E534.76561
G0 F9000 X147.088 Y119.935
G1 F600 X142.212 Y115.059 E534.99496
G0 F9000 X142.778 Y115.059
G1 F600 X147.654 Y119.935 E535.22431
G0 F9000 X148.219 Y119.935
G1 F600 X143.343 Y115.059 E535.45367
G0 F9000 X143.909 Y115.059
G1 F600 X148.785 Y119.935 E535.68302
G0 F9000 X149.351 Y119.935
G1 F600 X144.475 Y115.059 E535.91237
G0 F9000 X145.04 Y115.059
G1 F600 X149.917 Y119.935 E536.14175
G0 F9000 X150.482 Y119.935
G1 F600 X145.606 Y115.059 E536.3711
G0 F9000 X146.172 Y115.059
G1 F600 X151.048 Y119.935 E536.60045
G0 F9000 X151.614 Y119.935
G1 F600 X146.737 Y115.059 E536.82983
G0 F9000 X147.303 Y115.059
G1 F600 X152.179 Y119.935 E537.05918
G0 F9000 X152.179 Y120.399
G0 X154.332 Y120.344
G0 X154.004 Y120.286
G0 X152.834 Y119.457
G0 X151.89 Y118.486
G0 X151.459 Y118.649
G1 F600 X147.869 Y115.059 E537.22804
G0 F9000 X148.434 Y115.059
G1 F600 X151.275 Y117.899 E537.36165
G0 F9000 X151.254 Y117.313
G1 F600 X149 Y115.059 E537.46767
G0 F9000 X149.566 Y115.059
G1 F600 X151.317 Y116.81 E537.55003
G0 F9000 X151.447 Y116.375
G1 F600 X150.131 Y115.059 E537.61193
G0 F9000 X150.697 Y115.059
G1 F600 X151.619 Y115.98 E537.65528
G0 F9000 X151.837 Y115.633
G1 F600 X151.263 Y115.059 E537.68228
G0 F9000 X151.829 Y115.059
G1 F600 X152.084 Y115.314 E537.69427
G0 F9000 X152.431 Y115.618
G0 X154.188 Y114.702
G0 X154.744 Y114.656
G0 X154.036 Y114.633
G0 X80.036 Y114.633
G0 X76.673 Y114.673
G0 X76.601 Y116.292
G0 X77.262 Y116.293
G1 F595.5 X77.261 Y115.261 E537.72885
G1 X77.851 Y115.259 E537.74862
G1 X77.518 Y115.737 E537.76814
G1 X77.36 Y116.038 E537.77954
G1 X77.262 Y116.293 E537.78869
G0 F9000 X76.601 Y116.292
G0 X76.672 Y120.328
G0 X77.846 Y120.4
G0 X77.846 Y119.735
G1 F595.5 X77.261 Y119.735 E537.80829
G1 X77.261 Y118.932 E537.8352
G1 X77.281 Y118.813 E537.83925
G1 X77.53 Y119.275 E537.85683
G1 X77.846 Y119.735 E537.87553
G0 F9000 X77.846 Y120.4
G0 X78.942 Y120.4
G0 X78.942 Y120.136
G1 F600 X76.86 Y120.139 E537.94478
G1 X76.86 Y118.916 E537.98546
G1 F540.5 X76.904 Y118.391 E538.00491
G1 F471.5 X76.925 Y118.263 E538.0104
G1 F472.4 X76.903 Y117.5 E538.04264
G1 F478.1 X76.919 Y116.896 E538.06786
G1 F518.4 X76.865 Y116.53 E538.0821
G1 F594.1 X76.86 Y114.86 E538.1382
G1 F600 X78.935 Y114.86 E538.20722
G1 X78.621 Y115.079 E538.21995
G1 X78.298 Y115.375 E538.23452
G1 X78.114 Y115.583 E538.24376
G1 X77.862 Y115.946 E538.25846
G1 X77.726 Y116.208 E538.26828
G1 X77.576 Y116.596 E538.28211
G1 F524 X77.435 Y116.924 E538.29571
G1 F478.1 X77.389 Y117.473 E538.31871
G1 F504.2 X77.451 Y118.21 E538.34798
G1 F555.6 X77.723 Y118.786 E538.37086
G1 F600 X77.871 Y119.063 E538.38131
G1 X78.103 Y119.395 E538.39478
G1 X78.302 Y119.621 E538.40479
G1 X78.621 Y119.913 E538.41918
G1 X78.942 Y120.136 E538.43218
G0 F9000 X78.942 Y120.4
G0 X80.23 Y120.341
G0 X80.807 Y120.298
G0 X80.252 Y120.344
G0 X80.956 Y120.367
G0 X154 Y120.365
G0 X154.332 Y120.344
G0 X154.004 Y120.286
G0 X151.905 Y118.697
G0 X151.736 Y116.782
G0 X152.587 Y115.807
G0 X153.047 Y115.399
G0 X153.594 Y115.11
G0 X154.194 Y114.963
G0 X154.806 Y114.963
G0 X155.406 Y115.11
G0 X155.898 Y115.37
G0 X157.108 Y116.515
G0 X157.731 Y116.276
G1 F592.6 X157.631 Y116.038 E538.44087
G1 X157.463 Y115.72 E538.45298
G1 X157.154 Y115.262 E538.47159
G1 X157.738 Y115.262 E538.49125
G1 X157.731 Y116.276 E538.5254
G0 F9000 X157.108 Y116.515
G0 X156.994 Y117.952
G0 X156.641 Y119.291
G0 X157.139 Y119.732
G1 F588.2 X157.451 Y119.29 E538.54376
G1 X157.712 Y118.816 E538.56211
G1 X157.735 Y118.936 E538.56626
G1 X157.736 Y119.732 E538.59326
G1 X157.139 Y119.732 E538.61352
G0 F9000 X156.641 Y119.291
G0 X154.807 Y120.298
G0 X154.252 Y120.344
G0 X156.044 Y120.399
G0 X156.045 Y120.136
G1 F600 X156.35 Y119.926 E538.62583
G1 X156.678 Y119.633 E538.64046
G1 X156.875 Y119.413 E538.65028
G1 X157.121 Y119.058 E538.66465
G1 X157.265 Y118.79 E538.67477
G1 F533.3 X157.509 Y118.284 E538.69579
G1 F463.3 X157.541 Y118.242 E538.69806
G1 F467.8 X157.605 Y117.473 E538.73098
G1 F470.6 X157.556 Y116.888 E538.75587
G1 F500 X157.437 Y116.611 E538.7679
G1 F571.4 X157.42 Y116.591 E538.76882
G1 F592.6 X157.269 Y116.21 E538.78262
G1 F600 X157.122 Y115.935 E538.79299
G1 X156.902 Y115.611 E538.80602
G1 X156.695 Y115.372 E538.81654
G1 X156.37 Y115.079 E538.83109
G1 X156.057 Y114.86 E538.8438
G1 X158.14 Y114.86 E538.91308
G1 F592.6 X158.135 Y116.461 E538.96699
G1 F511.7 X158.076 Y116.824 E538.98133
G1 F470.6 X158.095 Y117.447 E539.00777
G1 F467.8 X158.073 Y118.288 E539.04365
G1 F463.3 X158.091 Y118.389 E539.04807
G1 F533.3 X158.14 Y118.924 E539.06817
G1 F600 X158.14 Y120.139 E539.10858
G1 X156.045 Y120.136 E539.17826
;MESH:NONMESH
G0 F300 Z2.8
G0 F9000 X156.044 Y120.399
G0 X80.705 Y120.383
G0 X80.252 Y120.344
G0 X80.826 Y120.166
;TIME_ELAPSED:1706.723693
;LAYER:13
;TYPE:WALL-INNER
;MESH:3mm_tpu.stl
G1 F659.3 X80.147 Y120.166 E539.19881
G1 F625 X79.554 Y120.037 E539.21819
G1 F600 X79.072 Y119.789 E539.23622
G1 X78.864 Y119.645 E539.24463
G1 X78.471 Y119.294 E539.26216
G1 X78.098 Y118.755 E539.28396
G1 X77.871 Y118.155 E539.3053
G1 X77.796 Y117.536 E539.32604
G1 X77.866 Y116.851 E539.34894
G1 X78.1 Y116.245 E539.37054
G1 X78.464 Y115.709 E539.39209
G1 X78.864 Y115.351 E539.40995
G1 X79.072 Y115.207 E539.41836
G1 X79.563 Y114.954 E539.43673
G1 F631.6 X80.173 Y114.834 E539.45638
G1 F661.2 X80.845 Y114.834 E539.47666
G1 F626.6 X81.436 Y114.956 E539.49588
G1 F600 X81.924 Y115.207 E539.51413
G1 X82.132 Y115.351 E539.52255
G1 X82.531 Y115.709 E539.54038
G1 X82.898 Y116.246 E539.56201
G1 X83.13 Y116.857 E539.58375
G1 X83.2 Y117.535 E539.60642
G1 X83.127 Y118.148 E539.62695
G1 X82.898 Y118.755 E539.64853
G1 X82.527 Y119.291 E539.67021
G1 X82.132 Y119.645 E539.68785
G1 X81.923 Y119.789 E539.69629
G1 X81.44 Y120.038 E539.71437
G1 F631.6 X80.826 Y120.166 E539.73418
G0 F9000 X80.776 Y119.788
G1 F600 X80.217 Y119.788 E539.75278
G1 X79.68 Y119.653 E539.77119
G1 X79.19 Y119.4 E539.78953
G1 X78.773 Y119.027 E539.80814
G1 X78.455 Y118.567 E539.82674
G1 X78.261 Y118.056 E539.84492
G1 X78.195 Y117.501 E539.86351
G1 X78.259 Y116.945 E539.88213
G1 X78.456 Y116.431 E539.90043
G1 X78.768 Y115.974 E539.91884
G1 X79.19 Y115.596 E539.93768
G1 X79.685 Y115.341 E539.9562
G1 X80.221 Y115.212 E539.97454
G1 X80.78 Y115.212 E539.99313
G1 X81.312 Y115.341 E540.01134
G1 X81.806 Y115.596 E540.02983
G1 X82.228 Y115.974 E540.04867
G1 X82.54 Y116.432 E540.0671
G1 X82.736 Y116.943 E540.08531
G1 X82.796 Y117.5 E540.10394
G1 X82.738 Y118.048 E540.12227
G1 X82.54 Y118.569 E540.1408
G1 X82.225 Y119.025 E540.15924
G1 X81.808 Y119.398 E540.17785
G1 X81.312 Y119.654 E540.19641
G1 X80.776 Y119.788 E540.21479
G0 F9000 X80.776 Y120.098
G0 X80.252 Y120.344
G0 X117.5 Y120.499
G1 F600 X153.596 Y120.499 E541.41535
G1 F634.9 X154.292 Y120.522 E541.43723
G1 F674.2 X154.704 Y120.522 E541.44943
G1 F634.9 X155.4 Y120.499 E541.47132
G1 F600 X158.5 Y120.5 E541.57442
G1 X158.5 Y114.5 E541.77398
G1 X155.388 Y114.5 E541.87749
G1 F634.9 X154.704 Y114.478 E541.899
G1 F674.2 X154.292 Y114.478 E541.9112
G1 F634.9 X153.608 Y114.5 E541.93271
G1 F600 X81.388 Y114.5 E544.33475
G1 F634.9 X80.704 Y114.478 E544.35626
G1 F674.2 X80.292 Y114.478 E544.36846
G1 F634.9 X79.608 Y114.5 E544.38997
G1 F600 X76.501 Y114.501 E544.49331
G1 X76.5 Y120.5 E544.69283
G1 X79.596 Y120.499 E544.79581
G1 F634.9 X80.292 Y120.522 E544.8177
G1 F674.2 X80.704 Y120.522 E544.82989
G1 F634.9 X81.4 Y120.499 E544.85178
G1 F600 X117.5 Y120.499 E546.05247
G0 F9000 X117.5 Y120.9
G1 F600 X158.9 Y120.9 E547.42944
G1 X158.9 Y114.1 E547.65561
G1 X76.101 Y114.101 E550.40951
G1 X76.1 Y120.9 E550.63565
G1 X117.5 Y120.9 E552.01262
G0 F9000 X117.5 Y120.59
G0 X154 Y120.365
G0 X154.332 Y120.344
G0 X154.147 Y120.166
G1 F625 X153.554 Y120.037 E552.032
G1 F600 X153.072 Y119.789 E552.05003
G1 X152.864 Y119.645 E552.05844
G1 X152.471 Y119.294 E552.07597
G1 X152.098 Y118.755 E552.09777
G1 X151.869 Y118.148 E552.11934
G1 X151.796 Y117.535 E552.13988
G1 X151.866 Y116.857 E552.16255
G1 X152.098 Y116.246 E552.18429
G1 X152.465 Y115.709 E552.20592
G1 X152.864 Y115.351 E552.22375
G1 X153.072 Y115.207 E552.23216
G1 X153.563 Y114.954 E552.25053
G1 F631.6 X154.173 Y114.834 E552.27018
G1 F661.2 X154.845 Y114.834 E552.29046
G1 F626.6 X155.436 Y114.956 E552.30968
G1 F600 X155.924 Y115.207 E552.32793
G1 X156.132 Y115.351 E552.33634
G1 X156.532 Y115.709 E552.3542
G1 X156.896 Y116.245 E552.37575
G1 X157.128 Y116.847 E552.39721
G1 X157.196 Y117.5 E552.41904
G1 X157.126 Y118.152 E552.44085
G1 X156.895 Y118.759 E552.46245
G1 X156.528 Y119.29 E552.48392
G1 X156.132 Y119.645 E552.50161
G1 X155.923 Y119.789 E552.51005
G1 X155.44 Y120.038 E552.52813
G1 F631.6 X154.826 Y120.166 E552.54795
G1 F659.3 X154.147 Y120.166 E552.5685
G0 F9000 X154.217 Y119.788
G1 F600 X153.68 Y119.653 E552.58691
G1 X153.191 Y119.4 E552.60523
G1 X152.773 Y119.028 E552.62384
G1 X152.456 Y118.569 E552.64239
G1 X152.26 Y118.052 E552.66078
G1 X152.2 Y117.5 E552.67925
G1 X152.26 Y116.944 E552.69785
G1 X152.456 Y116.431 E552.71611
G1 X152.768 Y115.974 E552.73452
G1 X153.19 Y115.596 E552.75336
G1 X153.685 Y115.341 E552.77188
G1 X154.221 Y115.212 E552.79022
G1 X154.78 Y115.212 E552.80881
G1 X155.312 Y115.341 E552.82702
G1 X155.806 Y115.596 E552.84551
G1 X156.228 Y115.974 E552.86435
G1 X156.54 Y116.432 E552.88278
G1 X156.736 Y116.943 E552.90098
G1 X156.796 Y117.5 E552.91962
G1 X156.735 Y118.055 E552.93819
G1 X156.539 Y118.57 E552.95652
G1 X156.225 Y119.024 E552.97488
G1 X155.809 Y119.398 E552.99348
G1 X155.312 Y119.654 E553.01208
G1 X154.776 Y119.788 E553.03045
G1 X154.217 Y119.788 E553.04904
G0 F9000 X154.243 Y119.382
;TYPE:WALL-OUTER
G1 F600 X153.804 Y119.266 E553.06415
G1 X153.398 Y119.049 E553.07946
G1 X153.09 Y118.774 E553.09319
G1 X152.804 Y118.359 E553.10995
G1 X152.66 Y117.979 E553.12347
G1 X152.601 Y117.524 E553.13873
G1 X152.649 Y117.064 E553.15411
G1 X152.826 Y116.599 E553.17066
G1 X153.058 Y116.259 E553.18435
G1 X153.417 Y115.93 E553.20055
G1 X153.848 Y115.713 E553.2166
G1 X154.257 Y115.614 E553.23059
G1 X154.752 Y115.617 E553.24706
G1 X155.148 Y115.713 E553.26061
G1 X155.579 Y115.93 E553.27666
G1 X155.938 Y116.259 E553.29286
G1 X156.17 Y116.599 E553.30655
G1 X156.347 Y117.064 E553.32309
G1 X156.396 Y117.5 E553.33769
G1 X156.346 Y117.943 E553.35252
G1 X156.169 Y118.402 E553.36888
G1 X155.937 Y118.738 E553.38246
G1 X155.579 Y119.066 E553.39861
G1 X155.15 Y119.282 E553.41458
G1 X154.739 Y119.386 E553.42868
G1 X154.243 Y119.382 E553.44518
G0 F9000 X154.074 Y120.07
G0 X154.332 Y120.344
G0 X117.5 Y120.59
G0 X117.5 Y121.3
G1 F600 X159.3 Y121.3 E554.83545
G1 X159.3 Y113.7 E555.08823
G1 X75.701 Y113.701 E557.86875
G1 X75.7 Y121.3 E558.12149
G1 X117.5 Y121.3 E559.51176
G0 F9000 X117.5 Y120.59
G0 X80.705 Y120.383
G0 X80.252 Y120.344
G0 X80.907 Y120.075
G0 X80.739 Y119.386
G1 F600 X80.243 Y119.382 E559.52826
G1 X79.804 Y119.266 E559.54336
G1 X79.398 Y119.049 E559.55867
G1 X79.09 Y118.774 E559.57241
G1 X78.804 Y118.359 E559.58917
G1 X78.65 Y117.943 E559.60392
G1 X78.601 Y117.524 E559.61796
G1 X78.649 Y117.064 E559.63334
G1 X78.826 Y116.599 E559.64989
G1 X79.058 Y116.259 E559.66358
G1 X79.417 Y115.93 E559.67977
G1 X79.848 Y115.713 E559.69582
G1 X80.257 Y115.614 E559.70982
G1 X80.752 Y115.617 E559.72628
G1 X81.148 Y115.713 E559.73984
G1 X81.579 Y115.93 E559.75588
G1 X81.938 Y116.259 E559.77208
G1 X82.17 Y116.599 E559.78577
G1 X82.347 Y117.064 E559.80232
G1 X82.396 Y117.5 E559.81691
G1 X82.336 Y117.979 E559.83297
G1 X82.192 Y118.359 E559.84648
G1 X81.937 Y118.738 E559.86168
G1 X81.579 Y119.066 E559.87783
G1 X81.15 Y119.282 E559.8938
G1 X80.739 Y119.386 E559.9079
G0 F9000 X80.907 Y120.075
G0 X80.252 Y120.344
G0 X117.5 Y120.399
G0 X117.5 Y120.136
;TYPE:SKIN
G1 F600 X82.041 Y120.136 E561.08727
G1 X82.37 Y119.91 E561.10055
G1 X82.693 Y119.619 E561.11501
G1 X82.877 Y119.414 E561.12417
G1 X83.121 Y119.062 E561.13842
G1 X83.266 Y118.789 E561.1487
G1 X83.416 Y118.395 E561.16272
G1 X83.495 Y118.085 E561.17336
G1 X83.56 Y117.497 E561.19304
G1 X83.495 Y116.903 E561.21291
G1 X83.423 Y116.615 E561.22278
G1 X83.266 Y116.202 E561.23748
G1 X83.142 Y115.967 E561.24632
G1 X82.893 Y115.602 E561.26101
G1 X82.694 Y115.375 E561.27105
G1 X82.371 Y115.079 E561.28563
G1 X82.057 Y114.86 E561.29836
G1 X152.935 Y114.86 E563.65577
G1 X152.621 Y115.079 E563.6685
G1 X152.298 Y115.375 E563.68308
G1 X152.114 Y115.583 E563.69231
G1 X151.863 Y115.946 E563.70699
G1 X151.726 Y116.202 E563.71665
G1 X151.569 Y116.616 E563.73137
G1 X151.497 Y116.908 E563.74138
G1 X151.432 Y117.499 E563.76115
G1 X151.493 Y118.063 E563.78002
G1 X151.576 Y118.395 E563.7914
G1 X151.716 Y118.767 E563.80462
G1 X151.858 Y119.041 E563.81489
G1 X152.115 Y119.415 E563.82998
G1 X152.303 Y119.622 E563.83928
G1 X152.621 Y119.913 E563.85362
G1 X152.94 Y120.135 E563.86654
G1 X117.5 Y120.136 E565.04528
G0 F9000 X117.5 Y120.399
G0 X154 Y120.365
G0 X154.332 Y120.344
G0 X152.555 Y119.504
G0 X152.251 Y119.843
G1 F600 X152.159 Y119.936 E565.04963
G0 F9000 X151.975 Y119.554
G1 F600 X151.593 Y119.936 E565.0676
G0 F9000 X151.027 Y119.936
G1 F600 X151.74 Y119.223 E565.10114
G0 F9000 X151.539 Y118.858
G1 F600 X150.462 Y119.936 E565.15182
G0 F9000 X149.896 Y119.936
G1 F600 X151.384 Y118.447 E565.22184
G0 F9000 X151.283 Y117.984
G1 F600 X149.33 Y119.936 E565.31368
G0 F9000 X148.765 Y119.936
G1 F600 X151.236 Y117.465 E565.4299
G0 F9000 X151.312 Y116.823
G1 F600 X148.199 Y119.936 E565.57633
G0 F9000 X147.633 Y119.936
G1 F600 X151.653 Y115.916 E565.76542
G0 F9000 X151.379 Y115.059
G1 F600 X146.502 Y119.936 E565.99482
G0 F9000 X147.068 Y119.936
G1 F600 X151.945 Y115.059 E566.22422
G0 F9000 X151.945 Y114.6
G0 X150.813 Y114.6
G0 X150.813 Y115.059
G1 F600 X145.936 Y119.936 E566.45362
G0 F9000 X145.371 Y119.936
G1 F600 X150.247 Y115.059 E566.68299
G0 F9000 X149.682 Y115.059
G1 F600 X144.805 Y119.936 E566.91239
G0 F9000 X144.239 Y119.936
G1 F600 X149.116 Y115.059 E567.14179
G0 F9000 X148.55 Y115.059
G1 F600 X143.673 Y119.936 E567.37119
G0 F9000 X143.108 Y119.936
G1 F600 X147.985 Y115.059 E567.60059
G0 F9000 X147.419 Y115.059
G1 F600 X142.542 Y119.936 E567.82999
G0 F9000 X141.976 Y119.936
G1 F600 X146.853 Y115.059 E568.05939
G0 F9000 X146.288 Y115.059
G1 F600 X141.411 Y119.936 E568.28879
G0 F9000 X140.845 Y119.936
G1 F600 X145.722 Y115.059 E568.51818
G0 F9000 X145.156 Y115.059
G1 F600 X140.279 Y119.936 E568.74758
G0 F9000 X139.714 Y119.936
G1 F600 X144.591 Y115.059 E568.97698
G0 F9000 X144.025 Y115.059
G1 F600 X139.148 Y119.936 E569.20638
G0 F9000 X138.582 Y119.936
G1 F600 X143.459 Y115.059 E569.43578
G0 F9000 X142.894 Y115.059
G1 F600 X138.017 Y119.936 E569.66518
G0 F9000 X137.451 Y119.936
G1 F600 X142.328 Y115.059 E569.89458
G0 F9000 X141.762 Y115.059
G1 F600 X136.885 Y119.936 E570.12398
G0 F9000 X136.32 Y119.936
G1 F600 X141.196 Y115.059 E570.35335
G0 F9000 X140.631 Y115.059
G1 F600 X135.754 Y119.936 E570.58275
G0 F9000 X135.188 Y119.936
G1 F600 X140.065 Y115.059 E570.81215
G0 F9000 X139.499 Y115.059
G1 F600 X134.623 Y119.936 E571.04153
G0 F9000 X134.057 Y119.936
G1 F600 X138.934 Y115.059 E571.27093
G0 F9000 X138.368 Y115.059
G1 F600 X133.491 Y119.936 E571.50033
G0 F9000 X132.925 Y119.936
G1 F600 X137.802 Y115.059 E571.72973
G0 F9000 X137.237 Y115.059
G1 F600 X132.36 Y119.936 E571.95912
G0 F9000 X131.794 Y119.936
G1 F600 X136.671 Y115.059 E572.18852
G0 F9000 X136.105 Y115.059
G1 F600 X131.228 Y119.936 E572.41792
G0 F9000 X130.663 Y119.936
G1 F600 X135.54 Y115.059 E572.64732
G0 F9000 X134.974 Y115.059
G1 F600 X130.097 Y119.936 E572.87672
G0 F9000 X129.531 Y119.936
G1 F600 X134.408 Y115.059 E573.10612
G0 F9000 X133.843 Y115.059
G1 F600 X128.966 Y119.936 E573.33552
G0 F9000 X128.4 Y119.936
G1 F600 X133.277 Y115.059 E573.56492
G0 F9000 X132.711 Y115.059
G1 F600 X127.834 Y119.936 E573.79432
G0 F9000 X127.269 Y119.936
G1 F600 X132.146 Y115.059 E574.02372
G0 F9000 X131.58 Y115.059
G1 F600 X126.703 Y119.936 E574.25312
G0 F9000 X126.137 Y119.936
G1 F600 X131.014 Y115.059 E574.48251
G0 F9000 X130.448 Y115.059
G1 F600 X125.572 Y119.936 E574.71189
G0 F9000 X125.006 Y119.936
G1 F600 X129.883 Y115.059 E574.94129
G0 F9000 X129.317 Y115.059
G1 F600 X124.44 Y119.936 E575.17069
G0 F9000 X123.875 Y119.936
G1 F600 X128.751 Y115.059 E575.40006
G0 F9000 X128.186 Y115.059
G1 F600 X123.309 Y119.936 E575.62946
G0 F9000 X122.743 Y119.936
G1 F600 X127.62 Y115.059 E575.85886
G0 F9000 X127.054 Y115.059
G1 F600 X122.177 Y119.936 E576.08826
G0 F9000 X121.612 Y119.936
G1 F600 X126.489 Y115.059 E576.31766
G0 F9000 X125.923 Y115.059
G1 F600 X121.046 Y119.936 E576.54706
G0 F9000 X120.48 Y119.936
G1 F600 X125.357 Y115.059 E576.77646
G0 F9000 X124.792 Y115.059
G1 F600 X119.915 Y119.936 E577.00586
G0 F9000 X119.349 Y119.936
G1 F600 X124.226 Y115.059 E577.23526
G0 F9000 X123.66 Y115.059
G1 F600 X118.783 Y119.936 E577.46466
G0 F9000 X118.218 Y119.936
G1 F600 X123.095 Y115.059 E577.69406
G0 F9000 X122.529 Y115.059
G1 F600 X117.652 Y119.936 E577.92345
G0 F9000 X117.086 Y119.936
G1 F600 X121.963 Y115.059 E578.15285
G0 F9000 X121.398 Y115.059
G1 F600 X116.521 Y119.936 E578.38225
G0 F9000 X115.955 Y119.936
G1 F600 X120.832 Y115.059 E578.61165
G0 F9000 X120.266 Y115.059
G1 F600 X115.389 Y119.936 E578.84105
G0 F9000 X114.824 Y119.936
G1 F600 X119.7 Y115.059 E579.07043
G0 F9000 X119.135 Y115.059
G1 F600 X114.258 Y119.936 E579.29983
G0 F9000 X113.692 Y119.936
G1 F600 X118.569 Y115.059 E579.52922
G0 F9000 X118.003 Y115.059
G1 F600 X113.126 Y119.936 E579.75862
G0 F9000 X112.561 Y119.936
G1 F600 X117.438 Y115.059 E579.98802
G0 F9000 X116.872 Y115.059
G1 F600 X111.995 Y119.936 E580.21742
G0 F9000 X111.429 Y119.936
G1 F600 X116.306 Y115.059 E580.44682
G0 F9000 X115.741 Y115.059
G1 F600 X110.864 Y119.936 E580.67622
G0 F9000 X110.298 Y119.936
G1 F600 X115.175 Y115.059 E580.90562
G0 F9000 X114.609 Y115.059
G1 F600 X109.732 Y119.936 E581.13502
G0 F9000 X109.167 Y119.936
G1 F600 X114.044 Y115.059 E581.36442
G0 F9000 X113.478 Y115.059
G1 F600 X108.601 Y119.936 E581.59382
G0 F9000 X108.035 Y119.936
G1 F600 X112.912 Y115.059 E581.82322
G0 F9000 X112.347 Y115.059
G1 F600 X107.47 Y119.936 E582.05262
G0 F9000 X106.904 Y119.936
G1 F600 X111.781 Y115.059 E582.28201
G0 F9000 X111.215 Y115.059
G1 F600 X106.338 Y119.936 E582.51141
G0 F9000 X105.773 Y119.936
G1 F600 X110.649 Y115.059 E582.74079
G0 F9000 X110.084 Y115.059
G1 F600 X105.207 Y119.936 E582.97019
G0 F9000 X104.641 Y119.936
G1 F600 X109.518 Y115.059 E583.19959
G0 F9000 X108.952 Y115.059
G1 F600 X104.076 Y119.936 E583.42896
G0 F9000 X103.51 Y119.936
G1 F600 X108.387 Y115.059 E583.65836
G0 F9000 X107.821 Y115.059
G1 F600 X102.944 Y119.936 E583.88776
G0 F9000 X102.378 Y119.936
G1 F600 X107.255 Y115.059 E584.11716
G0 F9000 X106.69 Y115.059
G1 F600 X101.813 Y119.936 E584.34656
G0 F9000 X101.247 Y119.936
G1 F600 X106.124 Y115.059 E584.57596
G0 F9000 X105.558 Y115.059
G1 F600 X100.681 Y119.936 E584.80536
G0 F9000 X100.116 Y119.936
G1 F600 X104.993 Y115.059 E585.03476
G0 F9000 X104.427 Y115.059
G1 F600 X99.55 Y119.936 E585.26416
G0 F9000 X98.984 Y119.936
G1 F600 X103.861 Y115.059 E585.49356
G0 F9000 X103.296 Y115.059
G1 F600 X98.419 Y119.936 E585.72295
G0 F9000 X97.853 Y119.936
G1 F600 X102.73 Y115.059 E585.95235
G0 F9000 X102.164 Y115.059
G1 F600 X97.287 Y119.936 E586.18175
G0 F9000 X96.722 Y119.936
G1 F600 X101.599 Y115.059 E586.41115
G0 F9000 X101.033 Y115.059
G1 F600 X96.156 Y119.936 E586.64055
G0 F9000 X95.59 Y119.936
G1 F600 X100.467 Y115.059 E586.86995
G0 F9000 X99.901 Y115.059
G1 F600 X95.025 Y119.936 E587.09933
G0 F9000 X94.459 Y119.936
G1 F600 X99.336 Y115.059 E587.32872
G0 F9000 X98.77 Y115.059
G1 F600 X93.893 Y119.936 E587.55812
G0 F9000 X93.327 Y119.936
G1 F600 X98.204 Y115.059 E587.78752
G0 F9000 X97.639 Y115.059
G1 F600 X92.762 Y119.936 E588.01692
G0 F9000 X92.196 Y119.936
G1 F600 X97.073 Y115.059 E588.24632
G0 F9000 X96.507 Y115.059
G1 F600 X91.63 Y119.936 E588.47572
G0 F9000 X91.065 Y119.936
G1 F600 X95.942 Y115.059 E588.70512
G0 F9000 X95.376 Y115.059
G1 F600 X90.499 Y119.936 E588.93452
G0 F9000 X89.933 Y119.936
G1 F600 X94.81 Y115.059 E589.16392
G0 F9000 X94.245 Y115.059
G1 F600 X89.368 Y119.936 E589.39332
G0 F9000 X88.802 Y119.936
G1 F600 X93.679 Y115.059 E589.62272
G0 F9000 X93.113 Y115.059
G1 F600 X88.236 Y119.936 E589.85211
G0 F9000 X87.671 Y119.936
G1 F600 X92.548 Y115.059 E590.08151
G0 F9000 X91.982 Y115.059
G1 F600 X87.105 Y119.936 E590.31091
G0 F9000 X86.539 Y119.936
G1 F600 X91.416 Y115.059 E590.54031
G0 F9000 X90.85 Y115.059
G1 F600 X85.974 Y119.936 E590.76969
G0 F9000 X85.408 Y119.936
G1 F600 X90.285 Y115.059 E590.99909
G0 F9000 X89.719 Y115.059
G1 F600 X84.842 Y119.936 E591.22849
G0 F9000 X84.277 Y119.936
G1 F600 X89.153 Y115.059 E591.45786
G0 F9000 X88.588 Y115.059
G1 F600 X83.711 Y119.936 E591.68726
G0 F9000 X83.145 Y119.936
G1 F600 X88.022 Y115.059 E591.91666
G0 F9000 X87.456 Y115.059
G1 F600 X83.168 Y119.348 E592.11838
G0 F9000 X82.791 Y119.086
G0 X83.203 Y118.194
G0 X83.646 Y118.303
G1 F600 X86.891 Y115.059 E592.27099
G0 F9000 X86.325 Y115.059
G1 F600 X83.744 Y117.64 E592.39239
G0 F9000 X83.716 Y117.102
G1 F600 X85.759 Y115.059 E592.48849
G0 F9000 X85.194 Y115.059
G1 F600 X83.631 Y116.622 E592.56201
G0 F9000 X83.481 Y116.206
G1 F600 X84.628 Y115.059 E592.61596
G0 F9000 X84.062 Y115.059
G1 F600 X83.29 Y115.831 E592.65227
G0 F9000 X83.062 Y115.494
G1 F600 X83.497 Y115.059 E592.67273
G0 F9000 X82.931 Y115.059
G1 F600 X82.794 Y115.196 E592.67918
G0 F9000 X82.49 Y115.536
G0 X82.981 Y116.887
G0 X83.056 Y117.499
G0 X82.981 Y118.112
G0 X82.763 Y118.686
G0 X82.413 Y119.193
G0 X81.953 Y119.601
G0 X81.406 Y119.89
G0 X80.004 Y120.286
G0 X80.332 Y120.344
G0 X78.942 Y120.4
G0 X78.942 Y120.136
G1 F600 X76.86 Y120.139 E592.74842
G1 X76.86 Y118.916 E592.7891
G1 F540.5 X76.904 Y118.391 E592.80855
G1 F471.5 X76.925 Y118.263 E592.81404
G1 F472.4 X76.903 Y117.5 E592.84628
G1 F478.1 X76.919 Y116.896 E592.8715
G1 F518.4 X76.865 Y116.53 E592.88575
G1 F594.1 X76.86 Y114.86 E592.94185
G1 F600 X78.935 Y114.86 E593.01086
G1 X78.621 Y115.079 E593.0236
G1 X78.298 Y115.375 E593.03817
G1 X78.114 Y115.583 E593.0474
G1 X77.862 Y115.946 E593.0621
G1 X77.726 Y116.208 E593.07192
G1 X77.576 Y116.596 E593.08575
G1 F524 X77.435 Y116.924 E593.09935
G1 F478.1 X77.389 Y117.473 E593.12235
G1 F504.2 X77.451 Y118.21 E593.15162
G1 F555.6 X77.723 Y118.786 E593.1745
G1 F600 X77.871 Y119.063 E593.18495
G1 X78.103 Y119.395 E593.19842
G1 X78.302 Y119.621 E593.20843
G1 X78.621 Y119.913 E593.22282
G1 X78.942 Y120.136 E593.23582
G0 F9000 X78.196 Y119.794
G1 F600 X78.052 Y119.938 E593.24259
G0 F9000 X77.929 Y119.495
G1 F600 X77.485 Y119.939 E593.26348
G0 F9000 X77.06 Y119.799
G1 F600 X77.698 Y119.161 E593.29349
G0 F9000 X77.501 Y118.792
G1 F600 X77.06 Y119.233 E593.31423
G0 F9000 X77.111 Y118.616
G1 F600 X77.291 Y118.436 E593.3227
G0 F9000 X77.798 Y118.245
G0 X79.361 Y120.119
G0 X80.004 Y120.286
G0 X80.332 Y120.344
G0 X79.995 Y120.364
G0 X76.672 Y120.328
G0 X76.601 Y116.861
G0 X77.168 Y116.862
G1 F600 X77.236 Y116.794 E593.32589
G0 F9000 X77.06 Y116.404
G1 F600 X77.846 Y115.618 E593.36287
G0 F9000 X77.84 Y115.059
G1 F600 X77.06 Y115.838 E593.39953
G0 F9000 X77.06 Y115.273
G1 F600 X77.274 Y115.059 E593.4096
G0 F9000 X77.274 Y114.6
G0 X80.744 Y114.656
G0 X80.188 Y114.702
G0 X82.546 Y115.506
G0 X83.302 Y118.042
G0 X81.635 Y120.118
G0 X80.807 Y120.298
G0 X80.252 Y120.344
G0 X156.044 Y120.399
G0 X156.045 Y120.136
G1 F600 X156.35 Y119.926 E593.42191
G1 X156.678 Y119.633 E593.43654
G1 X156.875 Y119.413 E593.44636
G1 X157.121 Y119.058 E593.46073
G1 X157.265 Y118.79 E593.47085
G1 F533.3 X157.509 Y118.284 E593.49187
G1 F463.3 X157.541 Y118.242 E593.49414
G1 F467.8 X157.605 Y117.473 E593.52706
G1 F470.6 X157.556 Y116.888 E593.55195
G1 F500 X157.437 Y116.611 E593.56398
G1 F571.4 X157.42 Y116.591 E593.5649
G1 F592.6 X157.269 Y116.21 E593.5787
G1 F600 X157.122 Y115.935 E593.58907
G1 X156.902 Y115.611 E593.6021
G1 X156.695 Y115.372 E593.61262
G1 X156.37 Y115.079 E593.62717
G1 X156.057 Y114.86 E593.63988
G1 X158.14 Y114.86 E593.70916
G1 F592.6 X158.135 Y116.461 E593.76307
G1 F511.7 X158.076 Y116.824 E593.77741
G1 F470.6 X158.095 Y117.447 E593.80385
G1 F467.8 X158.073 Y118.288 E593.83973
G1 F463.3 X158.091 Y118.389 E593.84415
G1 F533.3 X158.14 Y118.924 E593.86425
G1 F600 X158.14 Y120.139 E593.90466
G1 X156.045 Y120.136 E593.97434
G0 F9000 X156.044 Y120.399
G0 X157.812 Y120.399
G0 X157.813 Y119.939
G1 F600 X157.939 Y119.812 E593.98029
G0 F9000 X157.939 Y119.246
G1 F600 X157.248 Y119.938 E594.01282
G0 F9000 X156.682 Y119.938
G1 F600 X157.901 Y118.719 E594.07016
G0 F9000 X158.4 Y118.719
G0 X158.328 Y120.328
G0 X154.705 Y120.383
G0 X154.252 Y120.344
G0 X154.807 Y120.298
G0 X156.958 Y118.95
G0 X157.195 Y116.773
G0 X157.706 Y116.651
G1 F600 X157.931 Y116.427 E594.08072
G0 F9000 X157.512 Y116.279
G1 F600 X157.94 Y115.852 E594.10083
G0 F9000 X157.94 Y115.286
G1 F600 X157.328 Y115.898 E594.12961
G0 F9000 X157.106 Y115.555
G1 F600 X157.601 Y115.06 E594.1529
G0 F9000 X157.034 Y115.06
G1 F600 X156.85 Y115.245 E594.16157
;TIME_ELAPSED:1888.330671
M140 S0
M107
G91 ;Relative positioning
G1 E-2 F2700 ;Retract a bit
G1 E-2 Z0.2 F2400 ;Retract and raise Z
G1 X5 Y5 F3000 ;Wipe out
G1 Z10 ;Raise Z more
G90 ;Absolute positioning

G1 X0 Y235 ;Present print
M106 S0 ;Turn-off fan
M104 S0 ;Turn-off hotend
M140 S0 ;Turn-off bed

M84 X Y E ;Disable all steppers but Z

M82 ;absolute extrusion mode
M104 S0
;End of Gcode
;SETTING_3 {"global_quality": "[general]\\nversion = 4\\nname = Dynamic Quality 
;SETTING_3 #2\\ndefinition = creality_ender3\\n\\n[metadata]\\ntype = quality_ch
;SETTING_3 anges\\nquality_type = adaptive\\nsetting_version = 27\\n\\n[values]\
;SETTING_3 \nadhesion_type = skirt\\nmaterial_bed_temperature = 60\\n\\n", "extr
;SETTING_3 uder_quality": ["[general]\\nversion = 4\\nname = Dynamic Quality #2\
;SETTING_3 \ndefinition = creality_ender3\\n\\n[metadata]\\ntype = quality_chang
;SETTING_3 es\\nquality_type = adaptive\\nsetting_version = 27\\nposition = 0\\n
;SETTING_3 \\n[values]\\ninfill_pattern = gyroid\\ninfill_sparse_density = 15.0\
;SETTING_3 \nmaterial_print_temperature = 230.0\\nretraction_enable = False\\nsp
;SETTING_3 eed_print = 20.0\\ntop_bottom_thickness = 0.4\\n\\n"]}
