;FLAVOR:Marlin
;TIME:305
;Filament used: 0.109328m
;Layer height: 0.16
;MINX:102.137
;MINY:102.204
;MINZ:0.2
;MAXX:132.863
;MAXY:132.791
;MAXZ:3.8
;TARGET_MACHINE.NAME:Creality Ender-3
;Generated with Cura_SteamEngine 5.12.0
M140 S60
M105
M190 S60
M104 S220
M105
M109 S220
; Ender 3 Custom Start G-code
G92 E0 ; Reset Extruder
G28 ; Home all axes
G1 Z2.0 F3000 ; Move Z Axis up little to prevent scratching of Heat Bed
G1 X0.1 Y20 Z0.3 F5000.0 ; Move to start position
G1 X0.1 Y200.0 Z0.3 F1500.0 E15 ; Draw the first line
G1 X0.4 Y200.0 Z0.3 F5000.0 ; Move to side a little
G1 X0.4 Y20 Z0.3 F1500.0 E30 ; Draw the second line
G92 E0 ; Reset Extruder
G1 Z2.0 F3000 ; Move Z Axis up little to prevent scratching of Heat Bed
G1 X5 Y20 Z0.3 F5000.0 ; Move over to prevent blob squish
M82 ;absolute extrusion mode
G92 E0
G92 E0
G1 F2700 E-5
;LAYER_COUNT:19
;LAYER:0
M107
G0 F6000 X105.329 Y110.337 Z0.2
;TYPE:SKIRT
G1 F2700 E0
G1 F1200 X106.278 Y109.54 E0.04122
G1 X106.611 Y109.311 E0.05466
G1 X108.424 Y108.376 E0.12251
G1 X108.536 Y108.065 E0.1335
G1 X109.031 Y107.089 E0.1699
G1 X109.64 Y106.169 E0.2066
G1 X110.829 Y104.837 E0.26598
G1 X111.778 Y104.04 E0.3072
G1 X112.111 Y103.811 E0.32064
G1 X113.807 Y102.936 E0.38412
G1 X114.978 Y102.543 E0.4252
G1 X116.049 Y102.319 E0.46159
G1 X117.213 Y102.208 E0.50048
G1 X117.548 Y102.204 E0.51162
G1 X119.798 Y102.484 E0.58704
G1 X120.672 Y102.733 E0.61726
G1 X121.969 Y103.292 E0.66424
G1 X123.04 Y103.932 E0.70573
G1 X124.225 Y104.878 E0.75617
G1 X124.74 Y105.404 E0.78065
G1 X125.922 Y106.827 E0.84218
G1 X126.593 Y108.39 E0.89875
G1 X127.392 Y108.751 E0.92791
G1 X128.54 Y109.432 E0.97231
G1 X129.725 Y110.378 E1.02274
G1 X130.262 Y110.927 E1.04828
G1 X131.417 Y112.316 E1.10837
G1 X132.248 Y114.291 E1.17963
G1 X132.513 Y115.186 E1.21068
G1 X132.75 Y116.55 E1.25672
G1 X132.863 Y118.056 E1.30696
G1 X132.54 Y119.707 E1.36291
G1 X131.938 Y121.497 E1.42572
G1 X131.469 Y122.411 E1.45989
G1 X130.86 Y123.331 E1.49659
G1 X129.671 Y124.663 E1.55597
G1 X128.722 Y125.46 E1.59719
G1 X128.389 Y125.689 E1.61063
G1 X126.745 Y126.542 E1.67223
G1 X126.588 Y126.602 E1.67782
G1 X126.489 Y126.878 E1.68758
G1 X125.969 Y127.911 E1.72604
G1 X125.36 Y128.831 E1.76274
G1 X124.171 Y130.163 E1.82212
G1 X123.222 Y130.96 E1.86334
G1 X122.889 Y131.189 E1.87678
G1 X121.136 Y132.088 E1.94231
G1 X120.044 Y132.457 E1.98065
G1 X119.4 Y132.607 E2.00264
G1 X117.384 Y132.791 E2.06997
G1 X116.396 Y132.74 E2.10287
G1 X116.042 Y132.693 E2.11475
G1 X114.073 Y132.173 E2.18249
G1 X113.258 Y131.823 E2.21199
G1 X111.86 Y130.998 E2.26598
G1 X110.775 Y130.122 E2.31236
G1 X110.26 Y129.596 E2.33684
G1 X109.078 Y128.173 E2.39837
G1 X108.401 Y126.598 E2.45539
G1 X107.668 Y126.276 E2.48202
G1 X106.36 Y125.498 E2.53264
G1 X105.275 Y124.622 E2.57902
G1 X104.738 Y124.073 E2.60456
G1 X103.583 Y122.684 E2.66464
G1 X102.752 Y120.709 E2.73591
G1 X102.487 Y119.814 E2.76695
G1 X102.25 Y118.45 E2.813
G1 X102.137 Y116.944 E2.86323
G1 X102.46 Y115.293 E2.91919
G1 X103.062 Y113.503 E2.982
G1 X103.531 Y112.589 E3.01617
G1 X104.14 Y111.669 E3.05286
G1 X105.329 Y110.337 E3.11225
G0 F6000 X105.587 Y110.643
G1 F1200 X106.505 Y109.87 E3.15216
G1 X106.838 Y109.641 E3.1656
G1 X108.516 Y108.779 E3.22835
G1 X108.732 Y108.704 E3.23595
G1 X108.893 Y108.245 E3.25213
G1 X109.365 Y107.31 E3.28697
G1 X109.974 Y106.39 E3.32366
G1 X111.087 Y105.143 E3.37926
G1 X112.005 Y104.37 E3.41917
G1 X112.338 Y104.141 E3.43261
G1 X113.99 Y103.292 E3.49439
G1 X115.06 Y102.935 E3.53191
G1 X116.131 Y102.711 E3.5683
G1 X117.218 Y102.608 E3.60462
G1 X117.553 Y102.604 E3.61576
G1 X119.688 Y102.869 E3.68731
G1 X120.562 Y103.118 E3.71754
G1 X121.765 Y103.636 E3.7611
G1 X122.791 Y104.245 E3.80079
G1 X123.939 Y105.158 E3.84957
G1 X124.454 Y105.684 E3.87406
G1 X125.576 Y107.036 E3.93249
G1 X126.286 Y108.691 E3.99239
G1 X127.227 Y109.116 E4.02673
G1 X128.291 Y109.745 E4.06784
G1 X129.439 Y110.658 E4.11663
G1 X129.954 Y111.183 E4.14109
G1 X131.072 Y112.527 E4.19923
G1 X131.864 Y114.405 E4.26702
G1 X132.129 Y115.3 E4.29807
G1 X132.351 Y116.58 E4.34128
G1 X132.46 Y118.031 E4.38967
G1 X132.147 Y119.63 E4.44387
G1 X131.582 Y121.315 E4.50298
G1 X131.135 Y122.19 E4.53566
G1 X130.526 Y123.11 E4.57235
G1 X129.413 Y124.357 E4.62795
G1 X128.495 Y125.13 E4.66786
G1 X128.162 Y125.359 E4.6813
G1 X126.561 Y126.187 E4.74125
G1 X126.273 Y126.291 E4.75144
G1 X126.131 Y126.699 E4.76581
G1 X125.635 Y127.69 E4.80266
G1 X125.026 Y128.61 E4.83936
G1 X123.913 Y129.857 E4.89495
G1 X122.995 Y130.63 E4.93487
G1 X122.662 Y130.859 E4.94831
G1 X121.007 Y131.709 E5.01019
G1 X119.953 Y132.067 E5.04722
G1 X119.309 Y132.217 E5.06921
G1 X117.404 Y132.392 E5.13284
G1 X116.449 Y132.343 E5.16464
G1 X116.095 Y132.296 E5.17652
G1 X114.231 Y131.805 E5.24063
G1 X113.416 Y131.455 E5.27013
G1 X112.111 Y130.686 E5.32051
G1 X111.061 Y129.842 E5.36532
G1 X110.546 Y129.316 E5.3898
G1 X109.424 Y127.964 E5.44824
G1 X108.707 Y126.295 E5.50865
G1 X107.872 Y125.932 E5.53894
G1 X106.611 Y125.186 E5.58767
G1 X105.561 Y124.342 E5.63247
G1 X105.046 Y123.817 E5.65693
G1 X103.928 Y122.473 E5.71508
G1 X103.136 Y120.595 E5.78287
G1 X102.871 Y119.7 E5.81392
G1 X102.649 Y118.42 E5.85712
G1 X102.54 Y116.969 E5.90552
G1 X102.853 Y115.37 E5.95971
G1 X103.418 Y113.685 E6.01882
G1 X103.865 Y112.81 E6.0515
G1 X104.474 Y111.89 E6.0882
G1 X105.587 Y110.643 E6.14379
G0 F6000 X105.845 Y110.949
G1 F1200 X106.732 Y110.2 E6.18241
G1 X107.065 Y109.971 E6.19585
G1 X108.648 Y109.157 E6.25505
G1 X109.047 Y109.018 E6.2691
G1 X109.25 Y108.425 E6.28995
G1 X109.699 Y107.531 E6.32322
G1 X110.308 Y106.611 E6.35992
G1 X111.345 Y105.449 E6.41172
G1 X112.232 Y104.7 E6.45033
G1 X112.565 Y104.471 E6.46378
G1 X114.118 Y103.671 E6.52188
G1 X115.143 Y103.326 E6.55785
G1 X116.169 Y103.109 E6.59273
G1 X117.223 Y103.008 E6.62795
G1 X117.558 Y103.004 E6.63909
G1 X119.578 Y103.254 E6.70679
G1 X120.452 Y103.503 E6.73701
G1 X121.562 Y103.981 E6.77721
G1 X122.543 Y104.559 E6.81508
G1 X123.654 Y105.439 E6.86222
G1 X124.146 Y105.939 E6.88555
G1 X125.23 Y107.245 E6.942
G1 X125.999 Y109.036 E7.00683
G1 X126.252 Y109.115 E7.01565
G1 X127.062 Y109.481 E7.04521
G1 X128.043 Y110.059 E7.08308
G1 X129.154 Y110.939 E7.13022
G1 X129.646 Y111.439 E7.15355
G1 X130.728 Y112.74 E7.20983
G1 X131.48 Y114.519 E7.27407
G1 X131.745 Y115.414 E7.30512
G1 X131.952 Y116.61 E7.34549
G1 X132.057 Y118.006 E7.39205
G1 X131.754 Y119.553 E7.44448
G1 X131.225 Y121.134 E7.49993
G1 X130.801 Y121.969 E7.53108
G1 X130.192 Y122.889 E7.56777
G1 X129.155 Y124.051 E7.61957
G1 X128.268 Y124.8 E7.65819
G1 X127.935 Y125.029 E7.67163
G1 X126.378 Y125.831 E7.72988
G1 X125.957 Y125.977 E7.7447
G1 X125.773 Y126.521 E7.7638
G1 X125.301 Y127.469 E7.79902
G1 X124.692 Y128.389 E7.83572
G1 X123.655 Y129.551 E7.88752
G1 X122.768 Y130.3 E7.92613
G1 X122.435 Y130.529 E7.93957
G1 X120.878 Y131.33 E7.99781
G1 X119.862 Y131.677 E8.03352
G1 X119.218 Y131.827 E8.05551
G1 X117.424 Y131.993 E8.11544
G1 X116.502 Y131.946 E8.14614
G1 X116.148 Y131.899 E8.15802
G1 X114.389 Y131.437 E8.21851
G1 X113.574 Y131.087 E8.24801
G1 X112.315 Y130.342 E8.29667
G1 X111.346 Y129.561 E8.33806
G1 X110.854 Y129.061 E8.36139
G1 X109.77 Y127.755 E8.41784
G1 X109.013 Y125.991 E8.48169
G1 X108.076 Y125.588 E8.51561
G1 X106.815 Y124.842 E8.56434
G1 X105.846 Y124.061 E8.60574
G1 X105.354 Y123.561 E8.62907
G1 X104.272 Y122.26 E8.68535
G1 X103.52 Y120.481 E8.74959
G1 X103.255 Y119.586 E8.78063
G1 X103.048 Y118.39 E8.821
G1 X102.943 Y116.994 E8.86757
G1 X103.246 Y115.447 E8.92
G1 X103.775 Y113.866 E8.97545
G1 X104.199 Y113.031 E9.0066
G1 X104.808 Y112.111 E9.04329
G1 X105.845 Y110.949 E9.09509
G0 F6000 X106.143 Y111.216
G1 F1200 X106.959 Y110.53 E9.13055
G1 X107.292 Y110.301 E9.14399
G1 X108.78 Y109.535 E9.19965
G1 X109.363 Y109.332 E9.22019
G1 X109.608 Y108.604 E9.24573
G1 X110.033 Y107.752 E9.2774
G1 X110.642 Y106.832 E9.3141
G1 X111.643 Y105.716 E9.36396
G1 X112.459 Y105.03 E9.39942
G1 X112.792 Y104.801 E9.41286
G1 X114.301 Y104.027 E9.46927
G1 X115.227 Y103.717 E9.50174
G1 X116.208 Y103.507 E9.53511
G1 X117.228 Y103.408 E9.5692
G1 X117.563 Y103.404 E9.58034
G1 X119.468 Y103.639 E9.64418
G1 X120.342 Y103.888 E9.67441
G1 X121.359 Y104.326 E9.71124
G1 X122.34 Y104.904 E9.74911
G1 X123.369 Y105.72 E9.79279
G1 X123.838 Y106.195 E9.81499
G1 X124.885 Y107.456 E9.8695
G1 X125.548 Y109.001 E9.92542
G1 X125.658 Y109.351 E9.93762
G1 X126.088 Y109.48 E9.95255
G1 X126.859 Y109.826 E9.98066
G1 X127.84 Y110.404 E10.01853
G1 X128.869 Y111.22 E10.06221
G1 X129.338 Y111.695 E10.08441
G1 X130.384 Y112.953 E10.13883
G1 X131.096 Y114.633 E10.19952
G1 X131.361 Y115.528 E10.23056
G1 X131.553 Y116.64 E10.26809
G1 X131.654 Y117.981 E10.31282
G1 X131.361 Y119.476 E10.36349
G1 X130.846 Y121.006 E10.41719
G1 X130.467 Y121.748 E10.4449
G1 X129.858 Y122.668 E10.48159
G1 X128.857 Y123.784 E10.53146
G1 X128.041 Y124.47 E10.56691
G1 X127.708 Y124.699 E10.58035
G1 X126.247 Y125.453 E10.63504
G1 X125.639 Y125.663 E10.65643
G1 X125.414 Y126.344 E10.68029
G1 X124.967 Y127.248 E10.71383
G1 X124.358 Y128.168 E10.75052
G1 X123.357 Y129.284 E10.80039
G1 X122.541 Y129.97 E10.83584
G1 X122.208 Y130.199 E10.84929
G1 X120.749 Y130.951 E10.90388
G1 X119.733 Y131.298 E10.93959
G1 X119.128 Y131.437 E10.96023
G1 X117.444 Y131.594 E11.01649
G1 X116.555 Y131.549 E11.04609
G1 X116.201 Y131.502 E11.05797
G1 X114.491 Y131.05 E11.1168
G1 X113.778 Y130.743 E11.14262
G1 X112.519 Y129.998 E11.19127
G1 X111.631 Y129.28 E11.22926
G1 X111.162 Y128.805 E11.25146
G1 X110.115 Y127.544 E11.30597
G1 X109.452 Y125.999 E11.36189
G1 X109.345 Y125.655 E11.37387
G1 X109.049 Y125.571 E11.38411
G1 X108.28 Y125.244 E11.4119
G1 X107.019 Y124.498 E11.46063
G1 X106.131 Y123.78 E11.49861
G1 X105.662 Y123.305 E11.52081
G1 X104.616 Y122.047 E11.57523
G1 X103.904 Y120.367 E11.63592
G1 X103.639 Y119.472 E11.66696
G1 X103.447 Y118.36 E11.70449
G1 X103.346 Y117.019 E11.74922
G1 X103.639 Y115.524 E11.79989
G1 X104.154 Y113.994 E11.85359
G1 X104.533 Y113.252 E11.8813
G1 X105.142 Y112.332 E11.91799
G1 X106.143 Y111.216 E11.96786
G0 F6000 X106.401 Y111.522
G1 F1200 X107.186 Y110.86 E12.00201
G1 X107.519 Y110.631 E12.01545
G1 X108.912 Y109.913 E12.06758
G1 X109.681 Y109.645 E12.09466
G1 X109.966 Y108.782 E12.12489
G1 X110.367 Y107.973 E12.15492
G1 X110.976 Y107.053 E12.19162
G1 X111.901 Y106.022 E12.23769
G1 X112.686 Y105.36 E12.27184
G1 X113.019 Y105.131 E12.28528
G1 X114.429 Y104.406 E12.33802
G1 X115.312 Y104.108 E12.36901
G1 X116.247 Y103.905 E12.40083
G1 X117.233 Y103.808 E12.43379
G1 X117.568 Y103.804 E12.44493
G1 X119.358 Y104.024 E12.50491
G1 X120.232 Y104.273 E12.53514
G1 X121.156 Y104.671 E12.5686
G1 X122.137 Y105.249 E12.60647
G1 X123.085 Y106.002 E12.64674
G1 X123.53 Y106.451 E12.66777
G1 X124.54 Y107.667 E12.72034
G1 X125.18 Y109.159 E12.77434
G1 X125.339 Y109.675 E12.7923
G1 X125.925 Y109.845 E12.81259
G1 X126.656 Y110.171 E12.83921
G1 X127.637 Y110.749 E12.87708
G1 X128.585 Y111.502 E12.91735
G1 X129.03 Y111.951 E12.93838
G1 X130.04 Y113.166 E12.99093
G1 X130.712 Y114.747 E13.04806
G1 X130.977 Y115.642 E13.07911
G1 X131.154 Y116.67 E13.1138
G1 X131.251 Y117.956 E13.1567
G1 X130.968 Y119.399 E13.20561
G1 X130.489 Y120.825 E13.25564
G1 X130.133 Y121.527 E13.28182
G1 X129.524 Y122.447 E13.31851
G1 X128.599 Y123.478 E13.36458
G1 X127.814 Y124.14 E13.39874
G1 X127.481 Y124.369 E13.41218
G1 X126.116 Y125.075 E13.46329
G1 X125.321 Y125.35 E13.49127
G1 X125.034 Y126.218 E13.52168
G1 X124.633 Y127.027 E13.55171
G1 X124.024 Y127.947 E13.58841
G1 X123.099 Y128.978 E13.63448
G1 X122.314 Y129.64 E13.66863
G1 X121.981 Y129.869 E13.68207
G1 X120.619 Y130.573 E13.73307
G1 X119.643 Y130.908 E13.76739
G1 X119.038 Y131.047 E13.78803
G1 X117.464 Y131.194 E13.84061
G1 X116.608 Y131.152 E13.86912
G1 X116.254 Y131.105 E13.88099
G1 X114.648 Y130.682 E13.93623
G1 X113.981 Y130.398 E13.96034
G1 X112.77 Y129.686 E14.00707
G1 X111.915 Y128.998 E14.04357
G1 X111.47 Y128.549 E14.06459
G1 X110.46 Y127.333 E14.11717
G1 X109.82 Y125.841 E14.17117
G1 X109.662 Y125.327 E14.18905
G1 X109.204 Y125.202 E14.20484
G1 X108.483 Y124.899 E14.23085
G1 X107.27 Y124.186 E14.27765
G1 X106.415 Y123.498 E14.31415
G1 X105.97 Y123.049 E14.33518
G1 X104.96 Y121.834 E14.38773
G1 X104.288 Y120.253 E14.44487
G1 X104.023 Y119.358 E14.47591
G1 X103.846 Y118.33 E14.51061
G1 X103.749 Y117.044 E14.5535
G1 X104.032 Y115.601 E14.60241
G1 X104.511 Y114.175 E14.65244
G1 X104.867 Y113.473 E14.67862
G1 X105.476 Y112.553 E14.71532
G1 X106.401 Y111.522 E14.76139
G0 F6000 X106.698 Y111.79
G1 F1200 X107.413 Y111.19 E14.79243
G1 X107.746 Y110.961 E14.80587
G1 X109.044 Y110.291 E14.85446
G1 X109.999 Y109.958 E14.8881
G1 X110.346 Y108.908 E14.92488
G1 X110.701 Y108.194 E14.9514
G1 X111.31 Y107.274 E14.98809
G1 X112.198 Y106.29 E15.03218
G1 X112.913 Y105.69 E15.06322
G1 X113.246 Y105.461 E15.07667
G1 X114.558 Y104.785 E15.12575
G1 X115.398 Y104.499 E15.15527
G1 X116.287 Y104.303 E15.18555
G1 X117.238 Y104.208 E15.21733
G1 X117.573 Y104.204 E15.22848
G1 X119.248 Y104.409 E15.2846
G1 X120.122 Y104.658 E15.31483
G1 X120.953 Y105.016 E15.34492
G1 X121.934 Y105.594 E15.3828
G1 X122.801 Y106.284 E15.41965
G1 X123.222 Y106.707 E15.4395
G1 X124.195 Y107.878 E15.49014
G1 X124.812 Y109.317 E15.54221
G1 X125.019 Y110.001 E15.56598
G1 X125.763 Y110.211 E15.59169
G1 X126.453 Y110.516 E15.61679
G1 X127.434 Y111.094 E15.65466
G1 X128.301 Y111.784 E15.69151
G1 X128.722 Y112.207 E15.71136
G1 X129.695 Y113.378 E15.762
G1 X130.328 Y114.861 E15.81563
G1 X130.593 Y115.756 E15.84667
G1 X130.755 Y116.7 E15.87853
G1 X130.848 Y117.931 E15.91959
G1 X130.575 Y119.322 E15.96674
G1 X130.132 Y120.645 E16.01314
G1 X129.799 Y121.306 E16.03776
G1 X129.19 Y122.226 E16.07445
G1 X128.302 Y123.21 E16.11854
G1 X127.587 Y123.81 E16.14958
G1 X127.254 Y124.039 E16.16303
G1 X125.933 Y124.719 E16.21244
G1 X125.003 Y125.037 E16.24513
G1 X124.654 Y126.092 E16.28209
G1 X124.299 Y126.806 E16.30861
G1 X123.69 Y127.726 E16.34531
G1 X122.802 Y128.71 E16.38939
G1 X122.087 Y129.31 E16.42044
G1 X121.754 Y129.539 E16.43388
G1 X120.488 Y130.195 E16.4813
G1 X119.553 Y130.518 E16.51421
G1 X118.948 Y130.657 E16.53485
G1 X117.483 Y130.794 E16.58379
G1 X116.661 Y130.755 E16.61116
G1 X116.307 Y130.708 E16.62304
G1 X114.805 Y130.314 E16.67469
G1 X114.138 Y130.03 E16.6988
G1 X113.02 Y129.374 E16.74191
G1 X112.199 Y128.716 E16.77691
G1 X111.778 Y128.293 E16.79676
G1 X110.805 Y127.122 E16.84739
G1 X110.188 Y125.683 E16.89947
G1 X109.981 Y124.999 E16.92324
G1 X109.359 Y124.833 E16.94465
G1 X108.638 Y124.53 E16.97066
G1 X107.52 Y123.874 E17.01378
G1 X106.699 Y123.216 E17.04877
G1 X106.278 Y122.793 E17.06862
G1 X105.305 Y121.622 E17.11926
G1 X104.672 Y120.139 E17.17289
G1 X104.407 Y119.244 E17.20393
G1 X104.245 Y118.3 E17.23579
G1 X104.152 Y117.069 E17.27685
G1 X104.425 Y115.678 E17.324
G1 X104.868 Y114.355 E17.3704
G1 X105.201 Y113.694 E17.39502
G1 X105.81 Y112.774 E17.43171
G1 X106.698 Y111.79 E17.4758
G0 F6000 X106.994 Y112.059
G1 F1200 X107.64 Y111.52 E17.50378
G1 X107.973 Y111.291 E17.51722
G1 X109.177 Y110.668 E17.56231
G1 X109.963 Y110.392 E17.59002
G1 X110.303 Y110.313 E17.60163
G1 X110.726 Y109.034 E17.64643
G1 X111.035 Y108.415 E17.66945
G1 X111.644 Y107.495 E17.70614
G1 X112.494 Y106.559 E17.74819
G1 X113.14 Y106.02 E17.77618
G1 X113.473 Y105.791 E17.78962
G1 X114.688 Y105.163 E17.83511
G1 X115.485 Y104.889 E17.86314
G1 X116.327 Y104.701 E17.89183
G1 X117.243 Y104.608 E17.92246
G1 X117.578 Y104.604 E17.9336
G1 X119.138 Y104.794 E17.98587
G1 X120.012 Y105.043 E18.0161
G1 X120.75 Y105.361 E18.04282
G1 X121.731 Y105.939 E18.08069
G1 X122.518 Y106.567 E18.11418
G1 X122.914 Y106.963 E18.13281
G1 X123.85 Y108.089 E18.18151
G1 X124.444 Y109.475 E18.23166
G1 X124.699 Y110.327 E18.26124
G1 X125.602 Y110.577 E18.29241
G1 X126.25 Y110.861 E18.31594
G1 X127.231 Y111.439 E18.35381
G1 X128.018 Y112.067 E18.3873
G1 X128.414 Y112.463 E18.40592
G1 X129.35 Y113.589 E18.45462
G1 X129.944 Y114.975 E18.50478
G1 X130.209 Y115.87 E18.53582
G1 X130.356 Y116.73 E18.56484
G1 X130.445 Y117.906 E18.60407
G1 X130.182 Y119.245 E18.64945
G1 X129.774 Y120.466 E18.69227
G1 X129.465 Y121.085 E18.71528
G1 X128.856 Y122.005 E18.75198
G1 X128.006 Y122.941 E18.79403
G1 X127.36 Y123.48 E18.82201
G1 X127.027 Y123.709 E18.83545
G1 X125.804 Y124.34 E18.88123
G1 X124.964 Y124.627 E18.91075
G1 X124.697 Y124.687 E18.91985
G1 X124.274 Y125.966 E18.96466
G1 X123.965 Y126.585 E18.98767
G1 X123.356 Y127.505 E19.02437
G1 X122.506 Y128.441 E19.06642
G1 X121.86 Y128.98 E19.0944
G1 X121.527 Y129.209 E19.10784
G1 X120.357 Y129.817 E19.1517
G1 X119.463 Y130.128 E19.18318
G1 X118.858 Y130.267 E19.20383
G1 X117.447 Y130.396 E19.25095
G1 X116.714 Y130.358 E19.27537
G1 X116.36 Y130.311 E19.28724
G1 X114.962 Y129.946 E19.3353
G1 X114.295 Y129.662 E19.35941
G1 X113.269 Y129.061 E19.39896
G1 X112.482 Y128.433 E19.43245
G1 X112.086 Y128.037 E19.45107
G1 X111.15 Y126.911 E19.49977
G1 X110.556 Y125.525 E19.54993
G1 X110.3 Y124.669 E19.57964
G1 X109.462 Y124.446 E19.60849
G1 X108.795 Y124.162 E19.6326
G1 X107.769 Y123.561 E19.67215
G1 X106.982 Y122.933 E19.70564
G1 X106.586 Y122.537 E19.72426
G1 X105.65 Y121.411 E19.77296
G1 X105.056 Y120.025 E19.82312
G1 X104.791 Y119.13 E19.85416
G1 X104.644 Y118.27 E19.88318
G1 X104.555 Y117.094 E19.92241
G1 X104.818 Y115.755 E19.96779
G1 X105.226 Y114.534 E20.01061
G1 X105.535 Y113.915 E20.03362
G1 X106.144 Y112.995 E20.07032
G1 X106.994 Y112.059 E20.11237
G0 F6000 X107.251 Y112.366
G1 F1200 X107.867 Y111.85 E20.1391
G1 X108.2 Y111.621 E20.15254
G1 X109.31 Y111.045 E20.19413
G1 X110.053 Y110.782 E20.22035
G1 X110.643 Y110.645 E20.24049
G1 X110.698 Y110.381 E20.24946
G1 X111.085 Y109.211 E20.29045
G1 X111.369 Y108.636 E20.31178
G1 X111.978 Y107.716 E20.34847
G1 X112.751 Y106.866 E20.38669
G1 X113.367 Y106.35 E20.41341
G1 X113.7 Y106.121 E20.42686
G1 X114.871 Y105.519 E20.47065
G1 X115.573 Y105.279 E20.49532
G1 X116.368 Y105.099 E20.52244
G1 X117.248 Y105.008 E20.55186
G1 X117.583 Y105.004 E20.563
G1 X119.028 Y105.179 E20.61142
G1 X119.902 Y105.428 E20.64164
G1 X120.548 Y105.706 E20.66503
G1 X121.482 Y106.252 E20.70102
G1 X122.236 Y106.851 E20.73305
G1 X122.606 Y107.219 E20.7504
G1 X123.507 Y108.303 E20.79728
G1 X124.061 Y109.59 E20.84389
G1 X124.315 Y110.438 E20.87333
G1 X124.352 Y110.647 E20.88039
G1 X125.443 Y110.944 E20.918
G1 X126.048 Y111.206 E20.93992
G1 X126.982 Y111.752 E20.97591
G1 X127.736 Y112.351 E21.00794
G1 X128.106 Y112.719 E21.02529
G1 X129.007 Y113.803 E21.07218
G1 X129.561 Y115.09 E21.11878
G1 X129.815 Y115.938 E21.14822
G1 X129.957 Y116.76 E21.17597
G1 X130.042 Y117.882 E21.21339
G1 X129.802 Y119.119 E21.2553
G1 X129.415 Y120.289 E21.29629
G1 X129.131 Y120.864 E21.31762
G1 X128.522 Y121.784 E21.35432
G1 X127.749 Y122.634 E21.39253
G1 X127.133 Y123.15 E21.41926
G1 X126.8 Y123.379 E21.4327
G1 X125.674 Y123.962 E21.47487
G1 X124.876 Y124.237 E21.50294
G1 X124.357 Y124.354 E21.52064
G1 X124.302 Y124.619 E21.52964
G1 X123.915 Y125.789 E21.57063
G1 X123.631 Y126.364 E21.59196
G1 X123.022 Y127.284 E21.62865
G1 X122.249 Y128.134 E21.66687
G1 X121.633 Y128.65 E21.69359
G1 X121.3 Y128.879 E21.70704
G1 X120.173 Y129.462 E21.74924
G1 X119.373 Y129.738 E21.77739
G1 X118.768 Y129.877 E21.79803
G1 X117.467 Y129.996 E21.84148
G1 X116.767 Y129.961 E21.8648
G1 X116.413 Y129.914 E21.87667
G1 X115.119 Y129.578 E21.92114
G1 X114.452 Y129.294 E21.94525
G1 X113.518 Y128.748 E21.98123
G1 X112.764 Y128.149 E22.01326
G1 X112.394 Y127.781 E22.03062
G1 X111.493 Y126.697 E22.0775
G1 X110.939 Y125.41 E22.12411
G1 X110.685 Y124.563 E22.15352
G1 X110.647 Y124.346 E22.16084
G1 X109.619 Y124.078 E22.19618
G1 X108.952 Y123.794 E22.22029
G1 X108.018 Y123.248 E22.25627
G1 X107.264 Y122.649 E22.2883
G1 X106.894 Y122.281 E22.30566
G1 X105.993 Y121.197 E22.35254
G1 X105.439 Y119.91 E22.39914
G1 X105.185 Y119.062 E22.42859
G1 X105.043 Y118.24 E22.45633
G1 X104.958 Y117.118 E22.49376
G1 X105.198 Y115.881 E22.53567
G1 X105.585 Y114.711 E22.57665
G1 X105.869 Y114.136 E22.59798
G1 X106.478 Y113.216 E22.63468
G1 X107.251 Y112.366 E22.67289
G0 F6000 X107.508 Y112.672
G1 F1200 X108.094 Y112.18 E22.69834
G1 X108.427 Y111.951 E22.71178
G1 X109.494 Y111.4 E22.75173
G1 X110.144 Y111.172 E22.77464
G1 X110.986 Y110.976 E22.80339
G1 X111.078 Y110.506 E22.81932
G1 X111.445 Y109.386 E22.85852
G1 X111.703 Y108.857 E22.87809
G1 X112.312 Y107.937 E22.91479
G1 X113.008 Y107.172 E22.94919
G1 X113.594 Y106.68 E22.97464
G1 X113.927 Y106.451 E22.98808
G1 X115.001 Y105.897 E23.02827
G1 X115.663 Y105.669 E23.05156
G1 X116.41 Y105.497 E23.07706
G1 X117.253 Y105.408 E23.10525
G1 X117.588 Y105.404 E23.11639
G1 X118.918 Y105.564 E23.16095
G1 X119.792 Y105.813 E23.19117
G1 X120.347 Y106.052 E23.21127
G1 X121.234 Y106.566 E23.24537
G1 X121.954 Y107.135 E23.27589
G1 X122.324 Y107.503 E23.29325
G1 X123.162 Y108.514 E23.33693
G1 X123.678 Y109.706 E23.38013
G1 X123.921 Y110.507 E23.40797
G1 X124.002 Y110.967 E23.4235
G1 X125.286 Y111.312 E23.46772
G1 X125.847 Y111.552 E23.48802
G1 X126.734 Y112.066 E23.52211
G1 X127.454 Y112.635 E23.55264
G1 X127.824 Y113.003 E23.56999
G1 X128.662 Y114.014 E23.61367
G1 X129.178 Y115.206 E23.65687
G1 X129.421 Y116.007 E23.68471
G1 X129.558 Y116.79 E23.71115
G1 X129.639 Y117.859 E23.74681
G1 X129.422 Y118.994 E23.78524
G1 X129.055 Y120.114 E23.82444
G1 X128.797 Y120.643 E23.84402
G1 X128.188 Y121.563 E23.88071
G1 X127.492 Y122.328 E23.91511
G1 X126.906 Y122.82 E23.94056
G1 X126.573 Y123.049 E23.954
G1 X125.491 Y123.606 E23.99448
G1 X124.788 Y123.847 E24.0192
G1 X124.014 Y124.022 E24.04559
G1 X123.922 Y124.494 E24.06158
G1 X123.555 Y125.614 E24.10078
G1 X123.297 Y126.143 E24.12036
G1 X122.688 Y127.063 E24.15706
G1 X121.992 Y127.828 E24.19145
G1 X121.406 Y128.32 E24.2169
G1 X121.073 Y128.549 E24.23034
G1 X120.042 Y129.084 E24.26898
G1 X119.283 Y129.348 E24.29571
G1 X118.678 Y129.487 E24.31635
G1 X117.486 Y129.596 E24.35616
G1 X116.82 Y129.564 E24.37834
G1 X116.466 Y129.517 E24.39022
G1 X115.274 Y129.209 E24.43117
G1 X114.653 Y128.948 E24.45357
G1 X113.766 Y128.434 E24.48767
G1 X113.046 Y127.865 E24.51819
G1 X112.676 Y127.497 E24.53555
G1 X111.838 Y126.486 E24.57922
G1 X111.322 Y125.294 E24.62242
G1 X111.079 Y124.493 E24.65026
G1 X110.996 Y124.023 E24.66614
G1 X109.774 Y123.709 E24.7081
G1 X109.153 Y123.448 E24.73051
G1 X108.266 Y122.934 E24.7646
G1 X107.546 Y122.365 E24.79513
G1 X107.176 Y121.997 E24.81248
G1 X106.338 Y120.986 E24.85616
G1 X105.822 Y119.794 E24.89936
G1 X105.579 Y118.993 E24.9272
G1 X105.442 Y118.21 E24.95364
G1 X105.361 Y117.141 E24.9893
G1 X105.578 Y116.006 E25.02773
G1 X105.945 Y114.886 E25.06693
G1 X106.203 Y114.357 E25.08651
G1 X106.812 Y113.437 E25.1232
G1 X107.508 Y112.672 E25.1576
G0 F6000 X107.766 Y112.978
G1 F1200 X108.321 Y112.51 E25.18175
G1 X108.654 Y112.281 E25.19519
G1 X109.628 Y111.777 E25.23166
G1 X110.235 Y111.562 E25.25308
G1 X110.934 Y111.399 E25.27696
G1 X111.321 Y111.359 E25.2899
G1 X111.459 Y110.629 E25.31461
G1 X111.805 Y109.561 E25.35195
G1 X112.063 Y109.032 E25.37152
G1 X112.609 Y108.205 E25.40448
G1 X113.266 Y107.478 E25.43707
G1 X113.821 Y107.01 E25.46122
G1 X114.154 Y106.781 E25.47466
G1 X115.132 Y106.275 E25.51128
G1 X115.753 Y106.059 E25.53315
G1 X116.5 Y105.887 E25.55865
G1 X117.258 Y105.808 E25.584
G1 X117.593 Y105.804 E25.59514
G1 X118.808 Y105.949 E25.63584
G1 X119.682 Y106.198 E25.66606
G1 X120.146 Y106.398 E25.68287
G1 X121.033 Y106.912 E25.71697
G1 X121.672 Y107.419 E25.7441
G1 X122.042 Y107.787 E25.76145
G1 X122.817 Y108.724 E25.8019
G1 X123.295 Y109.822 E25.84173
G1 X123.538 Y110.623 E25.86957
G1 X123.661 Y111.341 E25.89379
G1 X124.041 Y111.391 E25.90654
G1 X125.182 Y111.698 E25.94584
G1 X125.646 Y111.898 E25.96265
G1 X126.533 Y112.412 E25.99674
G1 X127.172 Y112.919 E26.02387
G1 X127.542 Y113.287 E26.04123
G1 X128.317 Y114.224 E26.08167
G1 X128.795 Y115.322 E26.12151
G1 X129.038 Y116.123 E26.14935
G1 X129.159 Y116.82 E26.17287
G1 X129.236 Y117.837 E26.2068
G1 X129.041 Y118.871 E26.24179
G1 X128.695 Y119.939 E26.27913
G1 X128.437 Y120.468 E26.29871
G1 X127.891 Y121.295 E26.33167
G1 X127.234 Y122.022 E26.36426
G1 X126.679 Y122.49 E26.38841
G1 X126.346 Y122.719 E26.40185
G1 X125.36 Y123.228 E26.43875
G1 X124.698 Y123.457 E26.46205
G1 X124.095 Y123.596 E26.48264
G1 X123.68 Y123.639 E26.49651
G1 X123.541 Y124.371 E26.52129
G1 X123.195 Y125.439 E26.55863
G1 X122.937 Y125.968 E26.57821
G1 X122.391 Y126.795 E26.61117
G1 X121.734 Y127.522 E26.64376
G1 X121.179 Y127.99 E26.66791
G1 X120.846 Y128.219 E26.68135
G1 X119.859 Y128.728 E26.71828
G1 X119.193 Y128.958 E26.74172
G1 X118.588 Y129.097 E26.76237
G1 X117.505 Y129.196 E26.79854
G1 X116.839 Y129.164 E26.82071
G1 X116.565 Y129.129 E26.8299
G1 X115.427 Y128.839 E26.86896
G1 X114.854 Y128.602 E26.88958
G1 X113.967 Y128.088 E26.92368
G1 X113.328 Y127.581 E26.95081
G1 X112.958 Y127.213 E26.96817
G1 X112.183 Y126.276 E27.00861
G1 X111.705 Y125.178 E27.04844
G1 X111.462 Y124.377 E27.07628
G1 X111.34 Y123.664 E27.10034
G1 X111.065 Y123.629 E27.10956
G1 X109.927 Y123.339 E27.14862
G1 X109.354 Y123.102 E27.16925
G1 X108.467 Y122.588 E27.20334
G1 X107.828 Y122.081 E27.23047
G1 X107.458 Y121.713 E27.24783
G1 X106.683 Y120.776 E27.28827
G1 X106.205 Y119.678 E27.3281
G1 X105.962 Y118.877 E27.35594
G1 X105.841 Y118.18 E27.37947
G1 X105.764 Y117.163 E27.41339
G1 X105.959 Y116.129 E27.44839
G1 X106.305 Y115.061 E27.48573
G1 X106.563 Y114.532 E27.50531
G1 X107.109 Y113.705 E27.53827
G1 X107.766 Y112.978 E27.57086
G0 F6000 X108.025 Y113.283
G1 F1200 X108.548 Y112.84 E27.59366
G1 X108.881 Y112.611 E27.6071
G1 X109.811 Y112.133 E27.64188
G1 X110.327 Y111.951 E27.66007
G1 X110.975 Y111.797 E27.68223
G1 X111.659 Y111.726 E27.7051
G1 X111.84 Y110.752 E27.73805
G1 X112.186 Y109.684 E27.77539
G1 X112.398 Y109.251 E27.79142
G1 X112.907 Y108.472 E27.82237
G1 X113.525 Y107.783 E27.85316
G1 X114.048 Y107.34 E27.87595
G1 X114.381 Y107.111 E27.8894
G1 X115.315 Y106.631 E27.92432
G1 X115.843 Y106.449 E27.9429
G1 X116.59 Y106.277 E27.96839
G1 X117.263 Y106.208 E27.9909
G1 X117.598 Y106.204 E28.00204
G1 X118.759 Y106.346 E28.04094
G1 X119.526 Y106.566 E28.06748
G1 X119.945 Y106.744 E28.08262
G1 X120.832 Y107.258 E28.11672
G1 X121.39 Y107.703 E28.14046
G1 X121.76 Y108.071 E28.15781
G1 X122.473 Y108.936 E28.1951
G1 X122.912 Y109.938 E28.23148
G1 X123.155 Y110.739 E28.25932
G1 X123.26 Y111.35 E28.27994
G1 X123.286 Y111.696 E28.29148
G1 X123.989 Y111.788 E28.31506
G1 X125.026 Y112.066 E28.35077
G1 X125.445 Y112.244 E28.36591
G1 X126.332 Y112.758 E28.40001
G1 X126.89 Y113.203 E28.42375
G1 X127.26 Y113.571 E28.44111
G1 X127.973 Y114.436 E28.47839
G1 X128.412 Y115.438 E28.51478
G1 X128.655 Y116.239 E28.54262
G1 X128.76 Y116.85 E28.56324
G1 X128.833 Y117.816 E28.59546
G1 X128.66 Y118.748 E28.62698
G1 X128.314 Y119.816 E28.66432
G1 X128.102 Y120.249 E28.68036
G1 X127.593 Y121.028 E28.71131
G1 X126.975 Y121.717 E28.74209
G1 X126.452 Y122.16 E28.76489
G1 X126.119 Y122.389 E28.77833
G1 X125.228 Y122.85 E28.8117
G1 X124.608 Y123.067 E28.83355
G1 X124.005 Y123.206 E28.85413
G1 X123.342 Y123.269 E28.87628
G1 X123.16 Y124.248 E28.9094
G1 X122.814 Y125.316 E28.94674
G1 X122.602 Y125.749 E28.96277
G1 X122.093 Y126.528 E28.99372
G1 X121.475 Y127.217 E29.02451
G1 X120.952 Y127.66 E29.0473
G1 X120.619 Y127.889 E29.06075
G1 X119.727 Y128.35 E29.09414
G1 X119.103 Y128.568 E29.11613
G1 X118.498 Y128.707 E29.13677
G1 X117.523 Y128.796 E29.16934
G1 X116.89 Y128.767 E29.19041
G1 X116.616 Y128.732 E29.1996
G1 X115.527 Y128.452 E29.237
G1 X115.055 Y128.256 E29.254
G1 X114.168 Y127.742 E29.28809
G1 X113.61 Y127.297 E29.31183
G1 X113.24 Y126.929 E29.32919
G1 X112.527 Y126.064 E29.36647
G1 X112.088 Y125.062 E29.40286
G1 X111.845 Y124.261 E29.4307
G1 X111.74 Y123.65 E29.45132
G1 X111.712 Y123.281 E29.46363
G1 X111.39 Y123.267 E29.47435
G1 X111.116 Y123.232 E29.48353
G1 X110.027 Y122.952 E29.52093
G1 X109.555 Y122.756 E29.53793
G1 X108.668 Y122.242 E29.57203
G1 X108.11 Y121.797 E29.59576
G1 X107.74 Y121.429 E29.61312
G1 X107.027 Y120.564 E29.65041
G1 X106.588 Y119.562 E29.68679
G1 X106.345 Y118.761 E29.71463
G1 X106.24 Y118.15 E29.73525
G1 X106.167 Y117.184 E29.76747
G1 X106.34 Y116.252 E29.799
G1 X106.686 Y115.184 E29.83634
G1 X106.898 Y114.751 E29.85237
G1 X107.407 Y113.972 E29.88332
G1 X108.025 Y113.283 E29.91411
G0 F6000 X108.284 Y113.588
G1 F1200 X108.775 Y113.17 E29.93556
G1 X109.108 Y112.941 E29.949
G1 X109.945 Y112.51 E29.98031
G1 X110.422 Y112.34 E29.99715
G1 X111.016 Y112.195 E30.01749
G1 X111.879 Y112.106 E30.04634
G1 X112.1 Y112.11 E30.0537
G1 X112.07 Y111.707 E30.06714
G1 X112.221 Y110.874 E30.09529
G1 X112.546 Y109.858 E30.13077
G1 X112.733 Y109.47 E30.1451
G1 X113.242 Y108.691 E30.17605
G1 X113.784 Y108.088 E30.20302
G1 X114.275 Y107.67 E30.22446
G1 X114.608 Y107.441 E30.2379
G1 X115.447 Y107.009 E30.26929
G1 X115.933 Y106.839 E30.28642
G1 X116.68 Y106.667 E30.31191
G1 X117.268 Y106.608 E30.33157
G1 X117.603 Y106.604 E30.34271
G1 X118.65 Y106.731 E30.37779
G1 X119.372 Y106.935 E30.40274
G1 X119.746 Y107.091 E30.41622
G1 X120.584 Y107.572 E30.44836
G1 X121.108 Y107.987 E30.47059
G1 X121.478 Y108.355 E30.48795
G1 X122.128 Y109.147 E30.52202
G1 X122.529 Y110.054 E30.55501
G1 X122.772 Y110.855 E30.58285
G1 X122.861 Y111.38 E30.60056
G1 X122.916 Y112.105 E30.62474
G1 X123.481 Y112.125 E30.64355
G1 X123.937 Y112.185 E30.65884
G1 X124.872 Y112.435 E30.69103
G1 X125.246 Y112.591 E30.70451
G1 X126.084 Y113.072 E30.73665
G1 X126.608 Y113.487 E30.75888
G1 X126.978 Y113.855 E30.77624
G1 X127.628 Y114.647 E30.81032
G1 X128.029 Y115.554 E30.8433
G1 X128.272 Y116.355 E30.87114
G1 X128.361 Y116.88 E30.88885
G1 X128.43 Y117.793 E30.9193
G1 X128.279 Y118.626 E30.94746
G1 X127.954 Y119.642 E30.98294
G1 X127.767 Y120.03 E30.99727
G1 X127.258 Y120.809 E31.02822
G1 X126.716 Y121.412 E31.05518
G1 X126.225 Y121.83 E31.07663
G1 X125.892 Y122.059 E31.09007
G1 X125.095 Y122.473 E31.11994
G1 X124.518 Y122.677 E31.1403
G1 X123.915 Y122.816 E31.16088
G1 X122.901 Y122.908 E31.19474
G1 X122.93 Y123.293 E31.20759
G1 X122.779 Y124.126 E31.23574
G1 X122.454 Y125.142 E31.27122
G1 X122.267 Y125.53 E31.28555
G1 X121.758 Y126.309 E31.3165
G1 X121.216 Y126.912 E31.34346
G1 X120.725 Y127.33 E31.36491
G1 X120.392 Y127.559 E31.37835
G1 X119.594 Y127.973 E31.40825
G1 X119.013 Y128.178 E31.42875
G1 X118.408 Y128.317 E31.44939
G1 X117.54 Y128.396 E31.47838
G1 X116.941 Y128.37 E31.49832
G1 X116.667 Y128.335 E31.50751
G1 X115.628 Y128.065 E31.54322
G1 X115.254 Y127.909 E31.55669
G1 X114.416 Y127.428 E31.58883
G1 X113.892 Y127.013 E31.61106
G1 X113.522 Y126.645 E31.62842
G1 X112.872 Y125.853 E31.6625
G1 X112.471 Y124.946 E31.69548
G1 X112.228 Y124.145 E31.72332
G1 X112.139 Y123.62 E31.74103
G1 X112.084 Y122.895 E31.76521
G1 X111.441 Y122.87 E31.78662
G1 X111.167 Y122.835 E31.7958
G1 X110.128 Y122.565 E31.83151
G1 X109.754 Y122.409 E31.84499
G1 X108.916 Y121.928 E31.87712
G1 X108.392 Y121.513 E31.89936
G1 X108.022 Y121.145 E31.91671
G1 X107.372 Y120.353 E31.95079
G1 X106.971 Y119.446 E31.98377
G1 X106.728 Y118.645 E32.01162
G1 X106.639 Y118.12 E32.02933
G1 X106.57 Y117.207 E32.05978
G1 X106.721 Y116.374 E32.08794
G1 X107.046 Y115.358 E32.12342
G1 X107.233 Y114.97 E32.13774
G1 X107.742 Y114.191 E32.16869
G1 X108.284 Y113.588 E32.19566
G0 F6000 X108.544 Y113.892
G1 F1200 X109.002 Y113.5 E32.21571
G1 X109.335 Y113.271 E32.22915
G1 X110.08 Y112.886 E32.25704
G1 X110.517 Y112.729 E32.27249
G1 X111.111 Y112.584 E32.29282
G1 X111.918 Y112.504 E32.3198
G1 X112.533 Y112.526 E32.34026
G1 X112.473 Y111.729 E32.36685
G1 X112.615 Y110.945 E32.39335
G1 X112.906 Y110.032 E32.42522
G1 X113.093 Y109.644 E32.43954
G1 X113.54 Y108.957 E32.46681
G1 X114.044 Y108.392 E32.49199
G1 X114.502 Y108 E32.51204
G1 X114.835 Y107.771 E32.52548
G1 X115.581 Y107.386 E32.5534
G1 X116.023 Y107.229 E32.569
G1 X116.77 Y107.057 E32.5945
G1 X117.273 Y107.008 E32.61131
G1 X117.608 Y107.004 E32.62245
G1 X118.542 Y107.116 E32.65374
G1 X119.221 Y107.306 E32.67719
G1 X119.548 Y107.439 E32.68893
G1 X120.337 Y107.887 E32.71911
G1 X120.826 Y108.271 E32.73979
G1 X121.196 Y108.639 E32.75714
G1 X121.784 Y109.357 E32.78801
G1 X122.147 Y110.172 E32.81768
G1 X122.378 Y110.923 E32.84382
G1 X122.462 Y111.41 E32.86025
G1 X122.523 Y112.22 E32.88727
G1 X122.476 Y112.543 E32.89813
G1 X122.918 Y112.504 E32.91289
G1 X123.429 Y112.522 E32.92989
G1 X123.885 Y112.582 E32.94519
G1 X124.721 Y112.806 E32.97398
G1 X125.048 Y112.939 E32.98572
G1 X125.837 Y113.387 E33.01589
G1 X126.326 Y113.771 E33.03657
G1 X126.696 Y114.139 E33.05393
G1 X127.284 Y114.857 E33.0848
G1 X127.647 Y115.672 E33.11447
G1 X127.878 Y116.423 E33.14061
G1 X127.962 Y116.91 E33.15704
G1 X128.027 Y117.771 E33.18576
G1 X127.885 Y118.555 E33.21226
G1 X127.594 Y119.468 E33.24413
G1 X127.407 Y119.856 E33.25846
G1 X126.96 Y120.543 E33.28572
G1 X126.456 Y121.108 E33.3109
G1 X125.998 Y121.5 E33.33095
G1 X125.665 Y121.729 E33.34439
G1 X124.912 Y122.117 E33.37257
G1 X124.428 Y122.287 E33.38963
G1 X123.825 Y122.426 E33.41021
G1 X123.056 Y122.496 E33.43589
G1 X122.467 Y122.47 E33.4555
G1 X122.527 Y123.271 E33.48222
G1 X122.385 Y124.055 E33.50872
G1 X122.094 Y124.968 E33.54059
G1 X121.907 Y125.356 E33.55492
G1 X121.46 Y126.043 E33.58218
G1 X120.956 Y126.608 E33.60736
G1 X120.498 Y127 E33.62741
G1 X120.165 Y127.229 E33.64085
G1 X119.411 Y127.617 E33.66906
G1 X118.923 Y127.788 E33.68626
G1 X118.318 Y127.927 E33.7069
G1 X117.556 Y127.996 E33.73235
G1 X116.992 Y127.973 E33.75112
G1 X116.718 Y127.938 E33.76031
G1 X115.779 Y127.694 E33.79258
G1 X115.452 Y127.561 E33.80432
G1 X114.663 Y127.113 E33.8345
G1 X114.174 Y126.729 E33.85518
G1 X113.804 Y126.361 E33.87253
G1 X113.216 Y125.643 E33.9034
G1 X112.853 Y124.828 E33.93308
G1 X112.622 Y124.077 E33.95921
G1 X112.538 Y123.59 E33.97565
G1 X112.477 Y122.78 E34.00266
G1 X112.524 Y122.456 E34.01355
G1 X112.056 Y122.496 E34.02917
G1 X111.492 Y122.473 E34.04795
G1 X111.218 Y122.438 E34.05714
G1 X110.279 Y122.194 E34.0894
G1 X109.952 Y122.061 E34.10115
G1 X109.163 Y121.613 E34.13132
G1 X108.674 Y121.229 E34.152
G1 X108.304 Y120.861 E34.16936
G1 X107.716 Y120.143 E34.20023
G1 X107.353 Y119.328 E34.2299
G1 X107.122 Y118.577 E34.25603
G1 X107.038 Y118.09 E34.27247
G1 X106.973 Y117.229 E34.30119
G1 X107.115 Y116.445 E34.32769
G1 X107.406 Y115.532 E34.35956
G1 X107.593 Y115.144 E34.37389
G1 X108.04 Y114.457 E34.40115
G1 X108.544 Y113.892 E34.42633
G0 F6000 X108.805 Y114.195
G1 F1200 X109.229 Y113.83 E34.44494
G1 X109.562 Y113.601 E34.45838
G1 X110.217 Y113.262 E34.48291
G1 X110.612 Y113.118 E34.49689
G1 X111.206 Y112.973 E34.51723
G1 X111.905 Y112.904 E34.54059
G1 X112.377 Y112.919 E34.5563
G1 X113.018 Y113.003 E34.5778
G1 X112.937 Y112.56 E34.59278
G1 X112.876 Y111.751 E34.61976
G1 X113.009 Y111.016 E34.64461
G1 X113.268 Y110.203 E34.67299
G1 X113.43 Y109.86 E34.6856
G1 X113.84 Y109.222 E34.71083
G1 X114.305 Y108.695 E34.7342
G1 X114.729 Y108.33 E34.75281
G1 X115.062 Y108.101 E34.76625
G1 X115.717 Y107.762 E34.79078
G1 X116.114 Y107.618 E34.80483
G1 X116.81 Y107.455 E34.8286
G1 X117.278 Y107.408 E34.84425
G1 X117.613 Y107.404 E34.85539
G1 X118.435 Y107.501 E34.88292
G1 X119.07 Y107.677 E34.90484
G1 X119.397 Y107.81 E34.91658
G1 X120.091 Y108.203 E34.9431
G1 X120.545 Y108.556 E34.96223
G1 X120.886 Y108.892 E34.97815
G1 X121.44 Y109.569 E35.00725
G1 X121.765 Y110.291 E35.03358
G1 X121.984 Y110.992 E35.05801
G1 X122.063 Y111.44 E35.07314
G1 X122.124 Y112.25 E35.10016
G1 X121.98 Y113.028 E35.12647
G1 X122.262 Y112.964 E35.13609
G1 X122.905 Y112.904 E35.15757
G1 X123.377 Y112.919 E35.17328
G1 X123.833 Y112.979 E35.18857
G1 X124.57 Y113.177 E35.21396
G1 X124.897 Y113.31 E35.2257
G1 X125.591 Y113.703 E35.25222
G1 X126.045 Y114.056 E35.27135
G1 X126.386 Y114.392 E35.28727
G1 X126.94 Y115.069 E35.31637
G1 X127.265 Y115.791 E35.3427
G1 X127.484 Y116.492 E35.36713
G1 X127.563 Y116.94 E35.38226
G1 X127.624 Y117.749 E35.40925
G1 X127.491 Y118.484 E35.43409
G1 X127.232 Y119.297 E35.46247
G1 X127.07 Y119.64 E35.47508
G1 X126.66 Y120.278 E35.50031
G1 X126.195 Y120.805 E35.52368
G1 X125.771 Y121.17 E35.54229
G1 X125.438 Y121.399 E35.55573
G1 X124.778 Y121.74 E35.58044
G1 X124.338 Y121.897 E35.59598
G1 X123.735 Y122.036 E35.61656
G1 X123.071 Y122.096 E35.63874
G1 X122.543 Y122.076 E35.65631
G1 X122.269 Y122.041 E35.6655
G1 X121.984 Y121.97 E35.67527
G1 X122.063 Y122.44 E35.69112
G1 X122.124 Y123.249 E35.7181
G1 X121.991 Y123.984 E35.74295
G1 X121.732 Y124.797 E35.77133
G1 X121.57 Y125.14 E35.78394
G1 X121.16 Y125.778 E35.80917
G1 X120.695 Y126.305 E35.83254
G1 X120.271 Y126.67 E35.85115
G1 X119.938 Y126.899 E35.86459
G1 X119.277 Y127.24 E35.88933
G1 X118.833 Y127.398 E35.905
G1 X118.228 Y127.537 E35.92565
G1 X117.571 Y127.596 E35.94759
G1 X117.043 Y127.576 E35.96516
G1 X116.769 Y127.541 E35.97435
G1 X115.93 Y127.323 E36.00318
G1 X115.603 Y127.19 E36.01493
G1 X114.909 Y126.797 E36.04145
G1 X114.455 Y126.444 E36.06058
G1 X114.114 Y126.108 E36.0765
G1 X113.56 Y125.431 E36.1056
G1 X113.235 Y124.709 E36.13193
G1 X113.016 Y124.008 E36.15636
G1 X112.937 Y123.56 E36.17149
G1 X112.876 Y122.75 E36.19851
G1 X113.02 Y121.972 E36.22482
G1 X112.735 Y122.036 E36.23454
G1 X112.071 Y122.096 E36.25671
G1 X111.543 Y122.076 E36.27429
G1 X111.269 Y122.041 E36.28347
G1 X110.43 Y121.823 E36.3123
G1 X110.103 Y121.69 E36.32405
G1 X109.409 Y121.297 E36.35057
G1 X108.955 Y120.944 E36.3697
G1 X108.614 Y120.608 E36.38562
G1 X108.06 Y119.931 E36.41472
G1 X107.735 Y119.209 E36.44105
G1 X107.516 Y118.508 E36.46548
G1 X107.437 Y118.06 E36.48061
G1 X107.376 Y117.251 E36.50759
G1 X107.509 Y116.516 E36.53244
G1 X107.768 Y115.703 E36.56082
G1 X107.93 Y115.36 E36.57343
G1 X108.34 Y114.722 E36.59866
G1 X108.805 Y114.195 E36.62203
G0 F6000 X109.067 Y114.497
G1 F1200 X109.456 Y114.16 E36.63915
G1 X109.789 Y113.931 E36.65259
G1 X110.356 Y113.637 E36.67384
G1 X110.707 Y113.507 E36.68628
G1 X111.301 Y113.362 E36.70662
G1 X111.894 Y113.304 E36.72644
G1 X112.325 Y113.316 E36.74078
G1 X112.781 Y113.376 E36.75608
G1 X113.419 Y113.548 E36.77805
G1 X113.634 Y113.636 E36.78578
G1 X113.398 Y112.889 E36.81184
G1 X113.336 Y112.53 E36.82395
G1 X113.279 Y111.773 E36.8492
G1 X113.403 Y111.087 E36.87239
G1 X113.63 Y110.374 E36.89728
G1 X113.792 Y110.031 E36.90989
G1 X114.141 Y109.485 E36.93145
G1 X114.567 Y108.997 E36.95299
G1 X114.956 Y108.66 E36.97011
G1 X115.289 Y108.431 E36.98355
G1 X115.856 Y108.137 E37.00479
G1 X116.207 Y108.007 E37.01724
G1 X116.851 Y107.853 E37.03927
G1 X117.283 Y107.808 E37.05371
G1 X117.618 Y107.804 E37.06486
G1 X118.33 Y107.887 E37.0887
G1 X118.919 Y108.048 E37.10901
G1 X119.246 Y108.181 E37.12075
G1 X119.847 Y108.52 E37.1437
G1 X120.266 Y108.843 E37.16129
G1 X120.576 Y109.145 E37.17569
G1 X121.097 Y109.782 E37.20306
G1 X121.383 Y110.41 E37.22601
G1 X121.602 Y111.111 E37.25044
G1 X121.664 Y111.47 E37.26255
G1 X121.721 Y112.227 E37.2878
G1 X121.597 Y112.913 E37.31099
G1 X121.367 Y113.633 E37.33613
G1 X121.707 Y113.507 E37.34819
G1 X122.301 Y113.362 E37.36853
G1 X122.894 Y113.304 E37.38834
G1 X123.325 Y113.316 E37.40268
G1 X123.781 Y113.376 E37.41798
G1 X124.419 Y113.548 E37.43996
G1 X124.746 Y113.681 E37.4517
G1 X125.347 Y114.02 E37.47465
G1 X125.766 Y114.343 E37.49225
G1 X126.076 Y114.645 E37.50664
G1 X126.597 Y115.282 E37.53401
G1 X126.883 Y115.91 E37.55696
G1 X127.102 Y116.611 E37.58139
G1 X127.164 Y116.97 E37.59351
G1 X127.221 Y117.727 E37.61876
G1 X127.097 Y118.413 E37.64194
G1 X126.87 Y119.126 E37.66683
G1 X126.708 Y119.469 E37.67945
G1 X126.359 Y120.015 E37.701
G1 X125.933 Y120.503 E37.72254
G1 X125.544 Y120.84 E37.73966
G1 X125.211 Y121.069 E37.7531
G1 X124.641 Y121.364 E37.77445
G1 X124.246 Y121.508 E37.78843
G1 X123.697 Y121.638 E37.8072
G1 X123.085 Y121.696 E37.82765
G1 X122.594 Y121.679 E37.84399
G1 X122.32 Y121.644 E37.85317
G1 X121.581 Y121.452 E37.87857
G1 X121.366 Y121.364 E37.8863
G1 X121.602 Y122.111 E37.91235
G1 X121.664 Y122.47 E37.92447
G1 X121.721 Y123.227 E37.94972
G1 X121.597 Y123.913 E37.9729
G1 X121.37 Y124.626 E37.99779
G1 X121.208 Y124.969 E38.01041
G1 X120.859 Y125.515 E38.03196
G1 X120.433 Y126.003 E38.05351
G1 X120.044 Y126.34 E38.07062
G1 X119.711 Y126.569 E38.08407
G1 X119.141 Y126.864 E38.10541
G1 X118.743 Y127.008 E38.11949
G1 X118.138 Y127.147 E38.14014
G1 X117.585 Y127.196 E38.1586
G1 X117.094 Y127.179 E38.17494
G1 X116.82 Y127.144 E38.18413
G1 X116.081 Y126.952 E38.20952
G1 X115.754 Y126.819 E38.22127
G1 X115.153 Y126.48 E38.24422
G1 X114.734 Y126.157 E38.26181
G1 X114.424 Y125.855 E38.27621
G1 X113.903 Y125.218 E38.30358
G1 X113.617 Y124.59 E38.32653
G1 X113.398 Y123.889 E38.35096
G1 X113.336 Y123.53 E38.36307
G1 X113.279 Y122.773 E38.38832
G1 X113.403 Y122.087 E38.41151
G1 X113.633 Y121.367 E38.43665
G1 X113.246 Y121.508 E38.45035
G1 X112.697 Y121.638 E38.46911
G1 X112.085 Y121.696 E38.48956
G1 X111.594 Y121.679 E38.5059
G1 X111.32 Y121.644 E38.51509
G1 X110.581 Y121.452 E38.54048
G1 X110.254 Y121.319 E38.55222
G1 X109.653 Y120.98 E38.57517
G1 X109.234 Y120.657 E38.59277
G1 X108.924 Y120.355 E38.60716
G1 X108.403 Y119.718 E38.63453
G1 X108.117 Y119.09 E38.65749
G1 X107.898 Y118.389 E38.68191
G1 X107.836 Y118.03 E38.69403
G1 X107.779 Y117.273 E38.71928
G1 X107.903 Y116.587 E38.74246
G1 X108.13 Y115.874 E38.76735
G1 X108.292 Y115.531 E38.77997
G1 X108.641 Y114.985 E38.80152
G1 X109.067 Y114.497 E38.82307
G0 F6000 X109.33 Y114.798
G1 F1200 X109.683 Y114.49 E38.83865
G1 X110.016 Y114.261 E38.85209
G1 X110.498 Y114.011 E38.87015
G1 X110.802 Y113.896 E38.88096
G1 X111.396 Y113.751 E38.9013
G1 X111.885 Y113.704 E38.91764
G1 X112.273 Y113.713 E38.93054
G1 X112.729 Y113.773 E38.94584
G1 X113.268 Y113.919 E38.96441
G1 X113.595 Y114.052 E38.97616
G1 X114.104 Y114.338 E38.99557
G1 X114.487 Y114.63 E39.01159
G1 X114.75 Y114.886 E39.0238
G1 X114.887 Y114.747 E39.03029
G1 X114.671 Y114.532 E39.04043
G1 X114.245 Y114.004 E39.06299
G1 X113.998 Y113.469 E39.08259
G1 X113.792 Y112.819 E39.10527
G1 X113.735 Y112.5 E39.11605
G1 X113.682 Y111.795 E39.13956
G1 X113.797 Y111.158 E39.16109
G1 X113.992 Y110.545 E39.18249
G1 X114.154 Y110.202 E39.1951
G1 X114.477 Y109.702 E39.2149
G1 X114.83 Y109.298 E39.23275
G1 X115.183 Y108.99 E39.24833
G1 X115.516 Y108.761 E39.26177
G1 X115.998 Y108.511 E39.27983
G1 X116.302 Y108.396 E39.29064
G1 X116.894 Y108.251 E39.31091
G1 X117.288 Y108.208 E39.32409
G1 X117.623 Y108.204 E39.33524
G1 X118.282 Y108.284 E39.35732
G1 X118.768 Y108.419 E39.37409
G1 X119.095 Y108.552 E39.38583
G1 X119.604 Y108.838 E39.40525
G1 X119.987 Y109.13 E39.42127
G1 X120.297 Y109.432 E39.43567
G1 X120.755 Y109.995 E39.45981
G1 X121.002 Y110.531 E39.47943
G1 X121.208 Y111.181 E39.50211
G1 X121.265 Y111.5 E39.51289
G1 X121.318 Y112.205 E39.53641
G1 X121.203 Y112.842 E39.55794
G1 X121.008 Y113.455 E39.57933
G1 X120.846 Y113.798 E39.59195
G1 X120.523 Y114.298 E39.61175
G1 X120.12 Y114.76 E39.63214
G1 X120.24 Y114.876 E39.63769
G1 X120.683 Y114.49 E39.65723
G1 X121.016 Y114.261 E39.67067
G1 X121.498 Y114.011 E39.68873
G1 X121.802 Y113.896 E39.69954
G1 X122.396 Y113.751 E39.71988
G1 X122.885 Y113.704 E39.73622
G1 X123.273 Y113.713 E39.74913
G1 X123.729 Y113.773 E39.76442
G1 X124.268 Y113.919 E39.783
G1 X124.595 Y114.052 E39.79474
G1 X125.104 Y114.338 E39.81416
G1 X125.487 Y114.63 E39.83017
G1 X125.797 Y114.932 E39.84457
G1 X126.255 Y115.495 E39.86871
G1 X126.502 Y116.031 E39.88834
G1 X126.708 Y116.681 E39.91102
G1 X126.765 Y117 E39.92179
G1 X126.818 Y117.705 E39.94531
G1 X126.703 Y118.342 E39.96684
G1 X126.508 Y118.955 E39.98823
G1 X126.346 Y119.298 E40.00085
G1 X126.023 Y119.798 E40.02065
G1 X125.67 Y120.202 E40.03849
G1 X125.317 Y120.51 E40.05407
G1 X124.984 Y120.739 E40.06752
G1 X124.502 Y120.989 E40.08558
G1 X124.151 Y121.119 E40.09802
G1 X123.657 Y121.24 E40.11494
G1 X123.097 Y121.296 E40.13366
G1 X122.645 Y121.282 E40.1487
G1 X122.371 Y121.247 E40.15789
G1 X121.732 Y121.081 E40.17985
G1 X121.405 Y120.948 E40.19159
G1 X120.896 Y120.662 E40.21101
G1 X120.513 Y120.37 E40.22702
G1 X120.25 Y120.114 E40.23923
G1 X120.113 Y120.253 E40.24572
G1 X120.329 Y120.468 E40.25586
G1 X120.755 Y120.996 E40.27842
G1 X121.002 Y121.531 E40.29802
G1 X121.208 Y122.181 E40.3207
G1 X121.265 Y122.5 E40.33148
G1 X121.318 Y123.205 E40.35499
G1 X121.203 Y123.842 E40.37652
G1 X121.008 Y124.455 E40.39792
G1 X120.846 Y124.798 E40.41054
G1 X120.523 Y125.298 E40.43033
G1 X120.17 Y125.702 E40.44818
G1 X119.817 Y126.01 E40.46376
G1 X119.484 Y126.239 E40.4772
G1 X119.002 Y126.489 E40.49526
G1 X118.651 Y126.619 E40.50771
G1 X118.101 Y126.749 E40.52651
G1 X117.597 Y126.796 E40.54334
G1 X117.145 Y126.782 E40.55838
G1 X116.871 Y126.747 E40.56757
G1 X116.232 Y126.581 E40.58953
G1 X115.905 Y126.448 E40.60127
G1 X115.396 Y126.162 E40.62069
G1 X115.013 Y125.87 E40.63671
G1 X114.703 Y125.568 E40.6511
G1 X114.245 Y125.005 E40.67524
G1 X113.998 Y124.469 E40.69487
G1 X113.792 Y123.819 E40.71755
G1 X113.735 Y123.5 E40.72833
G1 X113.682 Y122.795 E40.75184
G1 X113.797 Y122.158 E40.77337
G1 X113.992 Y121.545 E40.79477
G1 X114.154 Y121.202 E40.80738
G1 X114.477 Y120.702 E40.82718
G1 X114.88 Y120.24 E40.84757
G1 X114.76 Y120.124 E40.85312
G1 X114.317 Y120.51 E40.87267
G1 X113.984 Y120.739 E40.88611
G1 X113.502 Y120.989 E40.90417
G1 X113.151 Y121.119 E40.91662
G1 X112.657 Y121.24 E40.93353
G1 X112.097 Y121.296 E40.95225
G1 X111.645 Y121.282 E40.96729
G1 X111.371 Y121.247 E40.97648
G1 X110.732 Y121.081 E40.99844
G1 X110.405 Y120.948 E41.01018
G1 X109.896 Y120.662 E41.0296
G1 X109.513 Y120.37 E41.04562
G1 X109.203 Y120.068 E41.06001
G1 X108.745 Y119.505 E41.08415
G1 X108.498 Y118.969 E41.10378
G1 X108.292 Y118.319 E41.12646
G1 X108.235 Y118 E41.13724
G1 X108.182 Y117.295 E41.16075
G1 X108.297 Y116.658 E41.18228
G1 X108.492 Y116.045 E41.20368
G1 X108.654 Y115.702 E41.21629
G1 X108.977 Y115.202 E41.23609
G1 X109.33 Y114.798 E41.25393
G0 F6000 X109.595 Y115.098
G1 F1200 X109.91 Y114.82 E41.26791
G1 X110.243 Y114.591 E41.28135
G1 X110.64 Y114.385 E41.29623
G1 X110.944 Y114.27 E41.30704
G1 X111.437 Y114.149 E41.32392
G1 X111.878 Y114.104 E41.33866
G1 X112.221 Y114.11 E41.35007
G1 X112.677 Y114.17 E41.36537
G1 X113.117 Y114.29 E41.38054
G1 X113.444 Y114.423 E41.39228
G1 X113.863 Y114.657 E41.40824
G1 X114.208 Y114.917 E41.42261
G1 X114.518 Y115.219 E41.43701
G1 X114.75 Y115.505 E41.44926
G1 X115.095 Y115.098 E41.467
G1 X115.499 Y114.741 E41.48493
G1 X115.292 Y114.583 E41.49359
G1 X114.982 Y114.281 E41.50799
G1 X114.588 Y113.793 E41.52885
G1 X114.361 Y113.301 E41.54687
G1 X114.186 Y112.749 E41.56613
G1 X114.129 Y112.43 E41.57691
G1 X114.085 Y111.817 E41.59735
G1 X114.191 Y111.229 E41.61722
G1 X114.354 Y110.716 E41.63513
G1 X114.516 Y110.373 E41.64774
G1 X114.78 Y109.963 E41.66396
G1 X115.095 Y109.598 E41.68
G1 X115.41 Y109.32 E41.69397
G1 X115.743 Y109.091 E41.70741
G1 X116.14 Y108.885 E41.72229
G1 X116.444 Y108.77 E41.7331
G1 X116.937 Y108.649 E41.74998
G1 X117.331 Y108.606 E41.76317
G1 X117.626 Y108.604 E41.77298
G1 X118.177 Y108.67 E41.79143
G1 X118.617 Y108.79 E41.8066
G1 X118.944 Y108.923 E41.81834
G1 X119.363 Y109.157 E41.83431
G1 X119.708 Y109.417 E41.84868
G1 X120.018 Y109.719 E41.86307
G1 X120.412 Y110.207 E41.88393
G1 X120.639 Y110.699 E41.90195
G1 X120.814 Y111.251 E41.92121
G1 X120.871 Y111.57 E41.93199
G1 X120.915 Y112.183 E41.95243
G1 X120.809 Y112.771 E41.9723
G1 X120.646 Y113.284 E41.99021
G1 X120.484 Y113.627 E42.00282
G1 X120.22 Y114.037 E42.01904
G1 X119.905 Y114.402 E42.03508
G1 X119.501 Y114.759 E42.05301
G1 X119.708 Y114.917 E42.06167
G1 X120.018 Y115.219 E42.07607
G1 X120.25 Y115.505 E42.08831
G1 X120.595 Y115.098 E42.10606
G1 X120.91 Y114.82 E42.12003
G1 X121.243 Y114.591 E42.13348
G1 X121.64 Y114.385 E42.14835
G1 X121.944 Y114.27 E42.15916
G1 X122.437 Y114.149 E42.17605
G1 X122.878 Y114.104 E42.19079
G1 X123.221 Y114.11 E42.2022
G1 X123.677 Y114.17 E42.2175
G1 X124.117 Y114.29 E42.23267
G1 X124.444 Y114.423 E42.24441
G1 X124.863 Y114.657 E42.26037
G1 X125.208 Y114.917 E42.27474
G1 X125.518 Y115.219 E42.28913
G1 X125.912 Y115.707 E42.30999
G1 X126.139 Y116.199 E42.32801
G1 X126.314 Y116.751 E42.34727
G1 X126.371 Y117.07 E42.35805
G1 X126.415 Y117.683 E42.37849
G1 X126.309 Y118.271 E42.39837
G1 X126.146 Y118.784 E42.41627
G1 X125.984 Y119.127 E42.42889
G1 X125.72 Y119.537 E42.4451
G1 X125.405 Y119.902 E42.46114
G1 X125.09 Y120.18 E42.47511
G1 X124.757 Y120.409 E42.48856
G1 X124.36 Y120.615 E42.50343
G1 X124.056 Y120.73 E42.51424
G1 X123.562 Y120.851 E42.53116
G1 X123.108 Y120.896 E42.54633
G1 X122.696 Y120.885 E42.56004
G1 X122.422 Y120.85 E42.56923
G1 X121.883 Y120.71 E42.58775
G1 X121.556 Y120.577 E42.59949
G1 X121.137 Y120.343 E42.61545
G1 X120.792 Y120.083 E42.62982
G1 X120.482 Y119.781 E42.64422
G1 X120.25 Y119.495 E42.65646
G1 X119.905 Y119.902 E42.67421
G1 X119.501 Y120.259 E42.69214
G1 X119.708 Y120.417 E42.7008
G1 X120.018 Y120.719 E42.7152
G1 X120.412 Y121.207 E42.73606
G1 X120.639 Y121.699 E42.75408
G1 X120.814 Y122.251 E42.77334
G1 X120.871 Y122.57 E42.78412
G1 X120.915 Y123.183 E42.80456
G1 X120.809 Y123.771 E42.82443
G1 X120.646 Y124.284 E42.84233
G1 X120.484 Y124.627 E42.85495
G1 X120.22 Y125.037 E42.87117
G1 X119.905 Y125.402 E42.88721
G1 X119.59 Y125.68 E42.90118
G1 X119.257 Y125.909 E42.91462
G1 X118.86 Y126.115 E42.9295
G1 X118.556 Y126.23 E42.94031
G1 X118.062 Y126.351 E42.95722
G1 X117.608 Y126.396 E42.9724
G1 X117.196 Y126.385 E42.98611
G1 X116.922 Y126.35 E42.99529
G1 X116.383 Y126.21 E43.01382
G1 X116.056 Y126.077 E43.02556
G1 X115.637 Y125.843 E43.04152
G1 X115.292 Y125.583 E43.05589
G1 X114.982 Y125.281 E43.07028
G1 X114.588 Y124.793 E43.09114
G1 X114.361 Y124.301 E43.10916
G1 X114.186 Y123.749 E43.12842
G1 X114.129 Y123.43 E43.1392
G1 X114.085 Y122.817 E43.15964
G1 X114.191 Y122.229 E43.17952
G1 X114.354 Y121.716 E43.19742
G1 X114.516 Y121.373 E43.21004
G1 X114.78 Y120.963 E43.22625
G1 X115.095 Y120.598 E43.24229
G1 X115.499 Y120.241 E43.26022
G1 X115.292 Y120.083 E43.26888
G1 X114.982 Y119.781 E43.28328
G1 X114.75 Y119.495 E43.29553
G1 X114.405 Y119.902 E43.31327
G1 X114.09 Y120.18 E43.32725
G1 X113.757 Y120.409 E43.34069
G1 X113.36 Y120.615 E43.35556
G1 X113.056 Y120.73 E43.36637
G1 X112.562 Y120.851 E43.38329
G1 X112.108 Y120.896 E43.39846
G1 X111.696 Y120.885 E43.41217
G1 X111.422 Y120.85 E43.42136
G1 X110.883 Y120.71 E43.43988
G1 X110.556 Y120.577 E43.45162
G1 X110.137 Y120.343 E43.46758
G1 X109.792 Y120.083 E43.48195
G1 X109.482 Y119.781 E43.49635
G1 X109.088 Y119.293 E43.51721
G1 X108.861 Y118.801 E43.53523
G1 X108.686 Y118.249 E43.55449
G1 X108.629 Y117.93 E43.56527
G1 X108.585 Y117.317 E43.58571
G1 X108.691 Y116.729 E43.60558
G1 X108.854 Y116.216 E43.62348
G1 X109.016 Y115.873 E43.6361
G1 X109.28 Y115.463 E43.65232
G1 X109.595 Y115.098 E43.66836
G0 F6000 X109.862 Y115.396
G1 F1200 X110.139 Y115.148 E43.68072
G1 X110.429 Y114.945 E43.6925
G1 X110.785 Y114.758 E43.70587
G1 X111.042 Y114.658 E43.71504
G1 X111.48 Y114.547 E43.73007
G1 X111.874 Y114.504 E43.74325
G1 X112.172 Y114.507 E43.75317
G1 X112.574 Y114.557 E43.76664
G1 X112.966 Y114.661 E43.78013
G1 X113.293 Y114.794 E43.79187
G1 X113.625 Y114.979 E43.80451
G1 X113.929 Y115.204 E43.81709
G1 X114.239 Y115.506 E43.83148
G1 X114.569 Y115.919 E43.84907
G1 X114.751 Y116.312 E43.86347
G1 X114.878 Y116.044 E43.87334
G1 X115.085 Y115.722 E43.88607
G1 X115.362 Y115.396 E43.9003
G1 X115.639 Y115.148 E43.91266
G1 X115.929 Y114.945 E43.92444
G1 X116.292 Y114.757 E43.93803
G1 X115.875 Y114.521 E43.95397
G1 X115.571 Y114.296 E43.96655
G1 X115.261 Y113.994 E43.98094
G1 X114.931 Y113.581 E43.99853
G1 X114.724 Y113.133 E44.01494
G1 X114.58 Y112.679 E44.03078
G1 X114.523 Y112.36 E44.04156
G1 X114.488 Y111.84 E44.05889
G1 X114.585 Y111.3 E44.07714
G1 X114.716 Y110.887 E44.09155
G1 X114.878 Y110.544 E44.10417
G1 X115.085 Y110.222 E44.1169
G1 X115.362 Y109.896 E44.13113
G1 X115.639 Y109.648 E44.1435
G1 X115.929 Y109.445 E44.15527
G1 X116.285 Y109.258 E44.16864
G1 X116.542 Y109.158 E44.17782
G1 X116.98 Y109.047 E44.19284
G1 X117.374 Y109.004 E44.20603
G1 X117.626 Y109.004 E44.21441
G1 X118.074 Y109.057 E44.22941
G1 X118.466 Y109.161 E44.2429
G1 X118.793 Y109.294 E44.25464
G1 X119.125 Y109.479 E44.26728
G1 X119.429 Y109.704 E44.27986
G1 X119.739 Y110.006 E44.29426
G1 X120.069 Y110.419 E44.31184
G1 X120.276 Y110.867 E44.32826
G1 X120.42 Y111.321 E44.3441
G1 X120.477 Y111.64 E44.35487
G1 X120.512 Y112.16 E44.37221
G1 X120.415 Y112.7 E44.39046
G1 X120.284 Y113.113 E44.40487
G1 X120.122 Y113.456 E44.41748
G1 X119.915 Y113.778 E44.43022
G1 X119.638 Y114.104 E44.44444
G1 X119.361 Y114.352 E44.45681
G1 X119.071 Y114.555 E44.46858
G1 X118.708 Y114.743 E44.48218
G1 X119.125 Y114.979 E44.49812
G1 X119.429 Y115.204 E44.5107
G1 X119.739 Y115.506 E44.52509
G1 X120.069 Y115.919 E44.54267
G1 X120.251 Y116.312 E44.55708
G1 X120.378 Y116.044 E44.56694
G1 X120.585 Y115.722 E44.57967
G1 X120.862 Y115.396 E44.5939
G1 X121.139 Y115.148 E44.60627
G1 X121.429 Y114.945 E44.61804
G1 X121.785 Y114.758 E44.63142
G1 X122.042 Y114.658 E44.64059
G1 X122.48 Y114.547 E44.65562
G1 X122.874 Y114.504 E44.6688
G1 X123.172 Y114.507 E44.67871
G1 X123.574 Y114.557 E44.69219
G1 X123.966 Y114.661 E44.70568
G1 X124.293 Y114.794 E44.71742
G1 X124.625 Y114.979 E44.73006
G1 X124.929 Y115.204 E44.74264
G1 X125.239 Y115.506 E44.75703
G1 X125.569 Y115.919 E44.77461
G1 X125.776 Y116.367 E44.79103
G1 X125.92 Y116.821 E44.80687
G1 X125.977 Y117.14 E44.81765
G1 X126.012 Y117.66 E44.83498
G1 X125.915 Y118.2 E44.85323
G1 X125.784 Y118.613 E44.86764
G1 X125.622 Y118.956 E44.88026
G1 X125.415 Y119.278 E44.89299
G1 X125.138 Y119.604 E44.90722
G1 X124.861 Y119.852 E44.91958
G1 X124.571 Y120.055 E44.93136
G1 X124.215 Y120.242 E44.94473
G1 X123.958 Y120.342 E44.9539
G1 X123.519 Y120.453 E44.96897
G1 X123.117 Y120.496 E44.98241
G1 X122.747 Y120.488 E44.99472
G1 X122.473 Y120.453 E45.00391
G1 X122.034 Y120.339 E45.01899
G1 X121.707 Y120.206 E45.03074
G1 X121.375 Y120.021 E45.04338
G1 X121.071 Y119.796 E45.05596
G1 X120.761 Y119.494 E45.07035
G1 X120.431 Y119.081 E45.08793
G1 X120.249 Y118.688 E45.10234
G1 X120.122 Y118.956 E45.1122
G1 X119.915 Y119.278 E45.12493
G1 X119.638 Y119.604 E45.13916
G1 X119.361 Y119.852 E45.15153
G1 X119.071 Y120.055 E45.1633
G1 X118.708 Y120.243 E45.1769
G1 X119.125 Y120.479 E45.19284
G1 X119.429 Y120.704 E45.20541
G1 X119.739 Y121.006 E45.21981
G1 X120.069 Y121.419 E45.23739
G1 X120.276 Y121.867 E45.25381
G1 X120.42 Y122.321 E45.26965
G1 X120.477 Y122.64 E45.28043
G1 X120.512 Y123.16 E45.29776
G1 X120.415 Y123.7 E45.31601
G1 X120.284 Y124.113 E45.33042
G1 X120.122 Y124.456 E45.34304
G1 X119.915 Y124.778 E45.35577
G1 X119.638 Y125.104 E45.37
G1 X119.361 Y125.352 E45.38236
G1 X119.071 Y125.555 E45.39414
G1 X118.715 Y125.742 E45.40751
G1 X118.458 Y125.842 E45.41668
G1 X118.019 Y125.953 E45.43174
G1 X117.617 Y125.996 E45.44519
G1 X117.247 Y125.988 E45.4575
G1 X116.973 Y125.953 E45.46669
G1 X116.534 Y125.839 E45.48177
G1 X116.207 Y125.706 E45.49351
G1 X115.875 Y125.521 E45.50615
G1 X115.571 Y125.296 E45.51873
G1 X115.261 Y124.994 E45.53313
G1 X114.931 Y124.581 E45.55071
G1 X114.724 Y124.133 E45.56713
G1 X114.58 Y123.679 E45.58297
G1 X114.523 Y123.36 E45.59374
G1 X114.488 Y122.84 E45.61108
G1 X114.585 Y122.3 E45.62933
G1 X114.716 Y121.887 E45.64374
G1 X114.878 Y121.544 E45.65635
G1 X115.085 Y121.222 E45.66909
G1 X115.362 Y120.896 E45.68331
G1 X115.639 Y120.648 E45.69568
G1 X115.929 Y120.445 E45.70745
G1 X116.292 Y120.257 E45.72105
G1 X115.875 Y120.021 E45.73699
G1 X115.571 Y119.796 E45.74957
G1 X115.261 Y119.494 E45.76396
G1 X114.931 Y119.081 E45.78154
G1 X114.749 Y118.688 E45.79595
G1 X114.622 Y118.956 E45.80581
G1 X114.415 Y119.278 E45.81854
G1 X114.138 Y119.604 E45.83277
G1 X113.861 Y119.852 E45.84514
G1 X113.571 Y120.055 E45.85691
G1 X113.215 Y120.242 E45.87029
G1 X112.958 Y120.342 E45.87946
G1 X112.519 Y120.453 E45.89452
G1 X112.117 Y120.496 E45.90797
G1 X111.747 Y120.488 E45.92028
G1 X111.473 Y120.453 E45.92946
G1 X111.034 Y120.339 E45.94455
G1 X110.707 Y120.206 E45.95629
G1 X110.375 Y120.021 E45.96893
G1 X110.071 Y119.796 E45.98151
G1 X109.761 Y119.494 E45.99591
G1 X109.431 Y119.081 E46.01349
G1 X109.224 Y118.633 E46.0299
G1 X109.08 Y118.179 E46.04574
G1 X109.023 Y117.86 E46.05652
G1 X108.988 Y117.34 E46.07386
G1 X109.085 Y116.8 E46.0921
G1 X109.216 Y116.387 E46.10652
G1 X109.378 Y116.044 E46.11913
G1 X109.585 Y115.722 E46.13186
G1 X109.862 Y115.396 E46.14609
G0 F6000 X110.405 Y115.985
G1 F1200 X110.607 Y115.797 E46.15527
G1 X110.81 Y115.649 E46.16363
G1 X111.075 Y115.504 E46.17367
G1 X111.332 Y115.404 E46.18285
G1 X111.575 Y115.341 E46.19119
G1 X111.874 Y115.304 E46.20122
G1 X112.126 Y115.304 E46.2096
G1 X112.425 Y115.341 E46.21962
G1 X112.668 Y115.404 E46.22797
G1 X112.948 Y115.515 E46.23798
G1 X113.19 Y115.649 E46.24719
G1 X113.412 Y115.813 E46.25637
G1 X113.613 Y116.004 E46.26559
G1 X113.883 Y116.343 E46.28
G1 X114.05 Y116.703 E46.2932
G1 X114.133 Y116.965 E46.30234
G1 X114.184 Y117.236 E46.31151
G1 X114.208 Y117.61 E46.32398
G1 X114.127 Y118.058 E46.33912
G1 X114.041 Y118.321 E46.34832
G1 X113.922 Y118.571 E46.35753
G1 X113.772 Y118.804 E46.36675
G1 X113.595 Y119.015 E46.37591
G1 X113.393 Y119.203 E46.38509
G1 X113.19 Y119.351 E46.39344
G1 X112.925 Y119.496 E46.40349
G1 X112.668 Y119.596 E46.41266
G1 X112.425 Y119.659 E46.42101
G1 X112.126 Y119.696 E46.43103
G1 X111.849 Y119.694 E46.44025
G1 X111.575 Y119.659 E46.44943
G1 X111.332 Y119.596 E46.45778
G1 X111.052 Y119.485 E46.4678
G1 X110.81 Y119.351 E46.477
G1 X110.588 Y119.187 E46.48618
G1 X110.387 Y118.996 E46.4954
G1 X110.117 Y118.657 E46.50982
G1 X109.95 Y118.297 E46.52302
G1 X109.867 Y118.035 E46.53216
G1 X109.816 Y117.764 E46.54133
G1 X109.792 Y117.39 E46.5538
G1 X109.873 Y116.942 E46.56894
G1 X109.959 Y116.679 E46.57814
G1 X110.078 Y116.429 E46.58735
G1 X110.228 Y116.196 E46.59657
G1 X110.405 Y115.985 E46.60573
G1 F2700 E41.60573
G0 F6000 X110.3 Y115.447
G0 X110.865 Y115.087
G0 X111.5 Y114.881
G0 X112.167 Y114.84
G0 X112.823 Y114.964
G0 X113.429 Y115.25
G0 X113.722 Y115.491
G0 X114.929 Y116.8
G0 X115.373 Y116.942
G1 F2700 E46.60573
G1 F1200 X115.459 Y116.679 E46.61493
G1 X115.578 Y116.429 E46.62414
G1 X115.728 Y116.196 E46.63336
G1 X115.905 Y115.985 E46.64252
G1 X116.107 Y115.797 E46.65169
G1 X116.31 Y115.649 E46.66005
G1 X116.575 Y115.504 E46.6701
G1 X116.832 Y115.404 E46.67927
G1 X117.075 Y115.341 E46.68762
G1 X117.374 Y115.304 E46.69764
G1 X117.626 Y115.304 E46.70602
G1 X117.925 Y115.341 E46.71604
G1 X118.168 Y115.404 E46.72439
G1 X118.448 Y115.515 E46.73441
G1 X118.69 Y115.649 E46.74361
G1 X118.912 Y115.813 E46.75279
G1 X119.113 Y116.004 E46.76201
G1 X119.383 Y116.343 E46.77642
G1 X119.55 Y116.703 E46.78962
G1 X119.633 Y116.965 E46.79877
G1 X119.684 Y117.236 E46.80794
G1 X119.708 Y117.61 E46.8204
G1 X119.627 Y118.058 E46.83554
G1 X119.541 Y118.321 E46.84475
G1 X119.422 Y118.571 E46.85396
G1 X119.272 Y118.804 E46.86317
G1 X119.095 Y119.015 E46.87233
G1 X118.893 Y119.203 E46.88151
G1 X118.69 Y119.351 E46.88987
G1 X118.425 Y119.496 E46.89991
G1 X118.168 Y119.596 E46.90909
G1 X117.925 Y119.659 E46.91744
G1 X117.626 Y119.696 E46.92746
G1 X117.349 Y119.694 E46.93667
G1 X117.075 Y119.659 E46.94586
G1 X116.832 Y119.596 E46.95421
G1 X116.552 Y119.485 E46.96422
G1 X116.31 Y119.351 E46.97342
G1 X116.088 Y119.187 E46.9826
G1 X115.887 Y118.996 E46.99183
G1 X115.617 Y118.657 E47.00624
G1 X115.45 Y118.297 E47.01944
G1 X115.367 Y118.035 E47.02858
G1 X115.316 Y117.764 E47.03775
G1 X115.292 Y117.39 E47.05022
G1 X115.373 Y116.942 E47.06536
G0 F6000 X114.583 Y117.21
G1 F1200 X114.61 Y117.635 E47.07952
G1 X114.521 Y118.129 E47.09622
G1 X114.421 Y118.445 E47.10724
G1 X114.283 Y118.743 E47.11817
G1 X114.108 Y119.021 E47.12909
G1 X113.868 Y119.308 E47.14153
G1 X113.629 Y119.526 E47.15229
G1 X113.382 Y119.702 E47.16238
G1 X113.07 Y119.869 E47.17415
G1 X112.813 Y119.969 E47.18332
G1 X112.474 Y120.056 E47.19496
G1 X112.123 Y120.096 E47.20671
G1 X111.798 Y120.091 E47.21753
G1 X111.524 Y120.056 E47.22671
G1 X111.185 Y119.968 E47.23836
G1 X110.858 Y119.835 E47.2501
G1 X110.572 Y119.673 E47.26104
G1 X110.312 Y119.477 E47.27186
G1 X110.074 Y119.245 E47.28292
G1 X109.774 Y118.869 E47.29892
G1 X109.587 Y118.465 E47.31372
G1 X109.474 Y118.109 E47.32615
G1 X109.417 Y117.79 E47.33693
G1 X109.39 Y117.365 E47.35109
G1 X109.479 Y116.871 E47.36778
G1 X109.579 Y116.555 E47.37881
G1 X109.717 Y116.257 E47.38973
G1 X109.892 Y115.979 E47.40066
G1 X110.132 Y115.692 E47.4131
G1 X110.371 Y115.474 E47.42386
G1 X110.618 Y115.298 E47.43395
G1 X110.93 Y115.131 E47.44572
G1 X111.187 Y115.031 E47.45489
G1 X111.526 Y114.944 E47.46653
G1 X111.874 Y114.904 E47.47818
G1 X112.126 Y114.904 E47.48656
G1 X112.474 Y114.944 E47.49821
G1 X112.815 Y115.032 E47.50993
G1 X113.142 Y115.165 E47.52167
G1 X113.428 Y115.327 E47.5326
G1 X113.688 Y115.523 E47.54343
G1 X113.926 Y115.755 E47.55448
G1 X114.226 Y116.131 E47.57048
G1 X114.413 Y116.535 E47.58529
G1 X114.526 Y116.891 E47.59771
G1 X114.583 Y117.21 E47.60849
G1 F2700 E42.60849
G0 F6000 X114.644 Y117.165
G0 X115.041 Y116.466
G0 X116.328 Y114.393
G0 X116.552 Y113.985
G1 F2700 E47.60849
G1 F1200 X116.31 Y113.851 E47.61769
G1 X116.088 Y113.687 E47.62687
G1 X115.887 Y113.496 E47.63609
G1 X115.617 Y113.157 E47.65051
G1 X115.45 Y112.797 E47.66371
G1 X115.367 Y112.535 E47.67285
G1 X115.316 Y112.264 E47.68202
G1 X115.292 Y111.89 E47.69448
G1 X115.373 Y111.442 E47.70963
G1 X115.459 Y111.179 E47.71883
G1 X115.578 Y110.929 E47.72804
G1 X115.728 Y110.696 E47.73726
G1 X115.905 Y110.485 E47.74642
G1 X116.107 Y110.297 E47.75559
G1 X116.31 Y110.149 E47.76395
G1 X116.575 Y110.004 E47.774
G1 X116.832 Y109.904 E47.78317
G1 X117.075 Y109.841 E47.79152
G1 X117.374 Y109.804 E47.80154
G1 X117.626 Y109.804 E47.80992
G1 X117.925 Y109.841 E47.81994
G1 X118.168 Y109.904 E47.82829
G1 X118.448 Y110.015 E47.83831
G1 X118.69 Y110.149 E47.84751
G1 X118.912 Y110.313 E47.85669
G1 X119.113 Y110.504 E47.86591
G1 X119.383 Y110.843 E47.88033
G1 X119.55 Y111.203 E47.89352
G1 X119.633 Y111.465 E47.90267
G1 X119.684 Y111.736 E47.91184
G1 X119.708 Y112.11 E47.9243
G1 X119.627 Y112.558 E47.93944
G1 X119.541 Y112.821 E47.94865
G1 X119.422 Y113.071 E47.95786
G1 X119.272 Y113.304 E47.96707
G1 X119.095 Y113.515 E47.97623
G1 X118.893 Y113.703 E47.98541
G1 X118.69 Y113.851 E47.99377
G1 X118.425 Y113.996 E48.00381
G1 X118.168 Y114.096 E48.01299
G1 X117.925 Y114.159 E48.02134
G1 X117.626 Y114.196 E48.03136
G1 X117.349 Y114.194 E48.04057
G1 X117.075 Y114.159 E48.04976
G1 X116.832 Y114.096 E48.05811
G1 X116.552 Y113.985 E48.06812
G0 F6000 X116.358 Y114.335
G1 F1200 X116.072 Y114.173 E48.07906
G1 X115.812 Y113.977 E48.08989
G1 X115.574 Y113.745 E48.10094
G1 X115.274 Y113.369 E48.11694
G1 X115.087 Y112.965 E48.13175
G1 X114.974 Y112.609 E48.14417
G1 X114.917 Y112.29 E48.15495
G1 X114.89 Y111.865 E48.16911
G1 X114.979 Y111.371 E48.18581
G1 X115.079 Y111.055 E48.19683
G1 X115.217 Y110.757 E48.20775
G1 X115.392 Y110.479 E48.21868
G1 X115.632 Y110.192 E48.23112
G1 X115.871 Y109.974 E48.24188
G1 X116.118 Y109.798 E48.25197
G1 X116.43 Y109.631 E48.26374
G1 X116.687 Y109.531 E48.27291
G1 X117.026 Y109.444 E48.28455
G1 X117.374 Y109.404 E48.2962
G1 X117.626 Y109.404 E48.30458
G1 X117.974 Y109.444 E48.31623
G1 X118.315 Y109.532 E48.32795
G1 X118.642 Y109.665 E48.33969
G1 X118.928 Y109.827 E48.35062
G1 X119.188 Y110.023 E48.36145
G1 X119.426 Y110.255 E48.37251
G1 X119.726 Y110.631 E48.3885
G1 X119.913 Y111.035 E48.40331
G1 X120.026 Y111.391 E48.41573
G1 X120.083 Y111.71 E48.42651
G1 X120.11 Y112.135 E48.44068
G1 X120.021 Y112.629 E48.45737
G1 X119.921 Y112.945 E48.46839
G1 X119.783 Y113.243 E48.47932
G1 X119.608 Y113.521 E48.49024
G1 X119.368 Y113.808 E48.50269
G1 X119.129 Y114.026 E48.51345
G1 X118.882 Y114.202 E48.52353
G1 X118.57 Y114.369 E48.5353
G1 X118.313 Y114.469 E48.54448
G1 X117.974 Y114.556 E48.55612
G1 X117.623 Y114.596 E48.56787
G1 X117.298 Y114.591 E48.57868
G1 X117.024 Y114.556 E48.58786
G1 X116.685 Y114.468 E48.59951
G1 X116.358 Y114.335 E48.61125
G1 F2700 E43.61125
G0 F6000 X116.677 Y114.536
G0 X118.635 Y115.087
G0 X120.655 Y116.231
G0 X121.078 Y116.429
G1 F2700 E48.61125
G1 F1200 X121.228 Y116.196 E48.62047
G1 X121.405 Y115.985 E48.62963
G1 X121.607 Y115.797 E48.63881
G1 X121.81 Y115.649 E48.64717
G1 X122.075 Y115.504 E48.65721
G1 X122.332 Y115.404 E48.66638
G1 X122.575 Y115.341 E48.67473
G1 X122.874 Y115.304 E48.68475
G1 X123.126 Y115.304 E48.69314
G1 X123.425 Y115.341 E48.70316
G1 X123.668 Y115.404 E48.71151
G1 X123.948 Y115.515 E48.72152
G1 X124.19 Y115.649 E48.73072
G1 X124.412 Y115.813 E48.7399
G1 X124.613 Y116.004 E48.74913
G1 X124.883 Y116.343 E48.76354
G1 X125.05 Y116.703 E48.77674
G1 X125.133 Y116.965 E48.78588
G1 X125.184 Y117.236 E48.79505
G1 X125.208 Y117.61 E48.80752
G1 X125.127 Y118.058 E48.82266
G1 X125.041 Y118.321 E48.83186
G1 X124.922 Y118.571 E48.84107
G1 X124.772 Y118.804 E48.85029
G1 X124.595 Y119.015 E48.85945
G1 X124.393 Y119.203 E48.86863
G1 X124.19 Y119.351 E48.87698
G1 X123.925 Y119.496 E48.88703
G1 X123.668 Y119.596 E48.8962
G1 X123.425 Y119.659 E48.90455
G1 X123.126 Y119.696 E48.91457
G1 X122.849 Y119.694 E48.92379
G1 X122.575 Y119.659 E48.93297
G1 X122.332 Y119.596 E48.94132
G1 X122.052 Y119.485 E48.95134
G1 X121.81 Y119.351 E48.96054
G1 X121.588 Y119.187 E48.96972
G1 X121.387 Y118.996 E48.97894
G1 X121.117 Y118.657 E48.99336
G1 X120.95 Y118.297 E49.00656
G1 X120.867 Y118.035 E49.0157
G1 X120.816 Y117.764 E49.02487
G1 X120.792 Y117.39 E49.03733
G1 X120.873 Y116.942 E49.05248
G1 X120.959 Y116.679 E49.06168
G1 X121.078 Y116.429 E49.07089
G0 F6000 X120.717 Y116.257
G1 F1200 X120.892 Y115.979 E49.08181
G1 X121.132 Y115.692 E49.09426
G1 X121.371 Y115.474 E49.10502
G1 X121.618 Y115.298 E49.1151
G1 X121.93 Y115.131 E49.12687
G1 X122.187 Y115.031 E49.13605
G1 X122.526 Y114.944 E49.14769
G1 X122.874 Y114.904 E49.15934
G1 X123.126 Y114.904 E49.16772
G1 X123.474 Y114.944 E49.17937
G1 X123.815 Y115.032 E49.19108
G1 X124.142 Y115.165 E49.20282
G1 X124.428 Y115.327 E49.21376
G1 X124.688 Y115.523 E49.22459
G1 X124.926 Y115.755 E49.23564
G1 X125.226 Y116.131 E49.25164
G1 X125.413 Y116.535 E49.26645
G1 X125.526 Y116.891 E49.27887
G1 X125.583 Y117.21 E49.28965
G1 X125.61 Y117.635 E49.30381
G1 X125.521 Y118.129 E49.32051
G1 X125.421 Y118.445 E49.33153
G1 X125.283 Y118.743 E49.34245
G1 X125.108 Y119.021 E49.35338
G1 X124.868 Y119.308 E49.36582
G1 X124.629 Y119.526 E49.37658
G1 X124.382 Y119.702 E49.38667
G1 X124.07 Y119.869 E49.39844
G1 X123.813 Y119.969 E49.40761
G1 X123.474 Y120.056 E49.41925
G1 X123.123 Y120.096 E49.431
G1 X122.798 Y120.091 E49.44181
G1 X122.524 Y120.056 E49.451
G1 X122.185 Y119.968 E49.46265
G1 X121.858 Y119.835 E49.47439
G1 X121.572 Y119.673 E49.48532
G1 X121.312 Y119.477 E49.49615
G1 X121.074 Y119.245 E49.50721
G1 X120.774 Y118.869 E49.52321
G1 X120.587 Y118.465 E49.53801
G1 X120.474 Y118.109 E49.55044
G1 X120.417 Y117.79 E49.56121
G1 X120.39 Y117.365 E49.57538
G1 X120.479 Y116.871 E49.59207
G1 X120.579 Y116.555 E49.6031
G1 X120.717 Y116.257 E49.61402
G1 F2700 E44.61402
G0 F6000 X120.52 Y116.52
G0 X119.98 Y118.48
G0 X118.672 Y120.607
G0 X118.448 Y121.015
G1 F2700 E49.61402
G1 F1200 X118.69 Y121.149 E49.62322
G1 X118.912 Y121.313 E49.6324
G1 X119.113 Y121.504 E49.64162
G1 X119.383 Y121.843 E49.65604
G1 X119.55 Y122.203 E49.66924
G1 X119.633 Y122.465 E49.67838
G1 X119.684 Y122.736 E49.68755
G1 X119.708 Y123.11 E49.70001
G1 X119.627 Y123.558 E49.71515
G1 X119.541 Y123.821 E49.72436
G1 X119.422 Y124.071 E49.73357
G1 X119.272 Y124.304 E49.74278
G1 X119.095 Y124.515 E49.75194
G1 X118.893 Y124.703 E49.76112
G1 X118.69 Y124.851 E49.76948
G1 X118.425 Y124.996 E49.77952
G1 X118.168 Y125.096 E49.7887
G1 X117.925 Y125.159 E49.79705
G1 X117.626 Y125.196 E49.80707
G1 X117.349 Y125.194 E49.81628
G1 X117.075 Y125.159 E49.82547
G1 X116.832 Y125.096 E49.83382
G1 X116.552 Y124.985 E49.84383
G1 X116.31 Y124.851 E49.85304
G1 X116.088 Y124.687 E49.86222
G1 X115.887 Y124.496 E49.87144
G1 X115.617 Y124.157 E49.88585
G1 X115.45 Y123.797 E49.89905
G1 X115.367 Y123.535 E49.90819
G1 X115.316 Y123.264 E49.91736
G1 X115.292 Y122.89 E49.92983
G1 X115.373 Y122.442 E49.94497
G1 X115.459 Y122.179 E49.95417
G1 X115.578 Y121.929 E49.96338
G1 X115.728 Y121.696 E49.9726
G1 X115.905 Y121.485 E49.98176
G1 X116.107 Y121.297 E49.99094
G1 X116.31 Y121.149 E49.99929
G1 X116.575 Y121.004 E50.00934
G1 X116.832 Y120.904 E50.01851
G1 X117.075 Y120.841 E50.02686
G1 X117.374 Y120.804 E50.03688
G1 X117.626 Y120.804 E50.04526
G1 X117.925 Y120.841 E50.05529
G1 X118.168 Y120.904 E50.06363
G1 X118.448 Y121.015 E50.07365
G0 F6000 X118.642 Y120.665
G1 F1200 X118.928 Y120.827 E50.08459
G1 X119.188 Y121.023 E50.09541
G1 X119.426 Y121.255 E50.10647
G1 X119.726 Y121.631 E50.12247
G1 X119.913 Y122.035 E50.13727
G1 X120.026 Y122.391 E50.1497
G1 X120.083 Y122.71 E50.16048
G1 X120.11 Y123.135 E50.17464
G1 X120.021 Y123.629 E50.19133
G1 X119.921 Y123.945 E50.20236
G1 X119.783 Y124.243 E50.21328
G1 X119.608 Y124.521 E50.22421
G1 X119.368 Y124.808 E50.23665
G1 X119.129 Y125.026 E50.24741
G1 X118.882 Y125.202 E50.2575
G1 X118.57 Y125.369 E50.26927
G1 X118.313 Y125.469 E50.27844
G1 X117.974 Y125.556 E50.29008
G1 X117.623 Y125.596 E50.30183
G1 X117.298 Y125.591 E50.31264
G1 X117.024 Y125.556 E50.32183
G1 X116.685 Y125.468 E50.33348
G1 X116.358 Y125.335 E50.34522
G1 X116.072 Y125.173 E50.35615
G1 X115.812 Y124.977 E50.36698
G1 X115.574 Y124.745 E50.37803
G1 X115.274 Y124.369 E50.39403
G1 X115.087 Y123.965 E50.40884
G1 X114.974 Y123.609 E50.42126
G1 X114.917 Y123.29 E50.43204
G1 X114.89 Y122.865 E50.4462
G1 X114.979 Y122.371 E50.4629
G1 X115.079 Y122.055 E50.47392
G1 X115.217 Y121.757 E50.48485
G1 X115.392 Y121.479 E50.49577
G1 X115.632 Y121.192 E50.50822
G1 X115.871 Y120.974 E50.51898
G1 X116.118 Y120.798 E50.52906
G1 X116.43 Y120.631 E50.54083
G1 X116.687 Y120.531 E50.55
G1 X117.026 Y120.444 E50.56165
G1 X117.374 Y120.404 E50.5733
G1 X117.626 Y120.404 E50.58168
G1 X117.974 Y120.444 E50.59333
G1 X118.315 Y120.532 E50.60504
G1 X118.642 Y120.665 E50.61678
G0 F6000 X118.313 Y119.969
G1 F1200 X117.974 Y120.056 E50.62842
G1 X117.623 Y120.096 E50.64017
G1 X117.298 Y120.091 E50.65098
G1 X117.024 Y120.056 E50.66017
G1 X116.685 Y119.968 E50.67182
G1 X116.358 Y119.835 E50.68356
G1 X116.072 Y119.673 E50.69449
G1 X115.812 Y119.477 E50.70532
G1 X115.574 Y119.245 E50.71638
G1 X115.274 Y118.869 E50.73238
G1 X115.087 Y118.465 E50.74718
G1 X114.974 Y118.109 E50.75961
G1 X114.917 Y117.79 E50.77038
G1 X114.89 Y117.365 E50.78455
G1 X114.979 Y116.871 E50.80124
G1 X115.079 Y116.555 E50.81227
G1 X115.217 Y116.257 E50.82319
G1 X115.392 Y115.979 E50.83412
G1 X115.632 Y115.692 E50.84656
G1 X115.871 Y115.474 E50.85732
G1 X116.118 Y115.298 E50.86741
G1 X116.43 Y115.131 E50.87918
G1 X116.687 Y115.031 E50.88835
G1 X117.026 Y114.944 E50.89999
G1 X117.374 Y114.904 E50.91164
G1 X117.626 Y114.904 E50.92002
G1 X117.974 Y114.944 E50.93167
G1 X118.315 Y115.032 E50.94339
G1 X118.642 Y115.165 E50.95513
G1 X118.928 Y115.327 E50.96606
G1 X119.188 Y115.523 E50.97689
G1 X119.426 Y115.755 E50.98794
G1 X119.726 Y116.131 E51.00394
G1 X119.913 Y116.535 E51.01875
G1 X120.026 Y116.891 E51.03117
G1 X120.083 Y117.21 E51.04195
G1 X120.11 Y117.635 E51.05611
G1 X120.021 Y118.129 E51.07281
G1 X119.921 Y118.445 E51.08383
G1 X119.783 Y118.743 E51.09476
G1 X119.608 Y119.021 E51.10568
G1 X119.368 Y119.308 E51.11812
G1 X119.129 Y119.526 E51.12888
G1 X118.882 Y119.702 E51.13897
G1 X118.57 Y119.869 E51.15074
G1 X118.313 Y119.969 E51.15991
G1 F2700 E46.15991
;MESH:rpicam_v3_standoff-Body.stl(1)
G0 F6000 X112.069 Y118.968
;TYPE:WALL-OUTER
G1 F2700 E51.15991
G1 F1367.5 X112.286 Y118.946 E51.16628
G1 F1371.4 X112.669 Y118.82 E51.17801
G1 F1367.5 X113.078 Y118.511 E51.19297
G1 F1355.9 X113.33 Y118.14 E51.20618
G1 X113.461 Y117.733 E51.21876
G1 X113.453 Y117.246 E51.2331
G1 F1363.6 X113.314 Y116.815 E51.24635
G1 F1371.4 X113.052 Y116.468 E51.25901
G1 F1375.4 X112.719 Y116.193 E51.27154
G1 F1379.3 X112.287 Y116.054 E51.28467
G1 F1363.6 X112.028 Y116.023 E51.29231
G1 F1359.8 X111.572 Y116.08 E51.30579
G1 F1363.6 X111.181 Y116.27 E51.31852
G1 F1355.9 X110.847 Y116.576 E51.33185
G1 F1363.6 X110.632 Y116.931 E51.344
G1 F1355.9 X110.527 Y117.394 E51.35797
G1 F1348.3 X110.554 Y117.805 E51.37017
G1 F1363.6 X110.628 Y118.05 E51.37766
G1 F1375.4 X110.828 Y118.405 E51.38948
G1 X111.177 Y118.727 E51.40326
G1 X111.573 Y118.917 E51.41601
G1 F1359.8 X112.02 Y118.973 E51.42923
G1 F1355.9 X112.069 Y118.968 E51.43068
G0 F6000 X112.085 Y119.319
G1 F1352.1 X112 Y119.329 E51.43321
G1 F1348.3 X111.657 Y119.289 E51.44343
G1 F1340.8 X111.328 Y119.202 E51.45356
G1 F1333.3 X110.922 Y118.978 E51.46744
G1 F1348.3 X110.67 Y118.746 E51.47758
G1 F1337 X110.45 Y118.474 E51.48802
G1 F1348.3 X110.303 Y118.175 E51.49788
G1 F1363.6 X110.201 Y117.85 E51.50785
G1 F1348.3 X110.17 Y117.383 E51.52171
G1 X110.234 Y117.044 E51.53192
G1 F1340.8 X110.34 Y116.718 E51.54212
G1 F1344.5 X110.593 Y116.323 E51.55605
G1 F1348.3 X110.922 Y116.018 E51.56933
G1 F1333.3 X111.327 Y115.798 E51.58313
G1 F1340.8 X111.657 Y115.71 E51.59329
G1 F1352.1 X112 Y115.668 E51.60349
G1 F1359.8 X112.343 Y115.708 E51.61363
G1 F1348.3 X112.708 Y115.809 E51.62484
G1 F1329.6 X113.077 Y116.02 E51.6376
G1 F1348.3 X113.327 Y116.248 E51.64761
G1 X113.546 Y116.525 E51.65807
G1 F1340.8 X113.691 Y116.822 E51.66791
G1 F1348.3 X113.796 Y117.147 E51.67802
G1 F1337 X113.827 Y117.613 E51.69196
G1 F1340.8 X113.763 Y117.951 E51.7022
G1 F1352.1 X113.658 Y118.279 E51.71236
G1 F1340.8 X113.404 Y118.671 E51.72627
G1 F1329.6 X113.076 Y118.976 E51.73971
G1 F1326 X112.668 Y119.202 E51.75375
G1 F1348.3 X112.355 Y119.289 E51.76337
G1 F1363.6 X112.085 Y119.319 E51.77132
G1 F2700 E46.77132
;MESH:rpicam_v3_standoff-Body.stl
G0 F6000 X117.5 Y118.97
G1 F2700 E51.77132
G1 F1363.6 X117.52 Y118.973 E51.77191
G1 F1355.9 X117.786 Y118.946 E51.77978
G1 F1371.4 X118.169 Y118.82 E51.79152
G1 F1367.5 X118.578 Y118.511 E51.80648
G1 F1355.9 X118.83 Y118.14 E51.81968
G1 X118.961 Y117.733 E51.83226
G1 X118.953 Y117.246 E51.8466
G1 F1363.6 X118.814 Y116.815 E51.85985
G1 F1371.4 X118.552 Y116.468 E51.87251
G1 F1375.4 X118.219 Y116.193 E51.88504
G1 F1379.3 X117.787 Y116.054 E51.89817
G1 F1363.6 X117.528 Y116.023 E51.90581
G1 F1359.8 X117.072 Y116.08 E51.9193
G1 F1363.6 X116.681 Y116.27 E51.93202
G1 F1355.9 X116.347 Y116.576 E51.94535
G1 F1363.6 X116.132 Y116.931 E51.9575
G1 F1355.9 X116.027 Y117.394 E51.97148
G1 F1348.3 X116.054 Y117.805 E51.98367
G1 F1363.6 X116.128 Y118.05 E51.99116
G1 F1375.4 X116.328 Y118.405 E52.00298
G1 X116.677 Y118.727 E52.01676
G1 X117.073 Y118.917 E52.02951
G1 F1379.3 X117.5 Y118.97 E52.04196
G0 F6000 X117.5 Y119.329
G1 F1348.3 X117.157 Y119.289 E52.05218
G1 F1340.8 X116.828 Y119.202 E52.06231
G1 F1333.3 X116.422 Y118.978 E52.07619
G1 F1348.3 X116.17 Y118.746 E52.08633
G1 F1337 X115.95 Y118.474 E52.09677
G1 F1348.3 X115.803 Y118.175 E52.10664
G1 F1363.6 X115.701 Y117.85 E52.11661
G1 F1348.3 X115.67 Y117.383 E52.13046
G1 X115.734 Y117.044 E52.14067
G1 F1340.8 X115.84 Y116.718 E52.15088
G1 F1344.5 X116.093 Y116.323 E52.1648
G1 F1348.3 X116.422 Y116.018 E52.17808
G1 F1333.3 X116.827 Y115.798 E52.19188
G1 F1340.8 X117.157 Y115.71 E52.20205
G1 F1352.1 X117.5 Y115.668 E52.21225
G1 F1359.8 X117.843 Y115.708 E52.22238
G1 F1348.3 X118.208 Y115.809 E52.23359
G1 F1329.6 X118.577 Y116.02 E52.24635
G1 F1348.3 X118.827 Y116.248 E52.25637
G1 X119.046 Y116.525 E52.26682
G1 F1340.8 X119.191 Y116.822 E52.27666
G1 F1348.3 X119.296 Y117.147 E52.28677
G1 F1337 X119.327 Y117.613 E52.30071
G1 F1340.8 X119.263 Y117.951 E52.31095
G1 F1352.1 X119.158 Y118.279 E52.32112
G1 F1340.8 X118.904 Y118.671 E52.33502
G1 F1329.6 X118.576 Y118.976 E52.34847
G1 F1326 X118.168 Y119.202 E52.36251
G1 F1348.3 X117.855 Y119.289 E52.37212
G1 F1355.9 X117.5 Y119.329 E52.38264
G1 F2700 E47.38264
;MESH:rpicam_v3_standoff-Body.stl(2)
G0 F6000 X122.932 Y118.962
G1 F2700 E52.38264
G1 F1355.9 X123.02 Y118.973 E52.38525
G1 X123.286 Y118.946 E52.39312
G1 F1371.4 X123.669 Y118.82 E52.40485
G1 F1367.5 X124.078 Y118.511 E52.41981
G1 F1355.9 X124.33 Y118.14 E52.43301
G1 X124.461 Y117.733 E52.4456
G1 X124.453 Y117.246 E52.45994
G1 F1363.6 X124.314 Y116.815 E52.47319
G1 F1371.4 X124.052 Y116.468 E52.48584
G1 F1375.4 X123.719 Y116.193 E52.49838
G1 F1379.3 X123.287 Y116.054 E52.51151
G1 F1363.6 X123.028 Y116.023 E52.51914
G1 F1359.8 X122.572 Y116.08 E52.53263
G1 F1363.6 X122.181 Y116.27 E52.54536
G1 F1355.9 X121.847 Y116.576 E52.55869
G1 F1363.6 X121.632 Y116.931 E52.57084
G1 F1355.9 X121.527 Y117.394 E52.58481
G1 F1348.3 X121.554 Y117.805 E52.597
G1 F1363.6 X121.628 Y118.05 E52.6045
G1 F1375.4 X121.828 Y118.405 E52.61632
G1 X122.177 Y118.727 E52.6301
G1 X122.573 Y118.917 E52.64285
G1 F1371.4 X122.932 Y118.962 E52.65338
G0 F6000 X122.915 Y119.319
G1 F1352.1 X122.657 Y119.289 E52.66104
G1 F1340.8 X122.328 Y119.202 E52.67117
G1 F1333.3 X121.922 Y118.978 E52.68505
G1 F1348.3 X121.67 Y118.746 E52.69519
G1 F1337 X121.45 Y118.474 E52.70564
G1 F1348.3 X121.303 Y118.175 E52.7155
G1 F1363.6 X121.201 Y117.85 E52.72547
G1 F1348.3 X121.17 Y117.383 E52.73932
G1 X121.234 Y117.044 E52.74953
G1 F1340.8 X121.34 Y116.718 E52.75974
G1 F1344.5 X121.593 Y116.323 E52.77366
G1 F1348.3 X121.922 Y116.018 E52.78694
G1 F1333.3 X122.327 Y115.798 E52.80074
G1 F1340.8 X122.657 Y115.71 E52.81091
G1 F1352.1 X123 Y115.668 E52.82111
G1 F1359.8 X123.343 Y115.708 E52.83124
G1 F1348.3 X123.708 Y115.809 E52.84245
G1 F1329.6 X124.077 Y116.02 E52.85521
G1 F1348.3 X124.327 Y116.248 E52.86523
G1 X124.546 Y116.525 E52.87568
G1 F1340.8 X124.691 Y116.822 E52.88552
G1 F1348.3 X124.796 Y117.147 E52.89563
G1 F1337 X124.827 Y117.613 E52.90957
G1 F1340.8 X124.763 Y117.951 E52.91981
G1 F1352.1 X124.658 Y118.279 E52.92998
G1 F1340.8 X124.404 Y118.671 E52.94388
G1 F1329.6 X124.076 Y118.976 E52.95733
G1 F1326 X123.668 Y119.202 E52.97137
G1 F1348.3 X123.355 Y119.289 E52.98098
G1 F1355.9 X123 Y119.329 E52.9915
G1 F1348.3 X122.915 Y119.319 E52.99403
G1 F2700 E47.99403
;MESH:rpicam_v3_standoff-Body.stl(3)
G0 F6000 X122.5 Y120.119
G0 X121.865 Y119.913
G0 X121.3 Y119.553
G0 X120.733 Y118.93
G0 X120.148 Y117.463
G0 X120.082 Y116.839
G0 X119.767 Y116.07
G0 X119.2 Y115.447
G0 X118.88 Y115.243
G0 X117.667 Y114.66
G0 X117.5 Y113.47
G1 F2700 E52.99403
G1 F1363.6 X117.52 Y113.473 E52.99462
G1 F1355.9 X117.786 Y113.446 E53.00249
G1 F1371.4 X118.169 Y113.32 E53.01423
G1 F1367.5 X118.578 Y113.011 E53.02919
G1 F1355.9 X118.83 Y112.64 E53.04239
G1 X118.961 Y112.233 E53.05497
G1 X118.953 Y111.746 E53.06931
G1 F1363.6 X118.814 Y111.315 E53.08257
G1 F1371.4 X118.552 Y110.968 E53.09522
G1 F1375.4 X118.219 Y110.693 E53.10775
G1 F1379.3 X117.787 Y110.554 E53.12088
G1 F1363.6 X117.528 Y110.523 E53.12852
G1 F1359.8 X117.072 Y110.58 E53.14201
G1 F1363.6 X116.681 Y110.77 E53.15473
G1 F1355.9 X116.347 Y111.076 E53.16807
G1 F1363.6 X116.132 Y111.431 E53.18021
G1 F1355.9 X116.027 Y111.894 E53.19419
G1 F1348.3 X116.054 Y112.305 E53.20638
G1 F1363.6 X116.128 Y112.55 E53.21387
G1 F1375.4 X116.328 Y112.905 E53.22569
G1 X116.677 Y113.227 E53.23947
G1 X117.073 Y113.417 E53.25222
G1 F1379.3 X117.5 Y113.47 E53.26467
G0 F6000 X117.5 Y113.829
G1 F1348.3 X117.157 Y113.789 E53.27489
G1 F1340.8 X116.828 Y113.702 E53.28502
G1 F1333.3 X116.422 Y113.478 E53.2989
G1 F1348.3 X116.17 Y113.246 E53.30904
G1 F1337 X115.95 Y112.974 E53.31949
G1 F1348.3 X115.803 Y112.675 E53.32935
G1 F1363.6 X115.701 Y112.35 E53.33932
G1 F1348.3 X115.67 Y111.883 E53.35317
G1 X115.734 Y111.544 E53.36339
G1 F1340.8 X115.84 Y111.218 E53.37359
G1 F1344.5 X116.093 Y110.823 E53.38751
G1 F1348.3 X116.422 Y110.518 E53.40079
G1 F1333.3 X116.827 Y110.298 E53.41459
G1 F1340.8 X117.157 Y110.21 E53.42476
G1 F1352.1 X117.5 Y110.168 E53.43496
G1 F1359.8 X117.843 Y110.208 E53.44509
G1 F1348.3 X118.208 Y110.309 E53.4563
G1 F1329.6 X118.577 Y110.52 E53.46906
G1 F1348.3 X118.827 Y110.748 E53.47908
G1 X119.046 Y111.025 E53.48953
G1 F1340.8 X119.191 Y111.322 E53.49937
G1 F1348.3 X119.296 Y111.647 E53.50948
G1 F1337 X119.327 Y112.113 E53.52342
G1 F1340.8 X119.263 Y112.451 E53.53366
G1 F1352.1 X119.158 Y112.779 E53.54383
G1 F1340.8 X118.904 Y113.171 E53.55773
G1 F1329.6 X118.576 Y113.476 E53.57118
G1 F1326 X118.168 Y113.702 E53.58522
G1 F1348.3 X117.855 Y113.789 E53.59483
G1 F1355.9 X117.5 Y113.829 E53.60535
G1 F2700 E48.60535
;MESH:rpicam_v3_standoff-Body.stl(4)
G0 F6000 X117.5 Y124.829
G1 F2700 E53.60535
G1 F1348.3 X117.157 Y124.789 E53.61557
G1 F1340.8 X116.828 Y124.702 E53.6257
G1 F1333.3 X116.422 Y124.478 E53.63958
G1 F1348.3 X116.17 Y124.246 E53.64972
G1 F1337 X115.95 Y123.974 E53.66016
G1 F1348.3 X115.803 Y123.675 E53.67003
G1 F1363.6 X115.701 Y123.35 E53.68
G1 F1348.3 X115.67 Y122.883 E53.69385
G1 X115.734 Y122.544 E53.70406
G1 F1340.8 X115.84 Y122.218 E53.71427
G1 F1344.5 X116.093 Y121.823 E53.72819
G1 F1348.3 X116.422 Y121.518 E53.74147
G1 F1333.3 X116.827 Y121.298 E53.75527
G1 F1340.8 X117.157 Y121.21 E53.76544
G1 F1352.1 X117.5 Y121.168 E53.77564
G1 F1359.8 X117.843 Y121.208 E53.78577
G1 F1348.3 X118.208 Y121.309 E53.79698
G1 F1329.6 X118.577 Y121.52 E53.80974
G1 F1348.3 X118.827 Y121.748 E53.81976
G1 X119.046 Y122.025 E53.83021
G1 F1340.8 X119.191 Y122.322 E53.84005
G1 F1348.3 X119.296 Y122.647 E53.85016
G1 F1337 X119.327 Y123.113 E53.8641
G1 F1340.8 X119.263 Y123.451 E53.87434
G1 F1352.1 X119.158 Y123.779 E53.88451
G1 F1340.8 X118.904 Y124.171 E53.89841
G1 F1329.6 X118.576 Y124.476 E53.91186
G1 F1326 X118.168 Y124.702 E53.92589
G1 F1348.3 X117.855 Y124.789 E53.93551
G1 F1355.9 X117.5 Y124.829 E53.94603
G0 F6000 X117.5 Y124.47
G1 F1363.6 X117.52 Y124.473 E53.94662
G1 F1355.9 X117.786 Y124.446 E53.95449
G1 F1371.4 X118.169 Y124.32 E53.96622
G1 F1367.5 X118.578 Y124.011 E53.98118
G1 F1355.9 X118.83 Y123.64 E53.99438
G1 X118.961 Y123.233 E54.00697
G1 X118.953 Y122.746 E54.02131
G1 F1363.6 X118.814 Y122.315 E54.03456
G1 F1371.4 X118.552 Y121.968 E54.04722
G1 F1375.4 X118.219 Y121.693 E54.05975
G1 F1379.3 X117.787 Y121.554 E54.07288
G1 F1363.6 X117.528 Y121.523 E54.08051
G1 F1359.8 X117.072 Y121.58 E54.094
G1 F1363.6 X116.681 Y121.77 E54.10673
G1 F1355.9 X116.347 Y122.076 E54.12006
G1 F1363.6 X116.132 Y122.431 E54.13221
G1 F1355.9 X116.027 Y122.894 E54.14618
G1 F1348.3 X116.054 Y123.305 E54.15838
G1 F1363.6 X116.128 Y123.55 E54.16587
G1 F1375.4 X116.328 Y123.905 E54.17769
G1 X116.677 Y124.227 E54.19147
G1 X117.073 Y124.417 E54.20422
G1 F1379.3 X117.5 Y124.47 E54.21667
G1 F2700 E49.21667
;MESH:NONMESH
G0 F300 Z0.4
G0 F6000 X112.085 Y119.319
;TIME_ELAPSED:94.838063
;LAYER:1
;note -- min layer time used
M106 S85
;TYPE:WALL-OUTER
;MESH:rpicam_v3_standoff-Body.stl(1)
G1 F2700 E54.21667
G1 F759.4 X112 Y119.329 E54.21919
G1 F757.3 X111.657 Y119.289 E54.22942
G1 F753 X111.328 Y119.202 E54.23955
G1 F748.9 X110.922 Y118.978 E54.25343
G1 F757.3 X110.593 Y118.673 E54.26671
G1 X110.34 Y118.278 E54.28059
G1 F753 X110.197 Y117.835 E54.29445
G1 X110.178 Y117.5 E54.30444
G1 F750.9 X110.2 Y117.161 E54.31458
G1 F746.8 X110.34 Y116.718 E54.32852
G1 F755.1 X110.593 Y116.323 E54.34245
G1 F757.3 X110.922 Y116.018 E54.35573
G1 F748.9 X111.327 Y115.798 E54.36952
G1 F753 X111.657 Y115.71 E54.37969
G1 F759.4 X112 Y115.668 E54.38989
G1 F763.7 X112.343 Y115.708 E54.40003
G1 F757.3 X112.708 Y115.809 E54.41124
G1 F744.7 X113.077 Y116.02 E54.42403
G1 X113.404 Y116.324 E54.43747
G1 F753 X113.658 Y116.72 E54.45148
G1 F757.3 X113.799 Y117.161 E54.46518
G1 X113.818 Y117.491 E54.47497
G1 X113.799 Y117.835 E54.48517
G1 X113.658 Y118.28 E54.49898
G1 F753 X113.404 Y118.671 E54.51286
G1 F746.8 X113.077 Y118.976 E54.52629
G1 F744.7 X112.668 Y119.202 E54.54035
G1 F757.3 X112.355 Y119.289 E54.54997
G1 F765.9 X112.085 Y119.319 E54.55792
G0 F7500 X112.069 Y118.968
G1 F770.2 X112.288 Y118.946 E54.56432
G1 F774.7 X112.676 Y118.817 E54.57616
G1 F770.2 X113.078 Y118.51 E54.59088
G1 F761.5 X113.33 Y118.14 E54.60405
G1 X113.468 Y117.7 E54.61763
G1 X113.454 Y117.246 E54.631
G1 X113.328 Y116.852 E54.64317
G1 F765.9 X113.074 Y116.489 E54.65614
G1 F770.2 X112.721 Y116.194 E54.66953
G1 F774.7 X112.287 Y116.054 E54.68272
G1 F765.9 X112.028 Y116.023 E54.69036
G1 F763.7 X111.572 Y116.08 E54.70385
G1 F765.9 X111.181 Y116.27 E54.71657
G1 F761.5 X110.847 Y116.576 E54.72991
G1 F765.9 X110.632 Y116.929 E54.742
G1 X110.525 Y117.352 E54.75477
G1 F761.5 X110.554 Y117.805 E54.76813
G1 F759.4 X110.64 Y118.08 E54.77664
G1 F761.5 X110.863 Y118.441 E54.78913
G1 F763.7 X111.178 Y118.727 E54.80162
G1 F768.1 X111.573 Y118.917 E54.81441
G1 F761.5 X112.02 Y118.973 E54.82767
G1 X112.069 Y118.968 E54.82912
G1 F2700 E49.82912
;MESH:rpicam_v3_standoff-Body.stl
G0 F7500 X117.5 Y119.329
G1 F2700 E54.82912
G1 F757.3 X117.157 Y119.289 E54.83934
G1 F753 X116.828 Y119.202 E54.84947
G1 F748.9 X116.422 Y118.978 E54.86335
G1 F757.3 X116.093 Y118.673 E54.87663
G1 X115.84 Y118.278 E54.89052
G1 F753 X115.697 Y117.835 E54.90438
G1 X115.678 Y117.5 E54.91436
G1 F750.9 X115.7 Y117.161 E54.92451
G1 F746.8 X115.84 Y116.718 E54.93845
G1 F755.1 X116.093 Y116.323 E54.95238
G1 F757.3 X116.422 Y116.018 E54.96566
G1 F748.9 X116.827 Y115.798 E54.97945
G1 F753 X117.157 Y115.71 E54.98962
G1 F759.4 X117.5 Y115.668 E54.99982
G1 F763.7 X117.843 Y115.708 E55.00996
G1 F757.3 X118.208 Y115.809 E55.02117
G1 F744.7 X118.577 Y116.02 E55.03396
G1 X118.904 Y116.324 E55.0474
G1 F753 X119.158 Y116.72 E55.0614
G1 F757.3 X119.299 Y117.161 E55.07511
G1 X119.318 Y117.491 E55.08489
G1 X119.299 Y117.835 E55.09509
G1 X119.158 Y118.28 E55.10891
G1 F753 X118.904 Y118.671 E55.12279
G1 F746.8 X118.577 Y118.976 E55.13621
G1 F744.7 X118.168 Y119.202 E55.15028
G1 F757.3 X117.855 Y119.289 E55.1599
G1 F761.5 X117.5 Y119.329 E55.17041
G0 F7500 X117.5 Y118.97
G1 F763.7 X117.52 Y118.973 E55.171
G1 X117.788 Y118.946 E55.17891
G1 F774.7 X118.176 Y118.817 E55.19074
G1 F770.2 X118.578 Y118.51 E55.20546
G1 F761.5 X118.83 Y118.14 E55.21864
G1 X118.968 Y117.7 E55.23221
G1 X118.954 Y117.246 E55.24558
G1 X118.828 Y116.852 E55.25776
G1 F765.9 X118.574 Y116.489 E55.27073
G1 F770.2 X118.221 Y116.194 E55.28412
G1 F774.7 X117.787 Y116.054 E55.29731
G1 F765.9 X117.528 Y116.023 E55.30495
G1 F763.7 X117.072 Y116.08 E55.31843
G1 F765.9 X116.681 Y116.27 E55.33116
G1 F761.5 X116.347 Y116.576 E55.34449
G1 F765.9 X116.132 Y116.929 E55.35659
G1 X116.025 Y117.352 E55.36936
G1 F761.5 X116.054 Y117.805 E55.38272
G1 F759.4 X116.14 Y118.08 E55.39123
G1 F761.5 X116.363 Y118.441 E55.40372
G1 F763.7 X116.678 Y118.727 E55.4162
G1 F768.1 X117.073 Y118.917 E55.429
G1 F770.2 X117.5 Y118.97 E55.44152
G1 F2700 E50.44152
;MESH:rpicam_v3_standoff-Body.stl(2)
G0 F7500 X122.932 Y118.962
G1 F2700 E55.44152
G1 F761.5 X123.02 Y118.973 E55.44413
G1 F763.7 X123.288 Y118.946 E55.45204
G1 F774.7 X123.676 Y118.817 E55.46387
G1 F770.2 X124.078 Y118.51 E55.47859
G1 F761.5 X124.33 Y118.14 E55.49177
G1 X124.468 Y117.7 E55.50534
G1 X124.454 Y117.246 E55.51871
G1 X124.328 Y116.852 E55.53089
G1 F765.9 X124.074 Y116.489 E55.54385
G1 F770.2 X123.721 Y116.194 E55.55724
G1 F774.7 X123.287 Y116.054 E55.57044
G1 F765.9 X123.028 Y116.023 E55.57807
G1 F763.7 X122.572 Y116.08 E55.59156
G1 F765.9 X122.181 Y116.27 E55.60428
G1 F761.5 X121.847 Y116.576 E55.61762
G1 F765.9 X121.632 Y116.929 E55.62971
G1 X121.525 Y117.352 E55.64249
G1 F761.5 X121.554 Y117.805 E55.65585
G1 F759.4 X121.64 Y118.08 E55.66435
G1 F761.5 X121.863 Y118.441 E55.67684
G1 F763.7 X122.178 Y118.727 E55.68933
G1 F768.1 X122.573 Y118.917 E55.70212
G1 F770.2 X122.932 Y118.962 E55.71265
G0 F7500 X122.915 Y119.319
G1 F759.4 X122.657 Y119.289 E55.72032
G1 F753 X122.328 Y119.202 E55.73045
G1 F748.9 X121.922 Y118.978 E55.74433
G1 F757.3 X121.593 Y118.673 E55.75761
G1 X121.34 Y118.278 E55.7715
G1 F753 X121.197 Y117.835 E55.78535
G1 X121.178 Y117.5 E55.79534
G1 F750.9 X121.2 Y117.161 E55.80548
G1 F746.8 X121.34 Y116.718 E55.81943
G1 F755.1 X121.593 Y116.323 E55.83335
G1 F757.3 X121.922 Y116.018 E55.84663
G1 F748.9 X122.327 Y115.798 E55.86043
G1 F753 X122.657 Y115.71 E55.8706
G1 F759.4 X123 Y115.668 E55.8808
G1 F763.7 X123.343 Y115.708 E55.89093
G1 F757.3 X123.708 Y115.809 E55.90214
G1 F744.7 X124.077 Y116.02 E55.91494
G1 X124.404 Y116.324 E55.92838
G1 F753 X124.658 Y116.72 E55.94238
G1 F757.3 X124.799 Y117.161 E55.95609
G1 X124.818 Y117.491 E55.96587
G1 X124.799 Y117.835 E55.97607
G1 X124.658 Y118.28 E55.98989
G1 F753 X124.404 Y118.671 E56.00377
G1 F746.8 X124.077 Y118.976 E56.01719
G1 F744.7 X123.668 Y119.202 E56.03126
G1 F757.3 X123.355 Y119.289 E56.04087
G1 F761.5 X123 Y119.329 E56.05139
G1 F757.3 X122.915 Y119.319 E56.05392
G1 F2700 E51.05392
;MESH:rpicam_v3_standoff-Body.stl(3)
G0 F7500 X122.5 Y120.119
G0 X121.865 Y119.913
G0 X121.3 Y119.553
G0 X120.844 Y119.068
G0 X120.52 Y118.48
G0 X119.98 Y116.52
G0 X119.656 Y115.932
G0 X119.2 Y115.447
G0 X118.88 Y115.243
G0 X117.667 Y114.66
G0 X117.5 Y113.47
G1 F2700 E56.05392
G1 F763.7 X117.52 Y113.473 E56.05451
G1 X117.788 Y113.446 E56.06242
G1 F774.7 X118.176 Y113.317 E56.07425
G1 F770.2 X118.578 Y113.01 E56.08897
G1 F761.5 X118.83 Y112.64 E56.10215
G1 X118.968 Y112.2 E56.11572
G1 X118.954 Y111.746 E56.12909
G1 X118.828 Y111.352 E56.14127
G1 F765.9 X118.574 Y110.989 E56.15424
G1 F770.2 X118.221 Y110.694 E56.16763
G1 F774.7 X117.787 Y110.554 E56.18082
G1 F765.9 X117.528 Y110.523 E56.18846
G1 F763.7 X117.072 Y110.58 E56.20194
G1 F765.9 X116.681 Y110.77 E56.21467
G1 F761.5 X116.347 Y111.076 E56.228
G1 F765.9 X116.132 Y111.429 E56.2401
G1 X116.025 Y111.852 E56.25287
G1 F761.5 X116.054 Y112.305 E56.26623
G1 F759.4 X116.14 Y112.58 E56.27474
G1 F761.5 X116.363 Y112.941 E56.28723
G1 F763.7 X116.678 Y113.227 E56.29971
G1 F768.1 X117.073 Y113.417 E56.31251
G1 F770.2 X117.5 Y113.47 E56.32503
G0 F7500 X117.5 Y113.829
G1 F757.3 X117.157 Y113.789 E56.33525
G1 F753 X116.828 Y113.702 E56.34538
G1 F748.9 X116.422 Y113.478 E56.35926
G1 F757.3 X116.093 Y113.173 E56.37254
G1 X115.84 Y112.778 E56.38643
G1 F753 X115.697 Y112.335 E56.40028
G1 X115.678 Y112 E56.41027
G1 F750.9 X115.7 Y111.661 E56.42041
G1 F746.8 X115.84 Y111.218 E56.43436
G1 F755.1 X116.093 Y110.823 E56.44828
G1 F757.3 X116.422 Y110.518 E56.46156
G1 F748.9 X116.827 Y110.298 E56.47536
G1 F753 X117.157 Y110.21 E56.48553
G1 F759.4 X117.5 Y110.168 E56.49573
G1 F763.7 X117.843 Y110.208 E56.50586
G1 F757.3 X118.208 Y110.309 E56.51707
G1 F744.7 X118.577 Y110.52 E56.52987
G1 X118.904 Y110.824 E56.54331
G1 F753 X119.158 Y111.22 E56.55731
G1 F757.3 X119.299 Y111.661 E56.57102
G1 X119.318 Y111.991 E56.5808
G1 X119.299 Y112.335 E56.591
G1 X119.158 Y112.78 E56.60482
G1 F753 X118.904 Y113.171 E56.6187
G1 F746.8 X118.577 Y113.476 E56.63212
G1 F744.7 X118.168 Y113.702 E56.64619
G1 F757.3 X117.855 Y113.789 E56.6558
G1 F761.5 X117.5 Y113.829 E56.66632
G1 F2700 E51.66632
;MESH:rpicam_v3_standoff-Body.stl(4)
G0 F7500 X117.5 Y124.829
G1 F2700 E56.66632
G1 F757.3 X117.157 Y124.789 E56.67654
G1 F753 X116.828 Y124.702 E56.68667
G1 F748.9 X116.422 Y124.478 E56.70055
G1 F757.3 X116.093 Y124.173 E56.71383
G1 X115.84 Y123.778 E56.72772
G1 F753 X115.697 Y123.335 E56.74157
G1 X115.678 Y123 E56.75156
G1 F750.9 X115.7 Y122.661 E56.7617
G1 F746.8 X115.84 Y122.218 E56.77565
G1 F755.1 X116.093 Y121.823 E56.78957
G1 F757.3 X116.422 Y121.518 E56.80285
G1 F748.9 X116.827 Y121.298 E56.81665
G1 F753 X117.157 Y121.21 E56.82682
G1 F759.4 X117.5 Y121.168 E56.83702
G1 F763.7 X117.843 Y121.208 E56.84715
G1 F757.3 X118.208 Y121.309 E56.85836
G1 F744.7 X118.577 Y121.52 E56.87116
G1 X118.904 Y121.824 E56.8846
G1 F753 X119.158 Y122.22 E56.8986
G1 F757.3 X119.299 Y122.661 E56.91231
G1 X119.318 Y122.991 E56.92209
G1 X119.299 Y123.335 E56.93229
G1 X119.158 Y123.78 E56.94611
G1 F753 X118.904 Y124.171 E56.95999
G1 F746.8 X118.577 Y124.476 E56.97341
G1 F744.7 X118.168 Y124.702 E56.98748
G1 F757.3 X117.855 Y124.789 E56.99709
G1 F761.5 X117.5 Y124.829 E57.00761
G0 F7500 X117.5 Y124.47
G1 F763.7 X117.52 Y124.473 E57.0082
G1 X117.788 Y124.446 E57.01611
G1 F774.7 X118.176 Y124.317 E57.02794
G1 F770.2 X118.578 Y124.01 E57.04266
G1 F761.5 X118.83 Y123.64 E57.05584
G1 X118.968 Y123.2 E57.06941
G1 X118.954 Y122.746 E57.08278
G1 X118.828 Y122.352 E57.09496
G1 F765.9 X118.574 Y121.989 E57.10792
G1 F770.2 X118.221 Y121.694 E57.12131
G1 F774.7 X117.787 Y121.554 E57.13451
G1 F765.9 X117.528 Y121.523 E57.14214
G1 F763.7 X117.072 Y121.58 E57.15563
G1 F765.9 X116.681 Y121.77 E57.16836
G1 F761.5 X116.347 Y122.076 E57.18169
G1 F765.9 X116.132 Y122.429 E57.19379
G1 X116.025 Y122.852 E57.20656
G1 F761.5 X116.054 Y123.305 E57.21992
G1 F759.4 X116.14 Y123.58 E57.22842
G1 F761.5 X116.363 Y123.941 E57.24091
G1 F763.7 X116.678 Y124.227 E57.2534
G1 F768.1 X117.073 Y124.417 E57.2662
G1 F770.2 X117.5 Y124.47 E57.27872
G1 F2700 E52.27872
;MESH:NONMESH
G0 F300 Z0.6
G0 F7500 X112.085 Y119.319
;TIME_ELAPSED:106.498793
;LAYER:2
;note -- min layer time used
M106 S170
;TYPE:WALL-OUTER
;MESH:rpicam_v3_standoff-Body.stl(1)
G1 F2700 E57.27872
G1 F754.9 X112 Y119.329 E57.28124
G1 F752.8 X111.657 Y119.289 E57.29147
G1 F748.6 X111.328 Y119.202 E57.3016
G1 F744.4 X110.922 Y118.978 E57.31548
G1 F752.8 X110.593 Y118.673 E57.32876
G1 X110.34 Y118.278 E57.34264
G1 F748.6 X110.197 Y117.835 E57.3565
G1 X110.178 Y117.5 E57.36649
G1 F746.5 X110.2 Y117.161 E57.37663
G1 F742.4 X110.34 Y116.718 E57.39057
G1 F750.7 X110.593 Y116.323 E57.4045
G1 F752.8 X110.922 Y116.018 E57.41778
G1 F744.4 X111.327 Y115.798 E57.43158
G1 F748.6 X111.657 Y115.71 E57.44174
G1 F754.9 X112 Y115.668 E57.45194
G1 F759.2 X112.343 Y115.708 E57.46208
G1 F752.8 X112.708 Y115.809 E57.47329
G1 F740.3 X113.077 Y116.02 E57.48608
G1 X113.404 Y116.324 E57.49952
G1 F748.6 X113.658 Y116.72 E57.51353
G1 F752.8 X113.799 Y117.161 E57.52723
G1 X113.818 Y117.491 E57.53702
G1 X113.799 Y117.835 E57.54722
G1 X113.658 Y118.28 E57.56103
G1 F748.6 X113.404 Y118.671 E57.57491
G1 F742.4 X113.077 Y118.976 E57.58834
G1 F740.3 X112.668 Y119.202 E57.6024
G1 F752.8 X112.355 Y119.289 E57.61202
G1 F761.4 X112.085 Y119.319 E57.61997
G0 F9000 X112.069 Y118.968
G1 F765.7 X112.288 Y118.946 E57.62637
G1 F770.1 X112.676 Y118.817 E57.63821
G1 F765.7 X113.078 Y118.51 E57.65293
G1 F757.1 X113.33 Y118.14 E57.6661
G1 X113.468 Y117.7 E57.67968
G1 X113.454 Y117.246 E57.69305
G1 X113.328 Y116.852 E57.70522
G1 F761.4 X113.074 Y116.489 E57.71819
G1 F765.7 X112.721 Y116.194 E57.73158
G1 F770.1 X112.287 Y116.054 E57.74477
G1 F761.4 X112.028 Y116.023 E57.75241
G1 F759.2 X111.572 Y116.08 E57.7659
G1 F761.4 X111.181 Y116.27 E57.77862
G1 F757.1 X110.847 Y116.576 E57.79196
G1 F761.4 X110.632 Y116.929 E57.80405
G1 X110.525 Y117.352 E57.81682
G1 F757.1 X110.554 Y117.805 E57.83019
G1 F754.9 X110.64 Y118.08 E57.83869
G1 F757.1 X110.863 Y118.441 E57.85118
G1 F759.2 X111.178 Y118.727 E57.86367
G1 F763.5 X111.573 Y118.917 E57.87646
G1 F757.1 X112.02 Y118.973 E57.88972
G1 X112.069 Y118.968 E57.89117
G1 F2700 E52.89117
;MESH:rpicam_v3_standoff-Body.stl
G0 F9000 X117.5 Y119.329
G1 F2700 E57.89117
G1 F752.8 X117.157 Y119.289 E57.90139
G1 F748.6 X116.828 Y119.202 E57.91152
G1 F744.4 X116.422 Y118.978 E57.9254
G1 F752.8 X116.093 Y118.673 E57.93868
G1 X115.84 Y118.278 E57.95257
G1 F748.6 X115.697 Y117.835 E57.96643
G1 X115.678 Y117.5 E57.97642
G1 F746.5 X115.7 Y117.161 E57.98656
G1 F742.4 X115.84 Y116.718 E58.0005
G1 F750.7 X116.093 Y116.323 E58.01443
G1 F752.8 X116.422 Y116.018 E58.02771
G1 F744.4 X116.827 Y115.798 E58.0415
G1 F748.6 X117.157 Y115.71 E58.05167
G1 F754.9 X117.5 Y115.668 E58.06187
G1 F759.2 X117.843 Y115.708 E58.07201
G1 F752.8 X118.208 Y115.809 E58.08322
G1 F740.3 X118.577 Y116.02 E58.09601
G1 X118.904 Y116.324 E58.10945
G1 F748.6 X119.158 Y116.72 E58.12346
G1 F752.8 X119.299 Y117.161 E58.13716
G1 X119.318 Y117.491 E58.14694
G1 X119.299 Y117.835 E58.15714
G1 X119.158 Y118.28 E58.17096
G1 F748.6 X118.904 Y118.671 E58.18484
G1 F742.4 X118.577 Y118.976 E58.19826
G1 F740.3 X118.168 Y119.202 E58.21233
G1 F752.8 X117.855 Y119.289 E58.22195
G1 F757.1 X117.5 Y119.329 E58.23246
G0 F9000 X117.5 Y118.97
G1 F759.2 X117.52 Y118.973 E58.23305
G1 X117.788 Y118.946 E58.24096
G1 F770.1 X118.176 Y118.817 E58.25279
G1 F765.7 X118.578 Y118.51 E58.26751
G1 F757.1 X118.83 Y118.14 E58.28069
G1 X118.968 Y117.7 E58.29426
G1 X118.954 Y117.246 E58.30763
G1 X118.828 Y116.852 E58.31981
G1 F761.4 X118.574 Y116.489 E58.33278
G1 F765.7 X118.221 Y116.194 E58.34617
G1 F770.1 X117.787 Y116.054 E58.35936
G1 F761.4 X117.528 Y116.023 E58.367
G1 F759.2 X117.072 Y116.08 E58.38048
G1 F761.4 X116.681 Y116.27 E58.39321
G1 F757.1 X116.347 Y116.576 E58.40654
G1 F761.4 X116.132 Y116.929 E58.41864
G1 X116.025 Y117.352 E58.43141
G1 F757.1 X116.054 Y117.805 E58.44477
G1 F754.9 X116.14 Y118.08 E58.45328
G1 F757.1 X116.363 Y118.441 E58.46577
G1 F759.2 X116.678 Y118.727 E58.47826
G1 F763.5 X117.073 Y118.917 E58.49105
G1 F765.7 X117.5 Y118.97 E58.50357
G1 F2700 E53.50357
;MESH:rpicam_v3_standoff-Body.stl(2)
G0 F9000 X122.932 Y118.962
G1 F2700 E58.50357
G1 F757.1 X123.02 Y118.973 E58.50618
G1 F759.2 X123.288 Y118.946 E58.51409
G1 F770.1 X123.676 Y118.817 E58.52592
G1 F765.7 X124.078 Y118.51 E58.54064
G1 F757.1 X124.33 Y118.14 E58.55382
G1 X124.468 Y117.7 E58.56739
G1 X124.454 Y117.246 E58.58076
G1 X124.328 Y116.852 E58.59294
G1 F761.4 X124.074 Y116.489 E58.6059
G1 F765.7 X123.721 Y116.194 E58.61929
G1 F770.1 X123.287 Y116.054 E58.63249
G1 F761.4 X123.028 Y116.023 E58.64012
G1 F759.2 X122.572 Y116.08 E58.65361
G1 F761.4 X122.181 Y116.27 E58.66633
G1 F757.1 X121.847 Y116.576 E58.67967
G1 F761.4 X121.632 Y116.929 E58.69177
G1 X121.525 Y117.352 E58.70454
G1 F757.1 X121.554 Y117.805 E58.7179
G1 F754.9 X121.64 Y118.08 E58.7264
G1 F757.1 X121.863 Y118.441 E58.73889
G1 F759.2 X122.178 Y118.727 E58.75138
G1 F763.5 X122.573 Y118.917 E58.76417
G1 F765.7 X122.932 Y118.962 E58.7747
G0 F9000 X122.915 Y119.319
G1 F754.9 X122.657 Y119.289 E58.78237
G1 F748.6 X122.328 Y119.202 E58.7925
G1 F744.4 X121.922 Y118.978 E58.80638
G1 F752.8 X121.593 Y118.673 E58.81966
G1 X121.34 Y118.278 E58.83355
G1 F748.6 X121.197 Y117.835 E58.8474
G1 X121.178 Y117.5 E58.85739
G1 F746.5 X121.2 Y117.161 E58.86753
G1 F742.4 X121.34 Y116.718 E58.88148
G1 F750.7 X121.593 Y116.323 E58.8954
G1 F752.8 X121.922 Y116.018 E58.90868
G1 F744.4 X122.327 Y115.798 E58.92248
G1 F748.6 X122.657 Y115.71 E58.93265
G1 F754.9 X123 Y115.668 E58.94285
G1 F759.2 X123.343 Y115.708 E58.95298
G1 F752.8 X123.708 Y115.809 E58.96419
G1 F740.3 X124.077 Y116.02 E58.97699
G1 X124.404 Y116.324 E58.99043
G1 F748.6 X124.658 Y116.72 E59.00443
G1 F752.8 X124.799 Y117.161 E59.01814
G1 X124.818 Y117.491 E59.02792
G1 X124.799 Y117.835 E59.03812
G1 X124.658 Y118.28 E59.05194
G1 F748.6 X124.404 Y118.671 E59.06582
G1 F742.4 X124.077 Y118.976 E59.07924
G1 F740.3 X123.668 Y119.202 E59.09331
G1 F752.8 X123.355 Y119.289 E59.10292
G1 F757.1 X123 Y119.329 E59.11344
G1 F752.8 X122.915 Y119.319 E59.11597
G1 F2700 E54.11597
;MESH:rpicam_v3_standoff-Body.stl(3)
G0 F9000 X122.5 Y120.119
G0 X121.865 Y119.913
G0 X121.3 Y119.553
G0 X120.844 Y119.068
G0 X120.52 Y118.48
G0 X119.98 Y116.52
G0 X119.656 Y115.932
G0 X119.2 Y115.447
G0 X118.88 Y115.243
G0 X117.667 Y114.66
G0 X117.5 Y113.47
G1 F2700 E59.11597
G1 F759.2 X117.52 Y113.473 E59.11656
G1 X117.788 Y113.446 E59.12447
G1 F770.1 X118.176 Y113.317 E59.1363
G1 F765.7 X118.578 Y113.01 E59.15102
G1 F757.1 X118.83 Y112.64 E59.1642
G1 X118.968 Y112.2 E59.17777
G1 X118.954 Y111.746 E59.19114
G1 X118.828 Y111.352 E59.20332
G1 F761.4 X118.574 Y110.989 E59.21629
G1 F765.7 X118.221 Y110.694 E59.22968
G1 F770.1 X117.787 Y110.554 E59.24287
G1 F761.4 X117.528 Y110.523 E59.25051
G1 F759.2 X117.072 Y110.58 E59.26399
G1 F761.4 X116.681 Y110.77 E59.27672
G1 F757.1 X116.347 Y111.076 E59.29005
G1 F761.4 X116.132 Y111.429 E59.30215
G1 X116.025 Y111.852 E59.31492
G1 F757.1 X116.054 Y112.305 E59.32828
G1 F754.9 X116.14 Y112.58 E59.33679
G1 F757.1 X116.363 Y112.941 E59.34928
G1 F759.2 X116.678 Y113.227 E59.36177
G1 F763.5 X117.073 Y113.417 E59.37456
G1 F765.7 X117.5 Y113.47 E59.38708
G0 F9000 X117.5 Y113.829
G1 F752.8 X117.157 Y113.789 E59.3973
G1 F748.6 X116.828 Y113.702 E59.40743
G1 F744.4 X116.422 Y113.478 E59.42131
G1 F752.8 X116.093 Y113.173 E59.43459
G1 X115.84 Y112.778 E59.44848
G1 F748.6 X115.697 Y112.335 E59.46234
G1 X115.678 Y112 E59.47232
G1 F746.5 X115.7 Y111.661 E59.48246
G1 F742.4 X115.84 Y111.218 E59.49641
G1 F750.7 X116.093 Y110.823 E59.51033
G1 F752.8 X116.422 Y110.518 E59.52361
G1 F744.4 X116.827 Y110.298 E59.53741
G1 F748.6 X117.157 Y110.21 E59.54758
G1 F754.9 X117.5 Y110.168 E59.55778
G1 F759.2 X117.843 Y110.208 E59.56791
G1 F752.8 X118.208 Y110.309 E59.57912
G1 F740.3 X118.577 Y110.52 E59.59192
G1 X118.904 Y110.824 E59.60536
G1 F748.6 X119.158 Y111.22 E59.61936
G1 F752.8 X119.299 Y111.661 E59.63307
G1 X119.318 Y111.991 E59.64285
G1 X119.299 Y112.335 E59.65305
G1 X119.158 Y112.78 E59.66687
G1 F748.6 X118.904 Y113.171 E59.68075
G1 F742.4 X118.577 Y113.476 E59.69417
G1 F740.3 X118.168 Y113.702 E59.70824
G1 F752.8 X117.855 Y113.789 E59.71785
G1 F757.1 X117.5 Y113.829 E59.72837
G1 F2700 E54.72837
;MESH:rpicam_v3_standoff-Body.stl(4)
G0 F9000 X117.5 Y124.829
G1 F2700 E59.72837
G1 F752.8 X117.157 Y124.789 E59.73859
G1 F748.6 X116.828 Y124.702 E59.74872
G1 F744.4 X116.422 Y124.478 E59.7626
G1 F752.8 X116.093 Y124.173 E59.77588
G1 X115.84 Y123.778 E59.78977
G1 F748.6 X115.697 Y123.335 E59.80362
G1 X115.678 Y123 E59.81361
G1 F746.5 X115.7 Y122.661 E59.82375
G1 F742.4 X115.84 Y122.218 E59.8377
G1 F750.7 X116.093 Y121.823 E59.85162
G1 F752.8 X116.422 Y121.518 E59.8649
G1 F744.4 X116.827 Y121.298 E59.8787
G1 F748.6 X117.157 Y121.21 E59.88887
G1 F754.9 X117.5 Y121.168 E59.89907
G1 F759.2 X117.843 Y121.208 E59.9092
G1 F752.8 X118.208 Y121.309 E59.92041
G1 F740.3 X118.577 Y121.52 E59.93321
G1 X118.904 Y121.824 E59.94665
G1 F748.6 X119.158 Y122.22 E59.96065
G1 F752.8 X119.299 Y122.661 E59.97436
G1 X119.318 Y122.991 E59.98414
G1 X119.299 Y123.335 E59.99434
G1 X119.158 Y123.78 E60.00816
G1 F748.6 X118.904 Y124.171 E60.02204
G1 F742.4 X118.577 Y124.476 E60.03546
G1 F740.3 X118.168 Y124.702 E60.04953
G1 F752.8 X117.855 Y124.789 E60.05914
G1 F757.1 X117.5 Y124.829 E60.06966
G0 F9000 X117.5 Y124.47
G1 F759.2 X117.52 Y124.473 E60.07025
G1 X117.788 Y124.446 E60.07816
G1 F770.1 X118.176 Y124.317 E60.08999
G1 F765.7 X118.578 Y124.01 E60.10471
G1 F757.1 X118.83 Y123.64 E60.11789
G1 X118.968 Y123.2 E60.13146
G1 X118.954 Y122.746 E60.14483
G1 X118.828 Y122.352 E60.15701
G1 F761.4 X118.574 Y121.989 E60.16998
G1 F765.7 X118.221 Y121.694 E60.18336
G1 F770.1 X117.787 Y121.554 E60.19656
G1 F761.4 X117.528 Y121.523 E60.20419
G1 F759.2 X117.072 Y121.58 E60.21768
G1 F761.4 X116.681 Y121.77 E60.23041
G1 F757.1 X116.347 Y122.076 E60.24374
G1 F761.4 X116.132 Y122.429 E60.25584
G1 X116.025 Y122.852 E60.26861
G1 F757.1 X116.054 Y123.305 E60.28197
G1 F754.9 X116.14 Y123.58 E60.29047
G1 F757.1 X116.363 Y123.941 E60.30296
G1 F759.2 X116.678 Y124.227 E60.31545
G1 F763.5 X117.073 Y124.417 E60.32825
G1 F765.7 X117.5 Y124.47 E60.34077
G1 F2700 E55.34077
;MESH:NONMESH
G0 F300 Z0.8
G0 F9000 X112.085 Y119.319
;TIME_ELAPSED:118.218986
;LAYER:3
;note -- min layer time used
M106 S255
;TYPE:WALL-OUTER
;MESH:rpicam_v3_standoff-Body.stl(1)
G1 F2700 E60.34077
G1 F754.9 X112 Y119.329 E60.34329
G1 F752.8 X111.657 Y119.289 E60.35352
G1 F748.6 X111.328 Y119.202 E60.36365
G1 F744.4 X110.922 Y118.978 E60.37753
G1 F752.8 X110.593 Y118.673 E60.39081
G1 X110.34 Y118.278 E60.40469
G1 F748.6 X110.197 Y117.835 E60.41855
G1 X110.178 Y117.5 E60.42854
G1 F746.5 X110.2 Y117.161 E60.43868
G1 F742.4 X110.34 Y116.718 E60.45262
G1 F750.7 X110.593 Y116.323 E60.46655
G1 F752.8 X110.922 Y116.018 E60.47983
G1 F744.4 X111.327 Y115.798 E60.49363
G1 F748.6 X111.657 Y115.71 E60.50379
G1 F754.9 X112 Y115.668 E60.51399
G1 F759.2 X112.343 Y115.708 E60.52413
G1 F752.8 X112.708 Y115.809 E60.53534
G1 F740.3 X113.077 Y116.02 E60.54813
G1 X113.404 Y116.324 E60.56157
G1 F748.6 X113.658 Y116.72 E60.57558
G1 F752.8 X113.799 Y117.161 E60.58928
G1 X113.818 Y117.491 E60.59907
G1 X113.799 Y117.835 E60.60927
G1 X113.658 Y118.28 E60.62308
G1 F748.6 X113.404 Y118.671 E60.63696
G1 F742.4 X113.077 Y118.976 E60.65039
G1 F740.3 X112.668 Y119.202 E60.66445
G1 F752.8 X112.355 Y119.289 E60.67407
G1 F761.4 X112.085 Y119.319 E60.68202
G0 F9000 X112.069 Y118.968
G1 F765.7 X112.288 Y118.946 E60.68843
G1 F770.1 X112.676 Y118.817 E60.70026
G1 F765.7 X113.078 Y118.51 E60.71498
G1 F757.1 X113.33 Y118.14 E60.72815
G1 X113.468 Y117.7 E60.74173
G1 X113.454 Y117.246 E60.7551
G1 X113.328 Y116.852 E60.76727
G1 F761.4 X113.074 Y116.489 E60.78024
G1 F765.7 X112.721 Y116.194 E60.79363
G1 F770.1 X112.287 Y116.054 E60.80683
G1 F761.4 X112.028 Y116.023 E60.81446
G1 F759.2 X111.572 Y116.08 E60.82795
G1 F761.4 X111.181 Y116.27 E60.84067
G1 F757.1 X110.847 Y116.576 E60.85401
G1 F761.4 X110.632 Y116.929 E60.8661
G1 X110.525 Y117.352 E60.87887
G1 F757.1 X110.554 Y117.805 E60.89224
G1 F754.9 X110.64 Y118.08 E60.90074
G1 F757.1 X110.863 Y118.441 E60.91323
G1 F759.2 X111.178 Y118.727 E60.92572
G1 F763.5 X111.573 Y118.917 E60.93851
G1 F757.1 X112.02 Y118.973 E60.95177
G1 X112.069 Y118.968 E60.95322
G1 F2700 E55.95322
;MESH:rpicam_v3_standoff-Body.stl
G0 F9000 X117.5 Y119.329
G1 F2700 E60.95322
G1 F752.8 X117.157 Y119.289 E60.96344
G1 F748.6 X116.828 Y119.202 E60.97357
G1 F744.4 X116.422 Y118.978 E60.98745
G1 F752.8 X116.093 Y118.673 E61.00073
G1 X115.84 Y118.278 E61.01462
G1 F748.6 X115.697 Y117.835 E61.02848
G1 X115.678 Y117.5 E61.03847
G1 F746.5 X115.7 Y117.161 E61.04861
G1 F742.4 X115.84 Y116.718 E61.06255
G1 F750.7 X116.093 Y116.323 E61.07648
G1 F752.8 X116.422 Y116.018 E61.08976
G1 F744.4 X116.827 Y115.798 E61.10355
G1 F748.6 X117.157 Y115.71 E61.11372
G1 F754.9 X117.5 Y115.668 E61.12392
G1 F759.2 X117.843 Y115.708 E61.13406
G1 F752.8 X118.208 Y115.809 E61.14527
G1 F740.3 X118.577 Y116.02 E61.15806
G1 X118.904 Y116.324 E61.1715
G1 F748.6 X119.158 Y116.72 E61.18551
G1 F752.8 X119.299 Y117.161 E61.19921
G1 X119.318 Y117.491 E61.209
G1 X119.299 Y117.835 E61.21919
G1 X119.158 Y118.28 E61.23301
G1 F748.6 X118.904 Y118.671 E61.24689
G1 F742.4 X118.577 Y118.976 E61.26031
G1 F740.3 X118.168 Y119.202 E61.27438
G1 F752.8 X117.855 Y119.289 E61.284
G1 F757.1 X117.5 Y119.329 E61.29451
G0 F9000 X117.5 Y118.97
G1 F759.2 X117.52 Y118.973 E61.29511
G1 X117.788 Y118.946 E61.30301
G1 F770.1 X118.176 Y118.817 E61.31484
G1 F765.7 X118.578 Y118.51 E61.32956
G1 F757.1 X118.83 Y118.14 E61.34274
G1 X118.968 Y117.7 E61.35631
G1 X118.954 Y117.246 E61.36968
G1 X118.828 Y116.852 E61.38186
G1 F761.4 X118.574 Y116.489 E61.39483
G1 F765.7 X118.221 Y116.194 E61.40822
G1 F770.1 X117.787 Y116.054 E61.42141
G1 F761.4 X117.528 Y116.023 E61.42905
G1 F759.2 X117.072 Y116.08 E61.44254
G1 F761.4 X116.681 Y116.27 E61.45526
G1 F757.1 X116.347 Y116.576 E61.46859
G1 F761.4 X116.132 Y116.929 E61.48069
G1 X116.025 Y117.352 E61.49346
G1 F757.1 X116.054 Y117.805 E61.50682
G1 F754.9 X116.14 Y118.08 E61.51533
G1 F757.1 X116.363 Y118.441 E61.52782
G1 F759.2 X116.678 Y118.727 E61.54031
G1 F763.5 X117.073 Y118.917 E61.5531
G1 F765.7 X117.5 Y118.97 E61.56562
G1 F2700 E56.56562
;MESH:rpicam_v3_standoff-Body.stl(2)
G0 F9000 X122.932 Y118.962
G1 F2700 E61.56562
G1 F757.1 X123.02 Y118.973 E61.56823
G1 F759.2 X123.288 Y118.946 E61.57614
G1 F770.1 X123.676 Y118.817 E61.58797
G1 F765.7 X124.078 Y118.51 E61.60269
G1 F757.1 X124.33 Y118.14 E61.61587
G1 X124.468 Y117.7 E61.62944
G1 X124.454 Y117.246 E61.64281
G1 X124.328 Y116.852 E61.65499
G1 F761.4 X124.074 Y116.489 E61.66795
G1 F765.7 X123.721 Y116.194 E61.68134
G1 F770.1 X123.287 Y116.054 E61.69454
G1 F761.4 X123.028 Y116.023 E61.70217
G1 F759.2 X122.572 Y116.08 E61.71566
G1 F761.4 X122.181 Y116.27 E61.72838
G1 F757.1 X121.847 Y116.576 E61.74172
G1 F761.4 X121.632 Y116.929 E61.75382
G1 X121.525 Y117.352 E61.76659
G1 F757.1 X121.554 Y117.805 E61.77995
G1 F754.9 X121.64 Y118.08 E61.78845
G1 F757.1 X121.863 Y118.441 E61.80094
G1 F759.2 X122.178 Y118.727 E61.81343
G1 F763.5 X122.573 Y118.917 E61.82622
G1 F765.7 X122.932 Y118.962 E61.83675
G0 F9000 X122.915 Y119.319
G1 F754.9 X122.657 Y119.289 E61.84442
G1 F748.6 X122.328 Y119.202 E61.85455
G1 F744.4 X121.922 Y118.978 E61.86843
G1 F752.8 X121.593 Y118.673 E61.88171
G1 X121.34 Y118.278 E61.8956
G1 F748.6 X121.197 Y117.835 E61.90945
G1 X121.178 Y117.5 E61.91944
G1 F746.5 X121.2 Y117.161 E61.92958
G1 F742.4 X121.34 Y116.718 E61.94353
G1 F750.7 X121.593 Y116.323 E61.95745
G1 F752.8 X121.922 Y116.018 E61.97073
G1 F744.4 X122.327 Y115.798 E61.98453
G1 F748.6 X122.657 Y115.71 E61.9947
G1 F754.9 X123 Y115.668 E62.0049
G1 F759.2 X123.343 Y115.708 E62.01503
G1 F752.8 X123.708 Y115.809 E62.02624
G1 F740.3 X124.077 Y116.02 E62.03904
G1 X124.404 Y116.324 E62.05248
G1 F748.6 X124.658 Y116.72 E62.06648
G1 F752.8 X124.799 Y117.161 E62.08019
G1 X124.818 Y117.491 E62.08997
G1 X124.799 Y117.835 E62.10017
G1 X124.658 Y118.28 E62.11399
G1 F748.6 X124.404 Y118.671 E62.12787
G1 F742.4 X124.077 Y118.976 E62.14129
G1 F740.3 X123.668 Y119.202 E62.15536
G1 F752.8 X123.355 Y119.289 E62.16497
G1 F757.1 X123 Y119.329 E62.17549
G1 F752.8 X122.915 Y119.319 E62.17802
G1 F2700 E57.17802
;MESH:rpicam_v3_standoff-Body.stl(3)
G0 F9000 X122.5 Y120.119
G0 X121.865 Y119.913
G0 X121.3 Y119.553
G0 X120.844 Y119.068
G0 X120.52 Y118.48
G0 X119.98 Y116.52
G0 X119.656 Y115.932
G0 X119.2 Y115.447
G0 X118.88 Y115.243
G0 X117.667 Y114.66
G0 X117.5 Y113.47
G1 F2700 E62.17802
G1 F759.2 X117.52 Y113.473 E62.17862
G1 X117.788 Y113.446 E62.18652
G1 F770.1 X118.176 Y113.317 E62.19835
G1 F765.7 X118.578 Y113.01 E62.21307
G1 F757.1 X118.83 Y112.64 E62.22625
G1 X118.968 Y112.2 E62.23982
G1 X118.954 Y111.746 E62.25319
G1 X118.828 Y111.352 E62.26537
G1 F761.4 X118.574 Y110.989 E62.27834
G1 F765.7 X118.221 Y110.694 E62.29173
G1 F770.1 X117.787 Y110.554 E62.30492
G1 F761.4 X117.528 Y110.523 E62.31256
G1 F759.2 X117.072 Y110.58 E62.32604
G1 F761.4 X116.681 Y110.77 E62.33877
G1 F757.1 X116.347 Y111.076 E62.3521
G1 F761.4 X116.132 Y111.429 E62.3642
G1 X116.025 Y111.852 E62.37697
G1 F757.1 X116.054 Y112.305 E62.39033
G1 F754.9 X116.14 Y112.58 E62.39884
G1 F757.1 X116.363 Y112.941 E62.41133
G1 F759.2 X116.678 Y113.227 E62.42382
G1 F763.5 X117.073 Y113.417 E62.43661
G1 F765.7 X117.5 Y113.47 E62.44913
G0 F9000 X117.5 Y113.829
G1 F752.8 X117.157 Y113.789 E62.45935
G1 F748.6 X116.828 Y113.702 E62.46948
G1 F744.4 X116.422 Y113.478 E62.48336
G1 F752.8 X116.093 Y113.173 E62.49664
G1 X115.84 Y112.778 E62.51053
G1 F748.6 X115.697 Y112.335 E62.52439
G1 X115.678 Y112.009 E62.53411
G1 F746.5 X115.7 Y111.661 E62.54452
G1 F742.4 X115.84 Y111.218 E62.55846
G1 F750.7 X116.093 Y110.823 E62.57239
G1 F752.8 X116.422 Y110.518 E62.58567
G1 F744.4 X116.827 Y110.298 E62.59946
G1 F748.6 X117.157 Y110.21 E62.60963
G1 F754.9 X117.5 Y110.168 E62.61983
G1 F759.2 X117.843 Y110.208 E62.62997
G1 F752.8 X118.208 Y110.309 E62.64118
G1 F740.3 X118.577 Y110.52 E62.65397
G1 X118.904 Y110.824 E62.66741
G1 F748.6 X119.158 Y111.22 E62.68141
G1 F752.8 X119.299 Y111.661 E62.69512
G1 X119.318 Y111.991 E62.7049
G1 X119.299 Y112.335 E62.7151
G1 X119.158 Y112.78 E62.72892
G1 F748.6 X118.904 Y113.171 E62.7428
G1 F742.4 X118.577 Y113.476 E62.75622
G1 F740.3 X118.168 Y113.702 E62.77029
G1 F752.8 X117.855 Y113.789 E62.77991
G1 F757.1 X117.5 Y113.829 E62.79042
G1 F2700 E57.79042
;MESH:rpicam_v3_standoff-Body.stl(4)
G0 F9000 X117.5 Y124.829
G1 F2700 E62.79042
G1 F752.8 X117.157 Y124.789 E62.80064
G1 F748.6 X116.828 Y124.702 E62.81077
G1 F744.4 X116.422 Y124.478 E62.82465
G1 F752.8 X116.093 Y124.173 E62.83793
G1 X115.84 Y123.778 E62.85182
G1 F748.6 X115.697 Y123.335 E62.86568
G1 X115.678 Y123 E62.87566
G1 F746.5 X115.7 Y122.661 E62.8858
G1 F742.4 X115.84 Y122.218 E62.89975
G1 F750.7 X116.093 Y121.823 E62.91368
G1 F752.8 X116.422 Y121.518 E62.92696
G1 F744.4 X116.827 Y121.298 E62.94075
G1 F748.6 X117.157 Y121.21 E62.95092
G1 F754.9 X117.5 Y121.168 E62.96112
G1 F759.2 X117.843 Y121.208 E62.97125
G1 F752.8 X118.208 Y121.309 E62.98247
G1 F740.3 X118.577 Y121.52 E62.99526
G1 X118.904 Y121.824 E63.0087
G1 F748.6 X119.158 Y122.22 E63.0227
G1 F752.8 X119.299 Y122.661 E63.03641
G1 X119.318 Y122.991 E63.04619
G1 X119.299 Y123.335 E63.05639
G1 X119.158 Y123.78 E63.07021
G1 F748.6 X118.904 Y124.171 E63.08409
G1 F742.4 X118.577 Y124.476 E63.09751
G1 F740.3 X118.168 Y124.702 E63.11158
G1 F752.8 X117.855 Y124.789 E63.12119
G1 F757.1 X117.5 Y124.829 E63.13171
G0 F9000 X117.5 Y124.47
G1 F759.2 X117.52 Y124.473 E63.1323
G1 X117.788 Y124.446 E63.14021
G1 F770.1 X118.176 Y124.317 E63.15204
G1 F765.7 X118.578 Y124.01 E63.16676
G1 F757.1 X118.83 Y123.64 E63.17994
G1 X118.968 Y123.2 E63.19351
G1 X118.954 Y122.746 E63.20688
G1 X118.828 Y122.352 E63.21906
G1 F761.4 X118.574 Y121.989 E63.23203
G1 F765.7 X118.221 Y121.694 E63.24541
G1 F770.1 X117.787 Y121.554 E63.25861
G1 F761.4 X117.528 Y121.523 E63.26624
G1 F759.2 X117.072 Y121.58 E63.27973
G1 F761.4 X116.681 Y121.77 E63.29246
G1 F757.1 X116.347 Y122.076 E63.30579
G1 F761.4 X116.132 Y122.429 E63.31789
G1 X116.025 Y122.852 E63.33066
G1 F757.1 X116.054 Y123.305 E63.34402
G1 F754.9 X116.14 Y123.58 E63.35253
G1 F757.1 X116.363 Y123.941 E63.36502
G1 F759.2 X116.678 Y124.227 E63.3775
G1 F763.5 X117.073 Y124.417 E63.3903
G1 F765.7 X117.5 Y124.47 E63.40282
G1 F2700 E58.40282
;MESH:NONMESH
G0 F300 Z1
G0 F9000 X112.085 Y119.319
;TIME_ELAPSED:129.939182
;LAYER:4
;note -- min layer time used
;TYPE:WALL-OUTER
;MESH:rpicam_v3_standoff-Body.stl(1)
G1 F2700 E63.40282
G1 F754.9 X112 Y119.329 E63.40535
G1 F752.8 X111.657 Y119.289 E63.41557
G1 F748.6 X111.328 Y119.202 E63.4257
G1 F744.4 X110.922 Y118.978 E63.43958
G1 F752.8 X110.593 Y118.673 E63.45286
G1 X110.34 Y118.278 E63.46674
G1 F748.6 X110.197 Y117.835 E63.4806
G1 X110.178 Y117.5 E63.49059
G1 F746.5 X110.2 Y117.161 E63.50073
G1 F742.4 X110.34 Y116.718 E63.51468
G1 F750.7 X110.593 Y116.323 E63.5286
G1 F752.8 X110.922 Y116.018 E63.54188
G1 F744.4 X111.327 Y115.798 E63.55568
G1 F748.6 X111.657 Y115.71 E63.56584
G1 F754.9 X112 Y115.668 E63.57604
G1 F759.2 X112.343 Y115.708 E63.58618
G1 F752.8 X112.708 Y115.809 E63.59739
G1 F740.3 X113.077 Y116.02 E63.61018
G1 X113.404 Y116.324 E63.62362
G1 F748.6 X113.658 Y116.72 E63.63763
G1 F752.8 X113.799 Y117.161 E63.65133
G1 X113.818 Y117.491 E63.66112
G1 X113.799 Y117.835 E63.67132
G1 X113.658 Y118.28 E63.68514
G1 F748.6 X113.404 Y118.671 E63.69901
G1 F742.4 X113.077 Y118.976 E63.71244
G1 F740.3 X112.668 Y119.202 E63.7265
G1 F752.8 X112.355 Y119.289 E63.73612
G1 F761.4 X112.085 Y119.319 E63.74407
G0 F9000 X112.069 Y118.968
G1 F765.7 X112.288 Y118.946 E63.75048
G1 F770.1 X112.676 Y118.817 E63.76231
G1 F765.7 X113.078 Y118.51 E63.77703
G1 F757.1 X113.33 Y118.14 E63.79021
G1 X113.468 Y117.7 E63.80378
G1 X113.454 Y117.246 E63.81715
G1 X113.328 Y116.852 E63.82933
G1 F761.4 X113.074 Y116.489 E63.84229
G1 F765.7 X112.721 Y116.194 E63.85568
G1 F770.1 X112.287 Y116.054 E63.86888
G1 F761.4 X112.028 Y116.023 E63.87651
G1 F759.2 X111.572 Y116.08 E63.89
G1 F761.4 X111.181 Y116.27 E63.90272
G1 F757.1 X110.847 Y116.576 E63.91606
G1 F761.4 X110.632 Y116.929 E63.92815
G1 X110.525 Y117.352 E63.94093
G1 F757.1 X110.554 Y117.805 E63.95429
G1 F754.9 X110.64 Y118.08 E63.96279
G1 F757.1 X110.863 Y118.441 E63.97528
G1 F759.2 X111.178 Y118.727 E63.98777
G1 F763.5 X111.573 Y118.917 E64.00056
G1 F757.1 X112.02 Y118.973 E64.01382
G1 X112.069 Y118.968 E64.01527
G1 F2700 E59.01527
;MESH:rpicam_v3_standoff-Body.stl
G0 F9000 X117.5 Y119.329
G1 F2700 E64.01527
G1 F752.8 X117.157 Y119.289 E64.0255
G1 F748.6 X116.828 Y119.202 E64.03563
G1 F744.4 X116.422 Y118.978 E64.04951
G1 F752.8 X116.093 Y118.673 E64.06279
G1 X115.84 Y118.278 E64.07667
G1 F748.6 X115.697 Y117.835 E64.09053
G1 X115.678 Y117.5 E64.10052
G1 F746.5 X115.7 Y117.161 E64.11066
G1 F742.4 X115.84 Y116.718 E64.1246
G1 F750.7 X116.093 Y116.323 E64.13853
G1 F752.8 X116.422 Y116.018 E64.15181
G1 F744.4 X116.827 Y115.798 E64.1656
G1 F748.6 X117.157 Y115.71 E64.17577
G1 F754.9 X117.5 Y115.668 E64.18597
G1 F759.2 X117.843 Y115.708 E64.19611
G1 F752.8 X118.208 Y115.809 E64.20732
G1 F740.3 X118.577 Y116.02 E64.22011
G1 X118.904 Y116.324 E64.23355
G1 F748.6 X119.158 Y116.72 E64.24756
G1 F752.8 X119.299 Y117.161 E64.26126
G1 X119.318 Y117.491 E64.27105
G1 X119.299 Y117.835 E64.28124
G1 X119.158 Y118.28 E64.29506
G1 F748.6 X118.904 Y118.671 E64.30894
G1 F742.4 X118.577 Y118.976 E64.32237
G1 F740.3 X118.168 Y119.202 E64.33643
G1 F752.8 X117.855 Y119.289 E64.34605
G1 F757.1 X117.5 Y119.329 E64.35656
G0 F9000 X117.5 Y118.97
G1 F759.2 X117.52 Y118.973 E64.35716
G1 X117.788 Y118.946 E64.36506
G1 F770.1 X118.176 Y118.817 E64.37689
G1 F765.7 X118.578 Y118.51 E64.39161
G1 F757.1 X118.83 Y118.14 E64.40479
G1 X118.968 Y117.7 E64.41837
G1 X118.954 Y117.246 E64.43174
G1 X118.828 Y116.852 E64.44391
G1 F761.4 X118.574 Y116.489 E64.45688
G1 F765.7 X118.221 Y116.194 E64.47027
G1 F770.1 X117.787 Y116.054 E64.48346
G1 F761.4 X117.528 Y116.023 E64.4911
G1 F759.2 X117.072 Y116.08 E64.50459
G1 F761.4 X116.681 Y116.27 E64.51731
G1 F757.1 X116.347 Y116.576 E64.53064
G1 F761.4 X116.132 Y116.929 E64.54274
G1 X116.025 Y117.352 E64.55551
G1 F757.1 X116.054 Y117.805 E64.56887
G1 F754.9 X116.14 Y118.08 E64.57738
G1 F757.1 X116.363 Y118.441 E64.58987
G1 F759.2 X116.678 Y118.727 E64.60236
G1 F763.5 X117.073 Y118.917 E64.61515
G1 F765.7 X117.5 Y118.97 E64.62767
G1 F2700 E59.62767
;MESH:rpicam_v3_standoff-Body.stl(2)
G0 F9000 X122.932 Y118.962
G1 F2700 E64.62767
G1 F757.1 X123.02 Y118.973 E64.63028
G1 F759.2 X123.288 Y118.946 E64.63819
G1 F770.1 X123.676 Y118.817 E64.65002
G1 F765.7 X124.078 Y118.51 E64.66474
G1 F757.1 X124.33 Y118.14 E64.67792
G1 X124.468 Y117.7 E64.69149
G1 X124.454 Y117.246 E64.70486
G1 X124.328 Y116.852 E64.71704
G1 F761.4 X124.074 Y116.489 E64.73
G1 F765.7 X123.721 Y116.194 E64.74339
G1 F770.1 X123.287 Y116.054 E64.75659
G1 F761.4 X123.028 Y116.023 E64.76422
G1 F759.2 X122.572 Y116.08 E64.77771
G1 F761.4 X122.181 Y116.27 E64.79044
G1 F757.1 X121.847 Y116.576 E64.80377
G1 F761.4 X121.632 Y116.929 E64.81587
G1 X121.525 Y117.352 E64.82864
G1 F757.1 X121.554 Y117.805 E64.842
G1 F754.9 X121.64 Y118.08 E64.8505
G1 F757.1 X121.863 Y118.441 E64.86299
G1 F759.2 X122.178 Y118.727 E64.87548
G1 F763.5 X122.573 Y118.917 E64.88828
G1 F765.7 X122.932 Y118.962 E64.8988
G0 F9000 X122.915 Y119.319
G1 F754.9 X122.657 Y119.289 E64.90647
G1 F748.6 X122.328 Y119.202 E64.9166
G1 F744.4 X121.922 Y118.978 E64.93048
G1 F752.8 X121.593 Y118.673 E64.94376
G1 X121.34 Y118.278 E64.95765
G1 F748.6 X121.197 Y117.835 E64.9715
G1 X121.178 Y117.5 E64.98149
G1 F746.5 X121.2 Y117.161 E64.99163
G1 F742.4 X121.34 Y116.718 E65.00558
G1 F750.7 X121.593 Y116.323 E65.0195
G1 F752.8 X121.922 Y116.018 E65.03278
G1 F744.4 X122.327 Y115.798 E65.04658
G1 F748.6 X122.657 Y115.71 E65.05675
G1 F754.9 X123 Y115.668 E65.06695
G1 F759.2 X123.343 Y115.708 E65.07708
G1 F752.8 X123.708 Y115.809 E65.08829
G1 F740.3 X124.077 Y116.02 E65.10109
G1 X124.404 Y116.324 E65.11453
G1 F748.6 X124.658 Y116.72 E65.12853
G1 F752.8 X124.799 Y117.161 E65.14224
G1 X124.818 Y117.491 E65.15202
G1 X124.799 Y117.835 E65.16222
G1 X124.658 Y118.28 E65.17604
G1 F748.6 X124.404 Y118.671 E65.18992
G1 F742.4 X124.077 Y118.976 E65.20334
G1 F740.3 X123.668 Y119.202 E65.21741
G1 F752.8 X123.355 Y119.289 E65.22702
G1 F757.1 X123 Y119.329 E65.23754
G1 F752.8 X122.915 Y119.319 E65.24007
G1 F2700 E60.24007
;MESH:rpicam_v3_standoff-Body.stl(3)
G0 F9000 X122.5 Y120.119
G0 X121.865 Y119.913
G0 X121.3 Y119.553
G0 X120.844 Y119.068
G0 X120.52 Y118.48
G0 X119.98 Y116.52
G0 X119.656 Y115.932
G0 X119.2 Y115.447
G0 X118.88 Y115.243
G0 X117.667 Y114.66
G0 X117.5 Y113.47
G1 F2700 E65.24007
G1 F759.2 X117.52 Y113.473 E65.24067
G1 X117.788 Y113.446 E65.24857
G1 F770.1 X118.176 Y113.317 E65.2604
G1 F765.7 X118.578 Y113.01 E65.27512
G1 F757.1 X118.83 Y112.64 E65.2883
G1 X118.968 Y112.2 E65.30188
G1 X118.954 Y111.746 E65.31525
G1 X118.828 Y111.352 E65.32742
G1 F761.4 X118.574 Y110.989 E65.34039
G1 F765.7 X118.221 Y110.694 E65.35378
G1 F770.1 X117.787 Y110.554 E65.36697
G1 F761.4 X117.528 Y110.523 E65.37461
G1 F759.2 X117.072 Y110.58 E65.3881
G1 F761.4 X116.681 Y110.77 E65.40082
G1 F757.1 X116.347 Y111.076 E65.41415
G1 F761.4 X116.132 Y111.429 E65.42625
G1 X116.025 Y111.852 E65.43902
G1 F757.1 X116.054 Y112.305 E65.45238
G1 F754.9 X116.14 Y112.58 E65.46089
G1 F757.1 X116.363 Y112.941 E65.47338
G1 F759.2 X116.678 Y113.227 E65.48587
G1 F763.5 X117.073 Y113.417 E65.49866
G1 F765.7 X117.5 Y113.47 E65.51118
G0 F9000 X117.5 Y113.829
G1 F752.8 X117.157 Y113.789 E65.5214
G1 F748.6 X116.828 Y113.702 E65.53153
G1 F744.4 X116.422 Y113.478 E65.54541
G1 F752.8 X116.093 Y113.173 E65.55869
G1 X115.84 Y112.778 E65.57258
G1 F748.6 X115.697 Y112.335 E65.58644
G1 X115.678 Y112 E65.59643
G1 F746.5 X115.7 Y111.661 E65.60657
G1 F742.4 X115.84 Y111.218 E65.62051
G1 F750.7 X116.093 Y110.823 E65.63444
G1 F752.8 X116.422 Y110.518 E65.64772
G1 F744.4 X116.827 Y110.298 E65.66151
G1 F748.6 X117.157 Y110.21 E65.67168
G1 F754.9 X117.5 Y110.168 E65.68188
G1 F759.2 X117.843 Y110.208 E65.69202
G1 F752.8 X118.208 Y110.309 E65.70323
G1 F740.3 X118.577 Y110.52 E65.71602
G1 X118.904 Y110.824 E65.72946
G1 F748.6 X119.158 Y111.22 E65.74346
G1 F752.8 X119.299 Y111.661 E65.75717
G1 X119.318 Y111.991 E65.76695
G1 X119.299 Y112.335 E65.77715
G1 X119.158 Y112.78 E65.79097
G1 F748.6 X118.904 Y113.171 E65.80485
G1 F742.4 X118.577 Y113.476 E65.81827
G1 F740.3 X118.168 Y113.702 E65.83234
G1 F752.8 X117.855 Y113.789 E65.84196
G1 F757.1 X117.5 Y113.829 E65.85247
G1 F2700 E60.85247
;MESH:rpicam_v3_standoff-Body.stl(4)
G0 F9000 X117.5 Y124.829
G1 F2700 E65.85247
G1 F752.8 X117.157 Y124.789 E65.86269
G1 F748.6 X116.828 Y124.702 E65.87282
G1 F744.4 X116.422 Y124.478 E65.8867
G1 F752.8 X116.093 Y124.173 E65.89998
G1 X115.84 Y123.778 E65.91387
G1 F748.6 X115.697 Y123.335 E65.92773
G1 X115.678 Y123 E65.93771
G1 F746.5 X115.7 Y122.661 E65.94786
G1 F742.4 X115.84 Y122.218 E65.9618
G1 F750.7 X116.093 Y121.823 E65.97573
G1 F752.8 X116.422 Y121.518 E65.98901
G1 F744.4 X116.827 Y121.298 E66.0028
G1 F748.6 X117.157 Y121.21 E66.01297
G1 F754.9 X117.5 Y121.168 E66.02317
G1 F759.2 X117.843 Y121.208 E66.03331
G1 F752.8 X118.208 Y121.309 E66.04452
G1 F740.3 X118.577 Y121.52 E66.05731
G1 X118.904 Y121.824 E66.07075
G1 F748.6 X119.158 Y122.22 E66.08475
G1 F752.8 X119.299 Y122.661 E66.09846
G1 X119.318 Y122.991 E66.10824
G1 X119.299 Y123.335 E66.11844
G1 X119.158 Y123.78 E66.13226
G1 F748.6 X118.904 Y124.171 E66.14614
G1 F742.4 X118.577 Y124.476 E66.15956
G1 F740.3 X118.168 Y124.702 E66.17363
G1 F752.8 X117.855 Y124.789 E66.18325
G1 F757.1 X117.5 Y124.829 E66.19376
G0 F9000 X117.5 Y124.47
G1 F759.2 X117.52 Y124.473 E66.19435
G1 X117.788 Y124.446 E66.20226
G1 F770.1 X118.176 Y124.317 E66.21409
G1 F765.7 X118.578 Y124.01 E66.22881
G1 F757.1 X118.83 Y123.64 E66.24199
G1 X118.968 Y123.2 E66.25556
G1 X118.954 Y122.746 E66.26893
G1 X118.828 Y122.352 E66.28111
G1 F761.4 X118.574 Y121.989 E66.29408
G1 F765.7 X118.221 Y121.694 E66.30746
G1 F770.1 X117.787 Y121.554 E66.32066
G1 F761.4 X117.528 Y121.523 E66.3283
G1 F759.2 X117.072 Y121.58 E66.34178
G1 F761.4 X116.681 Y121.77 E66.35451
G1 F757.1 X116.347 Y122.076 E66.36784
G1 F761.4 X116.132 Y122.429 E66.37994
G1 X116.025 Y122.852 E66.39271
G1 F757.1 X116.054 Y123.305 E66.40607
G1 F754.9 X116.14 Y123.58 E66.41458
G1 F757.1 X116.363 Y123.941 E66.42707
G1 F759.2 X116.678 Y124.227 E66.43955
G1 F763.5 X117.073 Y124.417 E66.45235
G1 F765.7 X117.5 Y124.47 E66.46487
G1 F2700 E61.46487
;MESH:NONMESH
G0 F300 Z1.2
G0 F9000 X112.085 Y119.319
;TIME_ELAPSED:141.659375
;LAYER:5
;note -- min layer time used
;TYPE:WALL-OUTER
;MESH:rpicam_v3_standoff-Body.stl(1)
G1 F2700 E66.46487
G1 F754.9 X112 Y119.329 E66.4674
G1 F752.8 X111.657 Y119.289 E66.47762
G1 F748.6 X111.328 Y119.202 E66.48775
G1 F744.4 X110.922 Y118.978 E66.50163
G1 F752.8 X110.593 Y118.673 E66.51491
G1 X110.34 Y118.278 E66.52879
G1 F748.6 X110.197 Y117.835 E66.54265
G1 X110.178 Y117.5 E66.55264
G1 F746.5 X110.2 Y117.161 E66.56278
G1 F742.4 X110.34 Y116.718 E66.57673
G1 F750.7 X110.593 Y116.323 E66.59065
G1 F752.8 X110.922 Y116.018 E66.60393
G1 F744.4 X111.327 Y115.798 E66.61773
G1 F748.6 X111.657 Y115.71 E66.62789
G1 F754.9 X112 Y115.668 E66.63809
G1 F759.2 X112.343 Y115.708 E66.64823
G1 F752.8 X112.708 Y115.809 E66.65944
G1 F740.3 X113.077 Y116.02 E66.67224
G1 X113.404 Y116.324 E66.68567
G1 F748.6 X113.658 Y116.72 E66.69968
G1 F752.8 X113.799 Y117.161 E66.71338
G1 X113.818 Y117.491 E66.72317
G1 X113.799 Y117.835 E66.73337
G1 X113.658 Y118.28 E66.74719
G1 F748.6 X113.404 Y118.671 E66.76107
G1 F742.4 X113.077 Y118.976 E66.77449
G1 F740.3 X112.668 Y119.202 E66.78855
G1 F752.8 X112.355 Y119.289 E66.79817
G1 F761.4 X112.085 Y119.319 E66.80612
G0 F9000 X112.069 Y118.968
G1 F765.7 X112.288 Y118.946 E66.81253
G1 F770.1 X112.676 Y118.817 E66.82436
G1 F765.7 X113.078 Y118.51 E66.83908
G1 F757.1 X113.33 Y118.14 E66.85226
G1 X113.468 Y117.7 E66.86583
G1 X113.454 Y117.246 E66.8792
G1 X113.328 Y116.852 E66.89138
G1 F761.4 X113.074 Y116.489 E66.90434
G1 F765.7 X112.721 Y116.194 E66.91773
G1 F770.1 X112.287 Y116.054 E66.93093
G1 F761.4 X112.028 Y116.023 E66.93856
G1 F759.2 X111.572 Y116.08 E66.95205
G1 F761.4 X111.181 Y116.27 E66.96477
G1 F757.1 X110.847 Y116.576 E66.97811
G1 F761.4 X110.632 Y116.929 E66.99021
G1 X110.525 Y117.352 E67.00298
G1 F757.1 X110.554 Y117.805 E67.01634
G1 F754.9 X110.64 Y118.08 E67.02484
G1 F757.1 X110.863 Y118.441 E67.03733
G1 F759.2 X111.178 Y118.727 E67.04982
G1 F763.5 X111.573 Y118.917 E67.06261
G1 F757.1 X112.02 Y118.973 E67.07587
G1 X112.069 Y118.968 E67.07732
G1 F2700 E62.07732
;MESH:rpicam_v3_standoff-Body.stl
G0 F9000 X117.5 Y119.329
G1 F2700 E67.07732
G1 F752.8 X117.157 Y119.289 E67.08755
G1 F748.6 X116.828 Y119.202 E67.09768
G1 F744.4 X116.422 Y118.978 E67.11156
G1 F752.8 X116.093 Y118.673 E67.12484
G1 X115.84 Y118.278 E67.13872
G1 F748.6 X115.697 Y117.835 E67.15258
G1 X115.678 Y117.5 E67.16257
G1 F746.5 X115.7 Y117.161 E67.17271
G1 F742.4 X115.84 Y116.718 E67.18665
G1 F750.7 X116.093 Y116.323 E67.20058
G1 F752.8 X116.422 Y116.018 E67.21386
G1 F744.4 X116.827 Y115.798 E67.22765
G1 F748.6 X117.157 Y115.71 E67.23782
G1 F754.9 X117.5 Y115.668 E67.24802
G1 F759.2 X117.843 Y115.708 E67.25816
G1 F752.8 X118.208 Y115.809 E67.26937
G1 F740.3 X118.577 Y116.02 E67.28216
G1 X118.904 Y116.324 E67.2956
G1 F748.6 X119.158 Y116.72 E67.30961
G1 F752.8 X119.299 Y117.161 E67.32331
G1 X119.318 Y117.491 E67.3331
G1 X119.299 Y117.835 E67.3433
G1 X119.158 Y118.28 E67.35711
G1 F748.6 X118.904 Y118.671 E67.37099
G1 F742.4 X118.577 Y118.976 E67.38442
G1 F740.3 X118.168 Y119.202 E67.39848
G1 F752.8 X117.855 Y119.289 E67.4081
G1 F757.1 X117.5 Y119.329 E67.41861
G0 F9000 X117.5 Y118.97
G1 F759.2 X117.52 Y118.973 E67.41921
G1 X117.788 Y118.946 E67.42711
G1 F770.1 X118.176 Y118.817 E67.43894
G1 F765.7 X118.578 Y118.51 E67.45367
G1 F757.1 X118.83 Y118.14 E67.46684
G1 X118.968 Y117.7 E67.48042
G1 X118.954 Y117.246 E67.49379
G1 X118.828 Y116.852 E67.50596
G1 F761.4 X118.574 Y116.489 E67.51893
G1 F765.7 X118.221 Y116.194 E67.53232
G1 F770.1 X117.787 Y116.054 E67.54551
G1 F761.4 X117.528 Y116.023 E67.55315
G1 F759.2 X117.072 Y116.08 E67.56664
G1 F761.4 X116.681 Y116.27 E67.57936
G1 F757.1 X116.347 Y116.576 E67.59269
G1 F761.4 X116.132 Y116.929 E67.60479
G1 X116.025 Y117.352 E67.61756
G1 F757.1 X116.054 Y117.805 E67.63092
G1 F754.9 X116.14 Y118.08 E67.63943
G1 F757.1 X116.363 Y118.441 E67.65192
G1 F759.2 X116.678 Y118.727 E67.66441
G1 F763.5 X117.073 Y118.917 E67.6772
G1 F765.7 X117.5 Y118.97 E67.68972
G1 F2700 E62.68972
;MESH:rpicam_v3_standoff-Body.stl(2)
G0 F9000 X122.932 Y118.962
G1 F2700 E67.68972
G1 F757.1 X123.02 Y118.973 E67.69233
G1 F759.2 X123.288 Y118.946 E67.70024
G1 F770.1 X123.676 Y118.817 E67.71207
G1 F765.7 X124.078 Y118.51 E67.72679
G1 F757.1 X124.33 Y118.14 E67.73997
G1 X124.468 Y117.7 E67.75354
G1 X124.454 Y117.246 E67.76691
G1 X124.328 Y116.852 E67.77909
G1 F761.4 X124.074 Y116.489 E67.79205
G1 F765.7 X123.721 Y116.194 E67.80544
G1 F770.1 X123.287 Y116.054 E67.81864
G1 F761.4 X123.028 Y116.023 E67.82627
G1 F759.2 X122.572 Y116.08 E67.83976
G1 F761.4 X122.181 Y116.27 E67.85249
G1 F757.1 X121.847 Y116.576 E67.86582
G1 F761.4 X121.632 Y116.929 E67.87792
G1 X121.525 Y117.352 E67.89069
G1 F757.1 X121.554 Y117.805 E67.90405
G1 F754.9 X121.64 Y118.08 E67.91255
G1 F757.1 X121.863 Y118.441 E67.92504
G1 F759.2 X122.178 Y118.727 E67.93753
G1 F763.5 X122.573 Y118.917 E67.95033
G1 F765.7 X122.932 Y118.962 E67.96086
G0 F9000 X122.915 Y119.319
G1 F754.9 X122.657 Y119.289 E67.96852
G1 F748.6 X122.328 Y119.202 E67.97865
G1 F744.4 X121.922 Y118.978 E67.99253
G1 F752.8 X121.593 Y118.673 E68.00581
G1 X121.34 Y118.278 E68.0197
G1 F748.6 X121.197 Y117.835 E68.03356
G1 X121.178 Y117.5 E68.04354
G1 F746.5 X121.2 Y117.161 E68.05368
G1 F742.4 X121.34 Y116.718 E68.06763
G1 F750.7 X121.593 Y116.323 E68.08155
G1 F752.8 X121.922 Y116.018 E68.09483
G1 F744.4 X122.327 Y115.798 E68.10863
G1 F748.6 X122.657 Y115.71 E68.1188
G1 F754.9 X123 Y115.668 E68.129
G1 F759.2 X123.343 Y115.708 E68.13913
G1 F752.8 X123.708 Y115.809 E68.15034
G1 F740.3 X124.077 Y116.02 E68.16314
G1 X124.404 Y116.324 E68.17658
G1 F748.6 X124.658 Y116.72 E68.19058
G1 F752.8 X124.799 Y117.161 E68.20429
G1 X124.818 Y117.491 E68.21407
G1 X124.799 Y117.835 E68.22427
G1 X124.658 Y118.28 E68.23809
G1 F748.6 X124.404 Y118.671 E68.25197
G1 F742.4 X124.077 Y118.976 E68.26539
G1 F740.3 X123.668 Y119.202 E68.27946
G1 F752.8 X123.355 Y119.289 E68.28907
G1 F757.1 X123 Y119.329 E68.29959
G1 F752.8 X122.915 Y119.319 E68.30212
G1 F2700 E63.30212
;MESH:rpicam_v3_standoff-Body.stl(3)
G0 F9000 X122.5 Y120.119
G0 X121.865 Y119.913
G0 X121.3 Y119.553
G0 X120.844 Y119.068
G0 X120.52 Y118.48
G0 X119.98 Y116.52
G0 X119.656 Y115.932
G0 X119.2 Y115.447
G0 X118.88 Y115.243
G0 X117.667 Y114.66
G0 X117.5 Y113.47
G1 F2700 E68.30212
G1 F759.2 X117.52 Y113.473 E68.30272
G1 X117.788 Y113.446 E68.31062
G1 F770.1 X118.176 Y113.317 E68.32245
G1 F765.7 X118.578 Y113.01 E68.33718
G1 F757.1 X118.83 Y112.64 E68.35035
G1 X118.968 Y112.2 E68.36393
G1 X118.954 Y111.746 E68.3773
G1 X118.828 Y111.352 E68.38947
G1 F761.4 X118.574 Y110.989 E68.40244
G1 F765.7 X118.221 Y110.694 E68.41583
G1 F770.1 X117.787 Y110.554 E68.42902
G1 F761.4 X117.528 Y110.523 E68.43666
G1 F759.2 X117.072 Y110.58 E68.45015
G1 F761.4 X116.681 Y110.77 E68.46287
G1 F757.1 X116.347 Y111.076 E68.4762
G1 F761.4 X116.132 Y111.429 E68.4883
G1 X116.025 Y111.852 E68.50107
G1 F757.1 X116.054 Y112.305 E68.51443
G1 F754.9 X116.14 Y112.58 E68.52294
G1 F757.1 X116.363 Y112.941 E68.53543
G1 F759.2 X116.678 Y113.227 E68.54792
G1 F763.5 X117.073 Y113.417 E68.56071
G1 F765.7 X117.5 Y113.47 E68.57323
G0 F9000 X117.5 Y113.829
G1 F752.8 X117.157 Y113.789 E68.58345
G1 F748.6 X116.828 Y113.702 E68.59358
G1 F744.4 X116.422 Y113.478 E68.60746
G1 F752.8 X116.093 Y113.173 E68.62074
G1 X115.84 Y112.778 E68.63463
G1 F748.6 X115.697 Y112.335 E68.64849
G1 X115.678 Y112 E68.65848
G1 F746.5 X115.7 Y111.661 E68.66862
G1 F742.4 X115.84 Y111.218 E68.68256
G1 F750.7 X116.093 Y110.823 E68.69649
G1 F752.8 X116.422 Y110.518 E68.70977
G1 F744.4 X116.827 Y110.298 E68.72356
G1 F748.6 X117.157 Y110.21 E68.73373
G1 F754.9 X117.5 Y110.168 E68.74393
G1 F759.2 X117.843 Y110.208 E68.75407
G1 F752.8 X118.208 Y110.309 E68.76528
G1 F740.3 X118.577 Y110.52 E68.77807
G1 X118.904 Y110.824 E68.79151
G1 F748.6 X119.158 Y111.22 E68.80552
G1 F752.8 X119.299 Y111.661 E68.81922
G1 X119.318 Y111.991 E68.82901
G1 X119.299 Y112.335 E68.8392
G1 X119.158 Y112.78 E68.85302
G1 F748.6 X118.904 Y113.171 E68.8669
G1 F742.4 X118.577 Y113.476 E68.88032
G1 F740.3 X118.168 Y113.702 E68.89439
G1 F752.8 X117.855 Y113.789 E68.90401
G1 F757.1 X117.5 Y113.829 E68.91452
G1 F2700 E63.91452
;MESH:rpicam_v3_standoff-Body.stl(4)
G0 F9000 X117.5 Y124.829
G1 F2700 E68.91452
G1 F752.8 X117.157 Y124.789 E68.92474
G1 F748.6 X116.828 Y124.702 E68.93487
G1 F744.4 X116.422 Y124.478 E68.94875
G1 F752.8 X116.093 Y124.173 E68.96203
G1 X115.84 Y123.778 E68.97592
G1 F748.6 X115.697 Y123.335 E68.98978
G1 X115.678 Y123 E68.99977
G1 F746.5 X115.7 Y122.661 E69.00991
G1 F742.4 X115.84 Y122.218 E69.02385
G1 F750.7 X116.093 Y121.823 E69.03778
G1 F752.8 X116.422 Y121.518 E69.05106
G1 F744.4 X116.827 Y121.298 E69.06485
G1 F748.6 X117.157 Y121.21 E69.07502
G1 F754.9 X117.5 Y121.168 E69.08522
G1 F759.2 X117.843 Y121.208 E69.09536
G1 F752.8 X118.208 Y121.309 E69.10657
G1 F740.3 X118.577 Y121.52 E69.11936
G1 X118.904 Y121.824 E69.1328
G1 F748.6 X119.158 Y122.22 E69.1468
G1 F752.8 X119.299 Y122.661 E69.16051
G1 X119.318 Y122.991 E69.17029
G1 X119.299 Y123.335 E69.18049
G1 X119.158 Y123.78 E69.19431
G1 F748.6 X118.904 Y124.171 E69.20819
G1 F742.4 X118.577 Y124.476 E69.22161
G1 F740.3 X118.168 Y124.702 E69.23568
G1 F752.8 X117.855 Y124.789 E69.2453
G1 F757.1 X117.5 Y124.829 E69.25581
G0 F9000 X117.5 Y124.47
G1 F759.2 X117.52 Y124.473 E69.2564
G1 X117.788 Y124.446 E69.26431
G1 F770.1 X118.176 Y124.317 E69.27614
G1 F765.7 X118.578 Y124.01 E69.29086
G1 F757.1 X118.83 Y123.64 E69.30404
G1 X118.968 Y123.2 E69.31761
G1 X118.954 Y122.746 E69.33098
G1 X118.828 Y122.352 E69.34316
G1 F761.4 X118.574 Y121.989 E69.35613
G1 F765.7 X118.221 Y121.694 E69.36952
G1 F770.1 X117.787 Y121.554 E69.38271
G1 F761.4 X117.528 Y121.523 E69.39035
G1 F759.2 X117.072 Y121.58 E69.40383
G1 F761.4 X116.681 Y121.77 E69.41656
G1 F757.1 X116.347 Y122.076 E69.42989
G1 F761.4 X116.132 Y122.429 E69.44199
G1 X116.025 Y122.852 E69.45476
G1 F757.1 X116.054 Y123.305 E69.46812
G1 F754.9 X116.14 Y123.58 E69.47663
G1 F757.1 X116.363 Y123.941 E69.48912
G1 F759.2 X116.678 Y124.227 E69.50161
G1 F763.5 X117.073 Y124.417 E69.5144
G1 F765.7 X117.5 Y124.47 E69.52692
G1 F2700 E64.52692
;MESH:NONMESH
G0 F300 Z1.4
G0 F9000 X112.085 Y119.319
;TIME_ELAPSED:153.379568
;LAYER:6
;note -- min layer time used
;TYPE:WALL-OUTER
;MESH:rpicam_v3_standoff-Body.stl(1)
G1 F2700 E69.52692
G1 F754.9 X112 Y119.329 E69.52945
G1 F752.8 X111.657 Y119.289 E69.53967
G1 F748.6 X111.328 Y119.202 E69.5498
G1 F744.4 X110.922 Y118.978 E69.56368
G1 F752.8 X110.593 Y118.673 E69.57696
G1 X110.34 Y118.278 E69.59084
G1 F748.6 X110.197 Y117.835 E69.6047
G1 X110.178 Y117.5 E69.61469
G1 F746.5 X110.2 Y117.161 E69.62483
G1 F742.4 X110.34 Y116.718 E69.63878
G1 F750.7 X110.593 Y116.323 E69.6527
G1 F752.8 X110.922 Y116.018 E69.66598
G1 F744.4 X111.327 Y115.798 E69.67978
G1 F748.6 X111.657 Y115.71 E69.68994
G1 F754.9 X112 Y115.668 E69.70014
G1 F759.2 X112.343 Y115.708 E69.71028
G1 F752.8 X112.708 Y115.809 E69.72149
G1 F740.3 X113.077 Y116.02 E69.73429
G1 X113.404 Y116.324 E69.74773
G1 F748.6 X113.658 Y116.72 E69.76173
G1 F752.8 X113.799 Y117.161 E69.77543
G1 X113.818 Y117.491 E69.78522
G1 X113.799 Y117.835 E69.79542
G1 X113.658 Y118.28 E69.80924
G1 F748.6 X113.404 Y118.671 E69.82312
G1 F742.4 X113.077 Y118.976 E69.83654
G1 F740.3 X112.668 Y119.202 E69.8506
G1 F752.8 X112.355 Y119.289 E69.86022
G1 F761.4 X112.085 Y119.319 E69.86817
G0 F9000 X112.069 Y118.968
G1 F765.7 X112.288 Y118.946 E69.87458
G1 F770.1 X112.676 Y118.817 E69.88641
G1 F765.7 X113.078 Y118.51 E69.90113
G1 F757.1 X113.33 Y118.14 E69.91431
G1 X113.468 Y117.7 E69.92788
G1 X113.454 Y117.246 E69.94125
G1 X113.328 Y116.852 E69.95343
G1 F761.4 X113.074 Y116.489 E69.96639
G1 F765.7 X112.721 Y116.194 E69.97978
G1 F770.1 X112.287 Y116.054 E69.99298
G1 F761.4 X112.028 Y116.023 E70.00061
G1 F759.2 X111.572 Y116.08 E70.0141
G1 F761.4 X111.181 Y116.27 E70.02682
G1 F757.1 X110.847 Y116.576 E70.04016
G1 F761.4 X110.632 Y116.929 E70.05226
G1 X110.525 Y117.352 E70.06503
G1 F757.1 X110.554 Y117.805 E70.07839
G1 F754.9 X110.64 Y118.08 E70.08689
G1 F757.1 X110.863 Y118.441 E70.09938
G1 F759.2 X111.178 Y118.727 E70.11187
G1 F763.5 X111.573 Y118.917 E70.12466
G1 F757.1 X112.02 Y118.973 E70.13792
G1 X112.069 Y118.968 E70.13937
G1 F2700 E65.13937
;MESH:rpicam_v3_standoff-Body.stl
G0 F9000 X117.5 Y119.329
G1 F2700 E70.13937
G1 F752.8 X117.157 Y119.289 E70.1496
G1 F748.6 X116.828 Y119.202 E70.15973
G1 F744.4 X116.422 Y118.978 E70.17361
G1 F752.8 X116.093 Y118.673 E70.18689
G1 X115.84 Y118.278 E70.20077
G1 F748.6 X115.697 Y117.835 E70.21463
G1 X115.678 Y117.5 E70.22462
G1 F746.5 X115.7 Y117.161 E70.23476
G1 F742.4 X115.84 Y116.718 E70.2487
G1 F750.7 X116.093 Y116.323 E70.26263
G1 F752.8 X116.422 Y116.018 E70.27591
G1 F744.4 X116.827 Y115.798 E70.28971
G1 F748.6 X117.157 Y115.71 E70.29987
G1 F754.9 X117.5 Y115.668 E70.31007
G1 F759.2 X117.843 Y115.708 E70.32021
G1 F752.8 X118.208 Y115.809 E70.33142
G1 F740.3 X118.577 Y116.02 E70.34421
G1 X118.904 Y116.324 E70.35765
G1 F748.6 X119.158 Y116.72 E70.37166
G1 F752.8 X119.299 Y117.161 E70.38536
G1 X119.318 Y117.491 E70.39515
G1 X119.299 Y117.835 E70.40535
G1 X119.158 Y118.28 E70.41916
G1 F748.6 X118.904 Y118.671 E70.43304
G1 F742.4 X118.577 Y118.976 E70.44647
G1 F740.3 X118.168 Y119.202 E70.46053
G1 F752.8 X117.855 Y119.289 E70.47015
G1 F757.1 X117.5 Y119.329 E70.48066
G0 F9000 X117.5 Y118.97
G1 F759.2 X117.52 Y118.973 E70.48126
G1 X117.788 Y118.946 E70.48916
G1 F770.1 X118.176 Y118.817 E70.501
G1 F765.7 X118.578 Y118.51 E70.51572
G1 F757.1 X118.83 Y118.14 E70.52889
G1 X118.968 Y117.7 E70.54247
G1 X118.954 Y117.246 E70.55584
G1 X118.828 Y116.852 E70.56801
G1 F761.4 X118.574 Y116.489 E70.58098
G1 F765.7 X118.221 Y116.194 E70.59437
G1 F770.1 X117.787 Y116.054 E70.60756
G1 F761.4 X117.528 Y116.023 E70.6152
G1 F759.2 X117.072 Y116.08 E70.62869
G1 F761.4 X116.681 Y116.27 E70.64141
G1 F757.1 X116.347 Y116.576 E70.65474
G1 F761.4 X116.132 Y116.929 E70.66684
G1 X116.025 Y117.352 E70.67961
G1 F757.1 X116.054 Y117.805 E70.69297
G1 F754.9 X116.14 Y118.08 E70.70148
G1 F757.1 X116.363 Y118.441 E70.71397
G1 F759.2 X116.678 Y118.727 E70.72646
G1 F763.5 X117.073 Y118.917 E70.73925
G1 F765.7 X117.5 Y118.97 E70.75177
G1 F2700 E65.75177
;MESH:rpicam_v3_standoff-Body.stl(2)
G0 F9000 X122.932 Y118.962
G1 F2700 E70.75177
G1 F757.1 X123.02 Y118.973 E70.75438
G1 F759.2 X123.288 Y118.946 E70.76229
G1 F770.1 X123.676 Y118.817 E70.77412
G1 F765.7 X124.078 Y118.51 E70.78884
G1 F757.1 X124.33 Y118.14 E70.80202
G1 X124.468 Y117.7 E70.81559
G1 X124.454 Y117.246 E70.82896
G1 X124.328 Y116.852 E70.84114
G1 F761.4 X124.074 Y116.489 E70.85411
G1 F765.7 X123.721 Y116.194 E70.86749
G1 F770.1 X123.287 Y116.054 E70.88069
G1 F761.4 X123.028 Y116.023 E70.88832
G1 F759.2 X122.572 Y116.08 E70.90181
G1 F761.4 X122.181 Y116.27 E70.91454
G1 F757.1 X121.847 Y116.576 E70.92787
G1 F761.4 X121.632 Y116.929 E70.93997
G1 X121.525 Y117.352 E70.95274
G1 F757.1 X121.554 Y117.805 E70.9661
G1 F754.9 X121.64 Y118.08 E70.9746
G1 F757.1 X121.863 Y118.441 E70.98709
G1 F759.2 X122.178 Y118.727 E70.99958
G1 F763.5 X122.573 Y118.917 E71.01238
G1 F765.7 X122.932 Y118.962 E71.02291
G0 F9000 X122.915 Y119.319
G1 F754.9 X122.657 Y119.289 E71.03057
G1 F748.6 X122.328 Y119.202 E71.0407
G1 F744.4 X121.922 Y118.978 E71.05458
G1 F752.8 X121.593 Y118.673 E71.06786
G1 X121.34 Y118.278 E71.08175
G1 F748.6 X121.197 Y117.835 E71.09561
G1 X121.178 Y117.5 E71.10559
G1 F746.5 X121.2 Y117.161 E71.11573
G1 F742.4 X121.34 Y116.718 E71.12968
G1 F750.7 X121.593 Y116.323 E71.14361
G1 F752.8 X121.922 Y116.018 E71.15689
G1 F744.4 X122.327 Y115.798 E71.17068
G1 F748.6 X122.657 Y115.71 E71.18085
G1 F754.9 X123 Y115.668 E71.19105
G1 F759.2 X123.343 Y115.708 E71.20118
G1 F752.8 X123.708 Y115.809 E71.2124
G1 F740.3 X124.077 Y116.02 E71.22519
G1 X124.404 Y116.324 E71.23863
G1 F748.6 X124.658 Y116.72 E71.25263
G1 F752.8 X124.799 Y117.161 E71.26634
G1 X124.818 Y117.491 E71.27612
G1 X124.799 Y117.835 E71.28632
G1 X124.658 Y118.28 E71.30014
G1 F748.6 X124.404 Y118.671 E71.31402
G1 F742.4 X124.077 Y118.976 E71.32744
G1 F740.3 X123.668 Y119.202 E71.34151
G1 F752.8 X123.355 Y119.289 E71.35112
G1 F757.1 X123 Y119.329 E71.36164
G1 F752.8 X122.915 Y119.319 E71.36417
G1 F2700 E66.36417
;MESH:rpicam_v3_standoff-Body.stl(3)
G0 F9000 X122.5 Y120.119
G0 X121.865 Y119.913
G0 X121.3 Y119.553
G0 X120.844 Y119.068
G0 X120.52 Y118.48
G0 X119.98 Y116.52
G0 X119.656 Y115.932
G0 X119.2 Y115.447
G0 X118.88 Y115.243
G0 X117.667 Y114.66
G0 X117.5 Y113.47
G1 F2700 E71.36417
G1 F759.2 X117.52 Y113.473 E71.36477
G1 X117.788 Y113.446 E71.37267
G1 F770.1 X118.176 Y113.317 E71.3845
G1 F765.7 X118.578 Y113.01 E71.39923
G1 F757.1 X118.83 Y112.64 E71.4124
G1 X118.968 Y112.2 E71.42598
G1 X118.954 Y111.746 E71.43935
G1 X118.828 Y111.352 E71.45152
G1 F761.4 X118.574 Y110.989 E71.46449
G1 F765.7 X118.221 Y110.694 E71.47788
G1 F770.1 X117.787 Y110.554 E71.49107
G1 F761.4 X117.528 Y110.523 E71.49871
G1 F759.2 X117.072 Y110.58 E71.5122
G1 F761.4 X116.681 Y110.77 E71.52492
G1 F757.1 X116.347 Y111.076 E71.53825
G1 F761.4 X116.132 Y111.429 E71.55035
G1 X116.025 Y111.852 E71.56312
G1 F757.1 X116.054 Y112.305 E71.57648
G1 F754.9 X116.14 Y112.58 E71.58499
G1 F757.1 X116.363 Y112.941 E71.59748
G1 F759.2 X116.678 Y113.227 E71.60997
G1 F763.5 X117.073 Y113.417 E71.62276
G1 F765.7 X117.5 Y113.47 E71.63528
G0 F9000 X117.5 Y113.829
G1 F752.8 X117.157 Y113.789 E71.6455
G1 F748.6 X116.828 Y113.702 E71.65563
G1 F744.4 X116.422 Y113.478 E71.66952
G1 F752.8 X116.093 Y113.173 E71.6828
G1 X115.84 Y112.778 E71.69668
G1 F748.6 X115.697 Y112.335 E71.71054
G1 X115.678 Y112 E71.72053
G1 F746.5 X115.7 Y111.661 E71.73067
G1 F742.4 X115.84 Y111.218 E71.74461
G1 F750.7 X116.093 Y110.823 E71.75854
G1 F752.8 X116.422 Y110.518 E71.77182
G1 F744.4 X116.827 Y110.298 E71.78561
G1 F748.6 X117.157 Y110.21 E71.79578
G1 F754.9 X117.5 Y110.168 E71.80598
G1 F759.2 X117.843 Y110.208 E71.81612
G1 F752.8 X118.208 Y110.309 E71.82733
G1 F740.3 X118.577 Y110.52 E71.84012
G1 X118.904 Y110.824 E71.85356
G1 F748.6 X119.158 Y111.22 E71.86757
G1 F752.8 X119.299 Y111.661 E71.88127
G1 X119.318 Y111.991 E71.89106
G1 X119.299 Y112.335 E71.90125
G1 X119.158 Y112.78 E71.91507
G1 F748.6 X118.904 Y113.171 E71.92895
G1 F742.4 X118.577 Y113.476 E71.94237
G1 F740.3 X118.168 Y113.702 E71.95644
G1 F752.8 X117.855 Y113.789 E71.96606
G1 F757.1 X117.5 Y113.829 E71.97657
G1 F2700 E66.97657
;MESH:rpicam_v3_standoff-Body.stl(4)
G0 F9000 X117.5 Y124.829
G1 F2700 E71.97657
G1 F752.8 X117.157 Y124.789 E71.98679
G1 F748.6 X116.828 Y124.702 E71.99692
G1 F744.4 X116.422 Y124.478 E72.0108
G1 F752.8 X116.093 Y124.173 E72.02408
G1 X115.84 Y123.778 E72.03797
G1 F748.6 X115.697 Y123.335 E72.05183
G1 X115.678 Y123.009 E72.06155
G1 F746.5 X115.7 Y122.661 E72.07196
G1 F742.4 X115.84 Y122.218 E72.0859
G1 F750.7 X116.093 Y121.823 E72.09983
G1 F752.8 X116.422 Y121.518 E72.11311
G1 F744.4 X116.827 Y121.298 E72.1269
G1 F748.6 X117.157 Y121.21 E72.13707
G1 F754.9 X117.5 Y121.168 E72.14727
G1 F759.2 X117.843 Y121.208 E72.15741
G1 F752.8 X118.208 Y121.309 E72.16862
G1 F740.3 X118.577 Y121.52 E72.18141
G1 X118.904 Y121.824 E72.19485
G1 F748.6 X119.158 Y122.22 E72.20886
G1 F752.8 X119.299 Y122.661 E72.22256
G1 X119.318 Y122.991 E72.23235
G1 X119.299 Y123.335 E72.24254
G1 X119.158 Y123.78 E72.25636
G1 F748.6 X118.904 Y124.171 E72.27024
G1 F742.4 X118.577 Y124.476 E72.28366
G1 F740.3 X118.168 Y124.702 E72.29773
G1 F752.8 X117.855 Y124.789 E72.30735
G1 F757.1 X117.5 Y124.829 E72.31786
G0 F9000 X117.5 Y124.47
G1 F759.2 X117.52 Y124.473 E72.31846
G1 X117.788 Y124.446 E72.32636
G1 F770.1 X118.176 Y124.317 E72.33819
G1 F765.7 X118.578 Y124.01 E72.35291
G1 F757.1 X118.83 Y123.64 E72.36609
G1 X118.968 Y123.2 E72.37966
G1 X118.954 Y122.746 E72.39303
G1 X118.828 Y122.352 E72.40521
G1 F761.4 X118.574 Y121.989 E72.41818
G1 F765.7 X118.221 Y121.694 E72.43157
G1 F770.1 X117.787 Y121.554 E72.44476
G1 F761.4 X117.528 Y121.523 E72.4524
G1 F759.2 X117.072 Y121.58 E72.46589
G1 F761.4 X116.681 Y121.77 E72.47861
G1 F757.1 X116.347 Y122.076 E72.49194
G1 F761.4 X116.132 Y122.429 E72.50404
G1 X116.025 Y122.852 E72.51681
G1 F757.1 X116.054 Y123.305 E72.53017
G1 F754.9 X116.14 Y123.58 E72.53868
G1 F757.1 X116.363 Y123.941 E72.55117
G1 F759.2 X116.678 Y124.227 E72.56366
G1 F763.5 X117.073 Y124.417 E72.57645
G1 F765.7 X117.5 Y124.47 E72.58897
G1 F2700 E67.58897
;MESH:NONMESH
G0 F300 Z1.6
G0 F9000 X112.085 Y119.319
;TIME_ELAPSED:165.099763
;LAYER:7
;note -- min layer time used
;TYPE:WALL-OUTER
;MESH:rpicam_v3_standoff-Body.stl(1)
G1 F2700 E72.58897
G1 F754.9 X112 Y119.329 E72.5915
G1 F752.8 X111.657 Y119.289 E72.60172
G1 F748.6 X111.328 Y119.202 E72.61185
G1 F744.4 X110.922 Y118.978 E72.62573
G1 F752.8 X110.593 Y118.673 E72.63901
G1 X110.34 Y118.278 E72.6529
G1 F748.6 X110.197 Y117.835 E72.66675
G1 X110.178 Y117.509 E72.67647
G1 F746.5 X110.2 Y117.161 E72.68688
G1 F742.4 X110.34 Y116.718 E72.70083
G1 F750.7 X110.593 Y116.323 E72.71475
G1 F752.8 X110.922 Y116.018 E72.72803
G1 F744.4 X111.327 Y115.798 E72.74183
G1 F748.6 X111.657 Y115.71 E72.752
G1 F754.9 X112 Y115.668 E72.7622
G1 F759.2 X112.343 Y115.708 E72.77233
G1 F752.8 X112.708 Y115.809 E72.78354
G1 F740.3 X113.077 Y116.02 E72.79634
G1 X113.404 Y116.324 E72.80978
G1 F748.6 X113.658 Y116.72 E72.82378
G1 F752.8 X113.799 Y117.161 E72.83749
G1 X113.818 Y117.491 E72.84727
G1 X113.799 Y117.835 E72.85747
G1 X113.658 Y118.28 E72.87129
G1 F748.6 X113.404 Y118.671 E72.88517
G1 F742.4 X113.077 Y118.976 E72.89859
G1 F740.3 X112.668 Y119.202 E72.91266
G1 F752.8 X112.355 Y119.289 E72.92227
G1 F761.4 X112.085 Y119.319 E72.93022
G0 F9000 X112.069 Y118.968
G1 F765.7 X112.288 Y118.946 E72.93663
G1 F770.1 X112.676 Y118.817 E72.94846
G1 F765.7 X113.078 Y118.51 E72.96318
G1 F757.1 X113.33 Y118.14 E72.97636
G1 X113.468 Y117.7 E72.98993
G1 X113.454 Y117.246 E73.0033
G1 X113.328 Y116.852 E73.01548
G1 F761.4 X113.074 Y116.489 E73.02845
G1 F765.7 X112.721 Y116.194 E73.04183
G1 F770.1 X112.287 Y116.054 E73.05503
G1 F761.4 X112.028 Y116.023 E73.06266
G1 F759.2 X111.572 Y116.08 E73.07615
G1 F761.4 X111.181 Y116.27 E73.08888
G1 F757.1 X110.847 Y116.576 E73.10221
G1 F761.4 X110.632 Y116.929 E73.11431
G1 X110.525 Y117.352 E73.12708
G1 F757.1 X110.554 Y117.805 E73.14044
G1 F754.9 X110.64 Y118.08 E73.14894
G1 F757.1 X110.863 Y118.441 E73.16143
G1 F759.2 X111.178 Y118.727 E73.17392
G1 F763.5 X111.573 Y118.917 E73.18672
G1 F757.1 X112.02 Y118.973 E73.19998
G1 X112.069 Y118.968 E73.20143
G1 F2700 E68.20143
;MESH:rpicam_v3_standoff-Body.stl
G0 F9000 X117.5 Y119.329
G1 F2700 E73.20143
G1 F752.8 X117.157 Y119.289 E73.21165
G1 F748.6 X116.828 Y119.202 E73.22178
G1 F744.4 X116.422 Y118.978 E73.23566
G1 F752.8 X116.093 Y118.673 E73.24894
G1 X115.84 Y118.278 E73.26282
G1 F748.6 X115.697 Y117.835 E73.27668
G1 X115.678 Y117.5 E73.28667
G1 F746.5 X115.7 Y117.161 E73.29681
G1 F742.4 X115.84 Y116.718 E73.31076
G1 F750.7 X116.093 Y116.323 E73.32468
G1 F752.8 X116.422 Y116.018 E73.33796
G1 F744.4 X116.827 Y115.798 E73.35176
G1 F748.6 X117.157 Y115.71 E73.36192
G1 F754.9 X117.5 Y115.668 E73.37212
G1 F759.2 X117.843 Y115.708 E73.38226
G1 F752.8 X118.208 Y115.809 E73.39347
G1 F740.3 X118.577 Y116.02 E73.40627
G1 X118.904 Y116.324 E73.4197
G1 F748.6 X119.158 Y116.72 E73.43371
G1 F752.8 X119.299 Y117.161 E73.44741
G1 X119.318 Y117.491 E73.4572
G1 X119.299 Y117.835 E73.4674
G1 X119.158 Y118.28 E73.48122
G1 F748.6 X118.904 Y118.671 E73.4951
G1 F742.4 X118.577 Y118.976 E73.50852
G1 F740.3 X118.168 Y119.202 E73.52258
G1 F752.8 X117.855 Y119.289 E73.5322
G1 F757.1 X117.5 Y119.329 E73.54272
G0 F9000 X117.5 Y118.97
G1 F759.2 X117.52 Y118.973 E73.54331
G1 X117.788 Y118.946 E73.55122
G1 F770.1 X118.176 Y118.817 E73.56305
G1 F765.7 X118.578 Y118.51 E73.57777
G1 F757.1 X118.83 Y118.14 E73.59094
G1 X118.968 Y117.7 E73.60452
G1 X118.954 Y117.246 E73.61789
G1 X118.828 Y116.852 E73.63006
G1 F761.4 X118.574 Y116.489 E73.64303
G1 F765.7 X118.221 Y116.194 E73.65642
G1 F770.1 X117.787 Y116.054 E73.66962
G1 F761.4 X117.528 Y116.023 E73.67725
G1 F759.2 X117.072 Y116.08 E73.69074
G1 F761.4 X116.681 Y116.27 E73.70346
G1 F757.1 X116.347 Y116.576 E73.7168
G1 F761.4 X116.132 Y116.929 E73.72889
G1 X116.025 Y117.352 E73.74166
G1 F757.1 X116.054 Y117.805 E73.75503
G1 F754.9 X116.14 Y118.08 E73.76353
G1 F757.1 X116.363 Y118.441 E73.77602
G1 F759.2 X116.678 Y118.727 E73.78851
G1 F763.5 X117.073 Y118.917 E73.8013
G1 F765.7 X117.5 Y118.97 E73.81382
G1 F2700 E68.81382
;MESH:rpicam_v3_standoff-Body.stl(2)
G0 F9000 X122.932 Y118.962
G1 F2700 E73.81382
G1 F757.1 X123.02 Y118.973 E73.81643
G1 F759.2 X123.288 Y118.946 E73.82434
G1 F770.1 X123.676 Y118.817 E73.83617
G1 F765.7 X124.078 Y118.51 E73.85089
G1 F757.1 X124.33 Y118.14 E73.86407
G1 X124.468 Y117.7 E73.87764
G1 X124.454 Y117.246 E73.89101
G1 X124.328 Y116.852 E73.90319
G1 F761.4 X124.074 Y116.489 E73.91616
G1 F765.7 X123.721 Y116.194 E73.92955
G1 F770.1 X123.287 Y116.054 E73.94274
G1 F761.4 X123.028 Y116.023 E73.95038
G1 F759.2 X122.572 Y116.08 E73.96386
G1 F761.4 X122.181 Y116.27 E73.97659
G1 F757.1 X121.847 Y116.576 E73.98992
G1 F761.4 X121.632 Y116.929 E74.00202
G1 X121.525 Y117.352 E74.01479
G1 F757.1 X121.554 Y117.805 E74.02815
G1 F754.9 X121.64 Y118.08 E74.03666
G1 F757.1 X121.863 Y118.441 E74.04915
G1 F759.2 X122.178 Y118.727 E74.06164
G1 F763.5 X122.573 Y118.917 E74.07443
G1 F765.7 X122.932 Y118.962 E74.08496
G0 F9000 X122.915 Y119.319
G1 F754.9 X122.657 Y119.289 E74.09262
G1 F748.6 X122.328 Y119.202 E74.10275
G1 F744.4 X121.922 Y118.978 E74.11663
G1 F752.8 X121.593 Y118.673 E74.12991
G1 X121.34 Y118.278 E74.1438
G1 F748.6 X121.197 Y117.835 E74.15766
G1 X121.178 Y117.5 E74.16765
G1 F746.5 X121.2 Y117.161 E74.17779
G1 F742.4 X121.34 Y116.718 E74.19173
G1 F750.7 X121.593 Y116.323 E74.20566
G1 F752.8 X121.922 Y116.018 E74.21894
G1 F744.4 X122.327 Y115.798 E74.23273
G1 F748.6 X122.657 Y115.71 E74.2429
G1 F754.9 X123 Y115.668 E74.2531
G1 F759.2 X123.343 Y115.708 E74.26324
G1 F752.8 X123.708 Y115.809 E74.27445
G1 F740.3 X124.077 Y116.02 E74.28724
G1 X124.404 Y116.324 E74.30068
G1 F748.6 X124.658 Y116.72 E74.31469
G1 F752.8 X124.799 Y117.161 E74.32839
G1 X124.818 Y117.491 E74.33818
G1 X124.799 Y117.835 E74.34837
G1 X124.658 Y118.28 E74.36219
G1 F748.6 X124.404 Y118.671 E74.37607
G1 F742.4 X124.077 Y118.976 E74.38949
G1 F740.3 X123.668 Y119.202 E74.40356
G1 F752.8 X123.355 Y119.289 E74.41318
G1 F757.1 X123 Y119.329 E74.42369
G1 F752.8 X122.915 Y119.319 E74.42623
G1 F2700 E69.42623
;MESH:rpicam_v3_standoff-Body.stl(3)
G0 F9000 X122.5 Y120.119
G0 X121.865 Y119.913
G0 X121.3 Y119.553
G0 X120.844 Y119.068
G0 X120.52 Y118.48
G0 X119.98 Y116.52
G0 X119.656 Y115.932
G0 X119.2 Y115.447
G0 X118.88 Y115.243
G0 X117.667 Y114.66
G0 X117.5 Y113.47
G1 F2700 E74.42623
G1 F759.2 X117.52 Y113.473 E74.42682
G1 X117.788 Y113.446 E74.43473
G1 F770.1 X118.176 Y113.317 E74.44656
G1 F765.7 X118.578 Y113.01 E74.46128
G1 F757.1 X118.83 Y112.64 E74.47445
G1 X118.968 Y112.2 E74.48803
G1 X118.954 Y111.746 E74.5014
G1 X118.828 Y111.352 E74.51357
G1 F761.4 X118.574 Y110.989 E74.52654
G1 F765.7 X118.221 Y110.694 E74.53993
G1 F770.1 X117.787 Y110.554 E74.55313
G1 F761.4 X117.528 Y110.523 E74.56076
G1 F759.2 X117.072 Y110.58 E74.57425
G1 F761.4 X116.681 Y110.77 E74.58697
G1 F757.1 X116.347 Y111.076 E74.60031
G1 F761.4 X116.132 Y111.429 E74.6124
G1 X116.025 Y111.852 E74.62517
G1 F757.1 X116.054 Y112.305 E74.63854
G1 F754.9 X116.14 Y112.58 E74.64704
G1 F757.1 X116.363 Y112.941 E74.65953
G1 F759.2 X116.678 Y113.227 E74.67202
G1 F763.5 X117.073 Y113.417 E74.68481
G1 F765.7 X117.5 Y113.47 E74.69733
G0 F9000 X117.5 Y113.829
G1 F752.8 X117.157 Y113.789 E74.70756
G1 F748.6 X116.828 Y113.702 E74.71769
G1 F744.4 X116.422 Y113.478 E74.73157
G1 F752.8 X116.093 Y113.173 E74.74485
G1 X115.84 Y112.778 E74.75873
G1 F748.6 X115.697 Y112.335 E74.77259
G1 X115.678 Y112 E74.78258
G1 F746.5 X115.7 Y111.661 E74.79272
G1 F742.4 X115.84 Y111.218 E74.80666
G1 F750.7 X116.093 Y110.823 E74.82059
G1 F752.8 X116.422 Y110.518 E74.83387
G1 F744.4 X116.827 Y110.298 E74.84767
G1 F748.6 X117.157 Y110.21 E74.85783
G1 F754.9 X117.5 Y110.168 E74.86803
G1 F759.2 X117.843 Y110.208 E74.87817
G1 F752.8 X118.208 Y110.309 E74.88938
G1 F740.3 X118.577 Y110.52 E74.90217
G1 X118.904 Y110.824 E74.91561
G1 F748.6 X119.158 Y111.22 E74.92962
G1 F752.8 X119.299 Y111.661 E74.94332
G1 X119.318 Y111.991 E74.95311
G1 X119.299 Y112.335 E74.96331
G1 X119.158 Y112.78 E74.97712
G1 F748.6 X118.904 Y113.171 E74.991
G1 F742.4 X118.577 Y113.476 E75.00443
G1 F740.3 X118.168 Y113.702 E75.01849
G1 F752.8 X117.855 Y113.789 E75.02811
G1 F757.1 X117.5 Y113.829 E75.03862
G1 F2700 E70.03862
;MESH:rpicam_v3_standoff-Body.stl(4)
G0 F9000 X117.5 Y124.829
G1 F2700 E75.03862
G1 F752.8 X117.157 Y124.789 E75.04885
G1 F748.6 X116.828 Y124.702 E75.05898
G1 F744.4 X116.422 Y124.478 E75.07286
G1 F752.8 X116.093 Y124.173 E75.08614
G1 X115.84 Y123.778 E75.10002
G1 F748.6 X115.697 Y123.335 E75.11388
G1 X115.678 Y123.009 E75.1236
G1 F746.5 X115.7 Y122.661 E75.13401
G1 F742.4 X115.84 Y122.218 E75.14795
G1 F750.7 X116.093 Y121.823 E75.16188
G1 F752.8 X116.422 Y121.518 E75.17516
G1 F744.4 X116.827 Y121.298 E75.18896
G1 F748.6 X117.157 Y121.21 E75.19912
G1 F754.9 X117.5 Y121.168 E75.20932
G1 F759.2 X117.843 Y121.208 E75.21946
G1 F752.8 X118.208 Y121.309 E75.23067
G1 F740.3 X118.577 Y121.52 E75.24346
G1 X118.904 Y121.824 E75.2569
G1 F748.6 X119.158 Y122.22 E75.27091
G1 F752.8 X119.299 Y122.661 E75.28461
G1 X119.318 Y122.991 E75.2944
G1 X119.299 Y123.335 E75.3046
G1 X119.158 Y123.78 E75.31841
G1 F748.6 X118.904 Y124.171 E75.33229
G1 F742.4 X118.577 Y124.476 E75.34572
G1 F740.3 X118.168 Y124.702 E75.35978
G1 F752.8 X117.855 Y124.789 E75.3694
G1 F757.1 X117.5 Y124.829 E75.37991
G0 F9000 X117.5 Y124.47
G1 F759.2 X117.52 Y124.473 E75.38051
G1 X117.788 Y124.446 E75.38841
G1 F770.1 X118.176 Y124.317 E75.40025
G1 F765.7 X118.578 Y124.01 E75.41497
G1 F757.1 X118.83 Y123.64 E75.42814
G1 X118.968 Y123.2 E75.44172
G1 X118.954 Y122.746 E75.45509
G1 X118.828 Y122.352 E75.46726
G1 F761.4 X118.574 Y121.989 E75.48023
G1 F765.7 X118.221 Y121.694 E75.49362
G1 F770.1 X117.787 Y121.554 E75.50681
G1 F761.4 X117.528 Y121.523 E75.51445
G1 F759.2 X117.072 Y121.58 E75.52794
G1 F761.4 X116.681 Y121.77 E75.54066
G1 F757.1 X116.347 Y122.076 E75.55399
G1 F761.4 X116.132 Y122.429 E75.56609
G1 X116.025 Y122.852 E75.57886
G1 F757.1 X116.054 Y123.305 E75.59222
G1 F754.9 X116.14 Y123.58 E75.60073
G1 F757.1 X116.363 Y123.941 E75.61322
G1 F759.2 X116.678 Y124.227 E75.62571
G1 F763.5 X117.073 Y124.417 E75.6385
G1 F765.7 X117.5 Y124.47 E75.65102
G1 F2700 E70.65102
;MESH:NONMESH
G0 F300 Z1.8
G0 F9000 X112.085 Y119.319
;TIME_ELAPSED:176.819960
;LAYER:8
;note -- min layer time used
;TYPE:WALL-OUTER
;MESH:rpicam_v3_standoff-Body.stl(1)
G1 F2700 E75.65102
G1 F754.9 X112 Y119.329 E75.65355
G1 F752.8 X111.657 Y119.289 E75.66377
G1 F748.6 X111.328 Y119.202 E75.6739
G1 F744.4 X110.922 Y118.978 E75.68778
G1 F752.8 X110.593 Y118.673 E75.70106
G1 X110.34 Y118.278 E75.71495
G1 F748.6 X110.197 Y117.835 E75.7288
G1 X110.178 Y117.5 E75.73879
G1 F746.5 X110.2 Y117.161 E75.74893
G1 F742.4 X110.34 Y116.718 E75.76288
G1 F750.7 X110.593 Y116.323 E75.7768
G1 F752.8 X110.922 Y116.018 E75.79008
G1 F744.4 X111.327 Y115.798 E75.80388
G1 F748.6 X111.657 Y115.71 E75.81405
G1 F754.9 X112 Y115.668 E75.82425
G1 F759.2 X112.343 Y115.708 E75.83438
G1 F752.8 X112.708 Y115.809 E75.84559
G1 F740.3 X113.077 Y116.02 E75.85839
G1 X113.404 Y116.324 E75.87183
G1 F748.6 X113.658 Y116.72 E75.88583
G1 F752.8 X113.799 Y117.161 E75.89954
G1 X113.818 Y117.491 E75.90932
G1 X113.799 Y117.835 E75.91952
G1 X113.658 Y118.28 E75.93334
G1 F748.6 X113.404 Y118.671 E75.94722
G1 F742.4 X113.077 Y118.976 E75.96064
G1 F740.3 X112.668 Y119.202 E75.97471
G1 F752.8 X112.355 Y119.289 E75.98432
G1 F761.4 X112.085 Y119.319 E75.99227
G0 F9000 X112.069 Y118.968
G1 F765.7 X112.288 Y118.946 E75.99868
G1 F770.1 X112.676 Y118.817 E76.01051
G1 F765.7 X113.078 Y118.51 E76.02523
G1 F757.1 X113.33 Y118.14 E76.03841
G1 X113.468 Y117.7 E76.05198
G1 X113.454 Y117.246 E76.06535
G1 X113.328 Y116.852 E76.07753
G1 F761.4 X113.074 Y116.489 E76.0905
G1 F765.7 X112.721 Y116.194 E76.10388
G1 F770.1 X112.287 Y116.054 E76.11708
G1 F761.4 X112.028 Y116.023 E76.12471
G1 F759.2 X111.572 Y116.08 E76.1382
G1 F761.4 X111.181 Y116.27 E76.15093
G1 F757.1 X110.847 Y116.576 E76.16426
G1 F761.4 X110.632 Y116.929 E76.17636
G1 X110.525 Y117.352 E76.18913
G1 F757.1 X110.554 Y117.805 E76.20249
G1 F754.9 X110.64 Y118.08 E76.211
G1 F757.1 X110.863 Y118.441 E76.22349
G1 F759.2 X111.178 Y118.727 E76.23597
G1 F763.5 X111.573 Y118.917 E76.24877
G1 F757.1 X112.02 Y118.973 E76.26203
G1 X112.069 Y118.968 E76.26348
G1 F2700 E71.26348
;MESH:rpicam_v3_standoff-Body.stl
G0 F9000 X117.5 Y119.329
G1 F2700 E76.26348
G1 F752.8 X117.157 Y119.289 E76.2737
G1 F748.6 X116.828 Y119.202 E76.28383
G1 F744.4 X116.422 Y118.978 E76.29771
G1 F752.8 X116.093 Y118.673 E76.31099
G1 X115.84 Y118.278 E76.32488
G1 F748.6 X115.697 Y117.835 E76.33873
G1 X115.678 Y117.5 E76.34872
G1 F746.5 X115.7 Y117.161 E76.35886
G1 F742.4 X115.84 Y116.718 E76.37281
G1 F750.7 X116.093 Y116.323 E76.38673
G1 F752.8 X116.422 Y116.018 E76.40001
G1 F744.4 X116.827 Y115.798 E76.41381
G1 F748.6 X117.157 Y115.71 E76.42397
G1 F754.9 X117.5 Y115.668 E76.43418
G1 F759.2 X117.843 Y115.708 E76.44431
G1 F752.8 X118.208 Y115.809 E76.45552
G1 F740.3 X118.577 Y116.02 E76.46832
G1 X118.904 Y116.324 E76.48176
G1 F748.6 X119.158 Y116.72 E76.49576
G1 F752.8 X119.299 Y117.161 E76.50947
G1 X119.318 Y117.491 E76.51925
G1 X119.299 Y117.835 E76.52945
G1 X119.158 Y118.28 E76.54327
G1 F748.6 X118.904 Y118.671 E76.55715
G1 F742.4 X118.577 Y118.976 E76.57057
G1 F740.3 X118.168 Y119.202 E76.58463
G1 F752.8 X117.855 Y119.289 E76.59425
G1 F757.1 X117.5 Y119.329 E76.60477
G0 F9000 X117.5 Y118.97
G1 F759.2 X117.52 Y118.973 E76.60536
G1 X117.788 Y118.946 E76.61327
G1 F770.1 X118.176 Y118.817 E76.6251
G1 F765.7 X118.578 Y118.51 E76.63982
G1 F757.1 X118.83 Y118.14 E76.653
G1 X118.968 Y117.7 E76.66657
G1 X118.954 Y117.246 E76.67994
G1 X118.828 Y116.852 E76.69212
G1 F761.4 X118.574 Y116.489 E76.70508
G1 F765.7 X118.221 Y116.194 E76.71847
G1 F770.1 X117.787 Y116.054 E76.73167
G1 F761.4 X117.528 Y116.023 E76.7393
G1 F759.2 X117.072 Y116.08 E76.75279
G1 F761.4 X116.681 Y116.27 E76.76551
G1 F757.1 X116.347 Y116.576 E76.77885
G1 F761.4 X116.132 Y116.929 E76.79094
G1 X116.025 Y117.352 E76.80372
G1 F757.1 X116.054 Y117.805 E76.81708
G1 F754.9 X116.14 Y118.08 E76.82558
G1 F757.1 X116.363 Y118.441 E76.83807
G1 F759.2 X116.678 Y118.727 E76.85056
G1 F763.5 X117.073 Y118.917 E76.86335
G1 F765.7 X117.5 Y118.97 E76.87588
G1 F2700 E71.87588
;MESH:rpicam_v3_standoff-Body.stl(2)
G0 F9000 X122.932 Y118.962
G1 F2700 E76.87588
G1 F757.1 X123.02 Y118.973 E76.87849
G1 F759.2 X123.288 Y118.946 E76.88639
G1 F770.1 X123.676 Y118.817 E76.89822
G1 F765.7 X124.078 Y118.51 E76.91294
G1 F757.1 X124.33 Y118.14 E76.92612
G1 X124.468 Y117.7 E76.93969
G1 X124.454 Y117.246 E76.95306
G1 X124.328 Y116.852 E76.96524
G1 F761.4 X124.074 Y116.489 E76.97821
G1 F765.7 X123.721 Y116.194 E76.9916
G1 F770.1 X123.287 Y116.054 E77.00479
G1 F761.4 X123.028 Y116.023 E77.01243
G1 F759.2 X122.572 Y116.08 E77.02592
G1 F761.4 X122.181 Y116.27 E77.03864
G1 F757.1 X121.847 Y116.576 E77.05197
G1 F761.4 X121.632 Y116.929 E77.06407
G1 X121.525 Y117.352 E77.07684
G1 F757.1 X121.554 Y117.805 E77.0902
G1 F754.9 X121.64 Y118.08 E77.09871
G1 F757.1 X121.863 Y118.441 E77.1112
G1 F759.2 X122.178 Y118.727 E77.12369
G1 F763.5 X122.573 Y118.917 E77.13648
G1 F765.7 X122.932 Y118.962 E77.14701
G0 F9000 X122.915 Y119.319
G1 F754.9 X122.657 Y119.289 E77.15468
G1 F748.6 X122.328 Y119.202 E77.16481
G1 F744.4 X121.922 Y118.978 E77.17869
G1 F752.8 X121.593 Y118.673 E77.19197
G1 X121.34 Y118.278 E77.20585
G1 F748.6 X121.197 Y117.835 E77.21971
G1 X121.178 Y117.5 E77.2297
G1 F746.5 X121.2 Y117.161 E77.23984
G1 F742.4 X121.34 Y116.718 E77.25378
G1 F750.7 X121.593 Y116.323 E77.26771
G1 F752.8 X121.922 Y116.018 E77.28099
G1 F744.4 X122.327 Y115.798 E77.29478
G1 F748.6 X122.657 Y115.71 E77.30495
G1 F754.9 X123 Y115.668 E77.31515
G1 F759.2 X123.343 Y115.708 E77.32529
G1 F752.8 X123.708 Y115.809 E77.3365
G1 F740.3 X124.077 Y116.02 E77.34929
G1 X124.404 Y116.324 E77.36273
G1 F748.6 X124.658 Y116.72 E77.37674
G1 F752.8 X124.799 Y117.161 E77.39044
G1 X124.818 Y117.491 E77.40023
G1 X124.799 Y117.835 E77.41043
G1 X124.658 Y118.28 E77.42424
G1 F748.6 X124.404 Y118.671 E77.43812
G1 F742.4 X124.077 Y118.976 E77.45155
G1 F740.3 X123.668 Y119.202 E77.46561
G1 F752.8 X123.355 Y119.289 E77.47523
G1 F757.1 X123 Y119.329 E77.48574
G1 F752.8 X122.915 Y119.319 E77.48828
G1 F2700 E72.48828
;MESH:rpicam_v3_standoff-Body.stl(3)
G0 F9000 X122.5 Y120.119
G0 X121.865 Y119.913
G0 X121.3 Y119.553
G0 X120.844 Y119.068
G0 X120.52 Y118.48
G0 X119.98 Y116.52
G0 X119.656 Y115.932
G0 X119.2 Y115.447
G0 X118.88 Y115.243
G0 X117.667 Y114.66
G0 X117.5 Y113.47
G1 F2700 E77.48828
G1 F759.2 X117.52 Y113.473 E77.48887
G1 X117.788 Y113.446 E77.49678
G1 F770.1 X118.176 Y113.317 E77.50861
G1 F765.7 X118.578 Y113.01 E77.52333
G1 F757.1 X118.83 Y112.64 E77.53651
G1 X118.968 Y112.2 E77.55008
G1 X118.954 Y111.746 E77.56345
G1 X118.828 Y111.352 E77.57563
G1 F761.4 X118.574 Y110.989 E77.58859
G1 F765.7 X118.221 Y110.694 E77.60198
G1 F770.1 X117.787 Y110.554 E77.61518
G1 F761.4 X117.528 Y110.523 E77.62281
G1 F759.2 X117.072 Y110.58 E77.6363
G1 F761.4 X116.681 Y110.77 E77.64902
G1 F757.1 X116.347 Y111.076 E77.66236
G1 F761.4 X116.132 Y111.429 E77.67445
G1 X116.025 Y111.852 E77.68723
G1 F757.1 X116.054 Y112.305 E77.70059
G1 F754.9 X116.14 Y112.58 E77.70909
G1 F757.1 X116.363 Y112.941 E77.72158
G1 F759.2 X116.678 Y113.227 E77.73407
G1 F763.5 X117.073 Y113.417 E77.74686
G1 F765.7 X117.5 Y113.47 E77.75939
G0 F9000 X117.5 Y113.829
G1 F752.8 X117.157 Y113.789 E77.76961
G1 F748.6 X116.828 Y113.702 E77.77974
G1 F744.4 X116.422 Y113.478 E77.79362
G1 F752.8 X116.093 Y113.173 E77.8069
G1 X115.84 Y112.778 E77.82078
G1 F748.6 X115.697 Y112.335 E77.83464
G1 X115.678 Y112 E77.84463
G1 F746.5 X115.7 Y111.661 E77.85477
G1 F742.4 X115.84 Y111.218 E77.86872
G1 F750.7 X116.093 Y110.823 E77.88264
G1 F752.8 X116.422 Y110.518 E77.89592
G1 F744.4 X116.827 Y110.298 E77.90972
G1 F748.6 X117.157 Y110.21 E77.91988
G1 F754.9 X117.5 Y110.168 E77.93008
G1 F759.2 X117.843 Y110.208 E77.94022
G1 F752.8 X118.208 Y110.309 E77.95143
G1 F740.3 X118.577 Y110.52 E77.96422
G1 X118.904 Y110.824 E77.97766
G1 F748.6 X119.158 Y111.22 E77.99167
G1 F752.8 X119.299 Y111.661 E78.00537
G1 X119.318 Y111.991 E78.01516
G1 X119.299 Y112.335 E78.02536
G1 X119.158 Y112.78 E78.03918
G1 F748.6 X118.904 Y113.171 E78.05305
G1 F742.4 X118.577 Y113.476 E78.06648
G1 F740.3 X118.168 Y113.702 E78.08054
G1 F752.8 X117.855 Y113.789 E78.09016
G1 F757.1 X117.5 Y113.829 E78.10067
G1 F2700 E73.10067
;MESH:rpicam_v3_standoff-Body.stl(4)
G0 F9000 X117.5 Y124.829
G1 F2700 E78.10067
G1 F752.8 X117.157 Y124.789 E78.1109
G1 F748.6 X116.828 Y124.702 E78.12103
G1 F744.4 X116.422 Y124.478 E78.13491
G1 F752.8 X116.093 Y124.173 E78.14819
G1 X115.84 Y123.778 E78.16207
G1 F748.6 X115.697 Y123.335 E78.17593
G1 X115.678 Y123 E78.18592
G1 F746.5 X115.7 Y122.661 E78.19606
G1 F742.4 X115.84 Y122.218 E78.21
G1 F750.7 X116.093 Y121.823 E78.22393
G1 F752.8 X116.422 Y121.518 E78.23721
G1 F744.4 X116.827 Y121.298 E78.25101
G1 F748.6 X117.157 Y121.21 E78.26117
G1 F754.9 X117.5 Y121.168 E78.27137
G1 F759.2 X117.843 Y121.208 E78.28151
G1 F752.8 X118.208 Y121.309 E78.29272
G1 F740.3 X118.577 Y121.52 E78.30551
G1 X118.904 Y121.824 E78.31895
G1 F748.6 X119.158 Y122.22 E78.33296
G1 F752.8 X119.299 Y122.661 E78.34666
G1 X119.318 Y122.991 E78.35645
G1 X119.299 Y123.335 E78.36665
G1 X119.158 Y123.78 E78.38046
G1 F748.6 X118.904 Y124.171 E78.39434
G1 F742.4 X118.577 Y124.476 E78.40777
G1 F740.3 X118.168 Y124.702 E78.42183
G1 F752.8 X117.855 Y124.789 E78.43145
G1 F757.1 X117.5 Y124.829 E78.44196
G0 F9000 X117.5 Y124.47
G1 F759.2 X117.52 Y124.473 E78.44256
G1 X117.788 Y124.446 E78.45046
G1 F770.1 X118.176 Y124.317 E78.4623
G1 F765.7 X118.578 Y124.01 E78.47702
G1 F757.1 X118.83 Y123.64 E78.49019
G1 X118.968 Y123.2 E78.50377
G1 X118.954 Y122.746 E78.51714
G1 X118.828 Y122.352 E78.52931
G1 F761.4 X118.574 Y121.989 E78.54228
G1 F765.7 X118.221 Y121.694 E78.55567
G1 F770.1 X117.787 Y121.554 E78.56886
G1 F761.4 X117.528 Y121.523 E78.5765
G1 F759.2 X117.072 Y121.58 E78.58999
G1 F761.4 X116.681 Y121.77 E78.60271
G1 F757.1 X116.347 Y122.076 E78.61605
G1 F761.4 X116.132 Y122.429 E78.62814
G1 X116.025 Y122.852 E78.64091
G1 F757.1 X116.054 Y123.305 E78.65427
G1 F754.9 X116.14 Y123.58 E78.66278
G1 F757.1 X116.363 Y123.941 E78.67527
G1 F759.2 X116.678 Y124.227 E78.68776
G1 F763.5 X117.073 Y124.417 E78.70055
G1 F765.7 X117.5 Y124.47 E78.71307
G1 F2700 E73.71307
;MESH:NONMESH
G0 F300 Z2
G0 F9000 X112.085 Y119.319
;TIME_ELAPSED:188.540153
;LAYER:9
;note -- min layer time used
;TYPE:WALL-OUTER
;MESH:rpicam_v3_standoff-Body.stl(1)
G1 F2700 E78.71307
G1 F754.9 X112 Y119.329 E78.7156
G1 F752.8 X111.657 Y119.289 E78.72582
G1 F748.6 X111.328 Y119.202 E78.73595
G1 F744.4 X110.922 Y118.978 E78.74983
G1 F752.8 X110.593 Y118.673 E78.76311
G1 X110.34 Y118.278 E78.777
G1 F748.6 X110.197 Y117.835 E78.79085
G1 X110.178 Y117.509 E78.80058
G1 F746.5 X110.2 Y117.161 E78.81098
G1 F742.4 X110.34 Y116.718 E78.82493
G1 F750.7 X110.593 Y116.323 E78.83885
G1 F752.8 X110.922 Y116.018 E78.85213
G1 F744.4 X111.327 Y115.798 E78.86593
G1 F748.6 X111.657 Y115.71 E78.8761
G1 F754.9 X112 Y115.668 E78.8863
G1 F759.2 X112.343 Y115.708 E78.89643
G1 F752.8 X112.708 Y115.809 E78.90764
G1 F740.3 X113.077 Y116.02 E78.92044
G1 X113.404 Y116.324 E78.93388
G1 F748.6 X113.658 Y116.72 E78.94788
G1 F752.8 X113.799 Y117.161 E78.96159
G1 X113.818 Y117.491 E78.97137
G1 X113.799 Y117.835 E78.98157
G1 X113.658 Y118.28 E78.99539
G1 F748.6 X113.404 Y118.671 E79.00927
G1 F742.4 X113.077 Y118.976 E79.02269
G1 F740.3 X112.668 Y119.202 E79.03676
G1 F752.8 X112.355 Y119.289 E79.04637
G1 F761.4 X112.085 Y119.319 E79.05433
G0 F9000 X112.069 Y118.968
G1 F765.7 X112.288 Y118.946 E79.06073
G1 F770.1 X112.676 Y118.817 E79.07256
G1 F765.7 X113.078 Y118.51 E79.08728
G1 F757.1 X113.33 Y118.14 E79.10046
G1 X113.468 Y117.7 E79.11403
G1 X113.454 Y117.246 E79.1274
G1 X113.328 Y116.852 E79.13958
G1 F761.4 X113.074 Y116.489 E79.15255
G1 F765.7 X112.721 Y116.194 E79.16594
G1 F770.1 X112.287 Y116.054 E79.17913
G1 F761.4 X112.028 Y116.023 E79.18677
G1 F759.2 X111.572 Y116.08 E79.20025
G1 F761.4 X111.181 Y116.27 E79.21298
G1 F757.1 X110.847 Y116.576 E79.22631
G1 F761.4 X110.632 Y116.929 E79.23841
G1 X110.525 Y117.352 E79.25118
G1 F757.1 X110.554 Y117.805 E79.26454
G1 F754.9 X110.64 Y118.08 E79.27305
G1 F757.1 X110.863 Y118.441 E79.28554
G1 F759.2 X111.178 Y118.727 E79.29803
G1 F763.5 X111.573 Y118.917 E79.31082
G1 F757.1 X112.02 Y118.973 E79.32408
G1 X112.069 Y118.968 E79.32553
G1 F2700 E74.32553
;MESH:rpicam_v3_standoff-Body.stl
G0 F9000 X117.5 Y119.329
G1 F2700 E79.32553
G1 F752.8 X117.157 Y119.289 E79.33575
G1 F748.6 X116.828 Y119.202 E79.34588
G1 F744.4 X116.422 Y118.978 E79.35976
G1 F752.8 X116.093 Y118.673 E79.37304
G1 X115.84 Y118.278 E79.38693
G1 F748.6 X115.697 Y117.835 E79.40078
G1 X115.678 Y117.5 E79.41077
G1 F746.5 X115.7 Y117.161 E79.42091
G1 F742.4 X115.84 Y116.718 E79.43486
G1 F750.7 X116.093 Y116.323 E79.44878
G1 F752.8 X116.422 Y116.018 E79.46206
G1 F744.4 X116.827 Y115.798 E79.47586
G1 F748.6 X117.157 Y115.71 E79.48603
G1 F754.9 X117.5 Y115.668 E79.49623
G1 F759.2 X117.843 Y115.708 E79.50636
G1 F752.8 X118.208 Y115.809 E79.51757
G1 F740.3 X118.577 Y116.02 E79.53037
G1 X118.904 Y116.324 E79.54381
G1 F748.6 X119.158 Y116.72 E79.55781
G1 F752.8 X119.299 Y117.161 E79.57152
G1 X119.318 Y117.491 E79.5813
G1 X119.299 Y117.835 E79.5915
G1 X119.158 Y118.28 E79.60532
G1 F748.6 X118.904 Y118.671 E79.6192
G1 F742.4 X118.577 Y118.976 E79.63262
G1 F740.3 X118.168 Y119.202 E79.64669
G1 F752.8 X117.855 Y119.289 E79.6563
G1 F757.1 X117.5 Y119.329 E79.66682
G0 F9000 X117.5 Y118.97
G1 F759.2 X117.52 Y118.973 E79.66741
G1 X117.788 Y118.946 E79.67532
G1 F770.1 X118.176 Y118.817 E79.68715
G1 F765.7 X118.578 Y118.51 E79.70187
G1 F757.1 X118.83 Y118.14 E79.71505
G1 X118.968 Y117.7 E79.72862
G1 X118.954 Y117.246 E79.74199
G1 X118.828 Y116.852 E79.75417
G1 F761.4 X118.574 Y116.489 E79.76713
G1 F765.7 X118.221 Y116.194 E79.78052
G1 F770.1 X117.787 Y116.054 E79.79372
G1 F761.4 X117.528 Y116.023 E79.80135
G1 F759.2 X117.072 Y116.08 E79.81484
G1 F761.4 X116.681 Y116.27 E79.82756
G1 F757.1 X116.347 Y116.576 E79.8409
G1 F761.4 X116.132 Y116.929 E79.853
G1 X116.025 Y117.352 E79.86577
G1 F757.1 X116.054 Y117.805 E79.87913
G1 F754.9 X116.14 Y118.08 E79.88763
G1 F757.1 X116.363 Y118.441 E79.90012
G1 F759.2 X116.678 Y118.727 E79.91261
G1 F763.5 X117.073 Y118.917 E79.9254
G1 F765.7 X117.5 Y118.97 E79.93793
G1 F2700 E74.93793
;MESH:rpicam_v3_standoff-Body.stl(2)
G0 F9000 X122.932 Y118.962
G1 F2700 E79.93793
G1 F757.1 X123.02 Y118.973 E79.94054
G1 F759.2 X123.288 Y118.946 E79.94844
G1 F770.1 X123.676 Y118.817 E79.96027
G1 F765.7 X124.078 Y118.51 E79.975
G1 F757.1 X124.33 Y118.14 E79.98817
G1 X124.468 Y117.7 E80.00175
G1 X124.454 Y117.246 E80.01512
G1 X124.328 Y116.852 E80.02729
G1 F761.4 X124.074 Y116.489 E80.04026
G1 F765.7 X123.721 Y116.194 E80.05365
G1 F770.1 X123.287 Y116.054 E80.06684
G1 F761.4 X123.028 Y116.023 E80.07448
G1 F759.2 X122.572 Y116.08 E80.08797
G1 F761.4 X122.181 Y116.27 E80.10069
G1 F757.1 X121.847 Y116.576 E80.11402
G1 F761.4 X121.632 Y116.929 E80.12612
G1 X121.525 Y117.352 E80.13889
G1 F757.1 X121.554 Y117.805 E80.15225
G1 F754.9 X121.64 Y118.08 E80.16076
G1 F757.1 X121.863 Y118.441 E80.17325
G1 F759.2 X122.178 Y118.727 E80.18574
G1 F763.5 X122.573 Y118.917 E80.19853
G1 F765.7 X122.932 Y118.962 E80.20906
G0 F9000 X122.915 Y119.319
G1 F754.9 X122.657 Y119.289 E80.21673
G1 F748.6 X122.328 Y119.202 E80.22686
G1 F744.4 X121.922 Y118.978 E80.24074
G1 F752.8 X121.593 Y118.673 E80.25402
G1 X121.34 Y118.278 E80.2679
G1 F748.6 X121.197 Y117.835 E80.28176
G1 X121.178 Y117.5 E80.29175
G1 F746.5 X121.2 Y117.161 E80.30189
G1 F742.4 X121.34 Y116.718 E80.31583
G1 F750.7 X121.593 Y116.323 E80.32976
G1 F752.8 X121.922 Y116.018 E80.34304
G1 F744.4 X122.327 Y115.798 E80.35684
G1 F748.6 X122.657 Y115.71 E80.367
G1 F754.9 X123 Y115.668 E80.3772
G1 F759.2 X123.343 Y115.708 E80.38734
G1 F752.8 X123.708 Y115.809 E80.39855
G1 F740.3 X124.077 Y116.02 E80.41134
G1 X124.404 Y116.324 E80.42478
G1 F748.6 X124.658 Y116.72 E80.43879
G1 F752.8 X124.799 Y117.161 E80.45249
G1 X124.818 Y117.491 E80.46228
G1 X124.799 Y117.835 E80.47248
G1 X124.658 Y118.28 E80.48629
G1 F748.6 X124.404 Y118.671 E80.50017
G1 F742.4 X124.077 Y118.976 E80.5136
G1 F740.3 X123.668 Y119.202 E80.52766
G1 F752.8 X123.355 Y119.289 E80.53728
G1 F757.1 X123 Y119.329 E80.54779
G1 F752.8 X122.915 Y119.319 E80.55033
G1 F2700 E75.55033
;MESH:rpicam_v3_standoff-Body.stl(3)
G0 F9000 X122.5 Y120.119
G0 X121.865 Y119.913
G0 X121.3 Y119.553
G0 X120.844 Y119.068
G0 X120.52 Y118.48
G0 X119.98 Y116.52
G0 X119.656 Y115.932
G0 X119.2 Y115.447
G0 X118.88 Y115.243
G0 X117.667 Y114.66
G0 X117.5 Y113.47
G1 F2700 E80.55033
G1 F759.2 X117.52 Y113.473 E80.55092
G1 X117.788 Y113.446 E80.55883
G1 F770.1 X118.176 Y113.317 E80.57066
G1 F765.7 X118.578 Y113.01 E80.58538
G1 F757.1 X118.83 Y112.64 E80.59856
G1 X118.968 Y112.2 E80.61213
G1 X118.954 Y111.746 E80.6255
G1 X118.828 Y111.352 E80.63768
G1 F761.4 X118.574 Y110.989 E80.65064
G1 F765.7 X118.221 Y110.694 E80.66403
G1 F770.1 X117.787 Y110.554 E80.67723
G1 F761.4 X117.528 Y110.523 E80.68486
G1 F759.2 X117.072 Y110.58 E80.69835
G1 F761.4 X116.681 Y110.77 E80.71107
G1 F757.1 X116.347 Y111.076 E80.72441
G1 F761.4 X116.132 Y111.429 E80.73651
G1 X116.025 Y111.852 E80.74928
G1 F757.1 X116.054 Y112.305 E80.76264
G1 F754.9 X116.14 Y112.58 E80.77114
G1 F757.1 X116.363 Y112.941 E80.78363
G1 F759.2 X116.678 Y113.227 E80.79612
G1 F763.5 X117.073 Y113.417 E80.80891
G1 F765.7 X117.5 Y113.47 E80.82144
G0 F9000 X117.5 Y113.829
G1 F752.8 X117.157 Y113.789 E80.83166
G1 F748.6 X116.828 Y113.702 E80.84179
G1 F744.4 X116.422 Y113.478 E80.85567
G1 F752.8 X116.093 Y113.173 E80.86895
G1 X115.84 Y112.778 E80.88283
G1 F748.6 X115.697 Y112.335 E80.89669
G1 X115.678 Y112 E80.90668
G1 F746.5 X115.7 Y111.661 E80.91682
G1 F742.4 X115.84 Y111.218 E80.93077
G1 F750.7 X116.093 Y110.823 E80.94469
G1 F752.8 X116.422 Y110.518 E80.95797
G1 F744.4 X116.827 Y110.298 E80.97177
G1 F748.6 X117.157 Y110.21 E80.98193
G1 F754.9 X117.5 Y110.168 E80.99213
G1 F759.2 X117.843 Y110.208 E81.00227
G1 F752.8 X118.208 Y110.309 E81.01348
G1 F740.3 X118.577 Y110.52 E81.02628
G1 X118.904 Y110.824 E81.03972
G1 F748.6 X119.158 Y111.22 E81.05372
G1 F752.8 X119.299 Y111.661 E81.06742
G1 X119.318 Y111.991 E81.07721
G1 X119.299 Y112.335 E81.08741
G1 X119.158 Y112.78 E81.10123
G1 F748.6 X118.904 Y113.171 E81.11511
G1 F742.4 X118.577 Y113.476 E81.12853
G1 F740.3 X118.168 Y113.702 E81.14259
G1 F752.8 X117.855 Y113.789 E81.15221
G1 F757.1 X117.5 Y113.829 E81.16273
G1 F2700 E76.16273
;MESH:rpicam_v3_standoff-Body.stl(4)
G0 F9000 X117.5 Y124.829
G1 F2700 E81.16273
G1 F752.8 X117.157 Y124.789 E81.17295
G1 F748.6 X116.828 Y124.702 E81.18308
G1 F744.4 X116.422 Y124.478 E81.19696
G1 F752.8 X116.093 Y124.173 E81.21024
G1 X115.84 Y123.778 E81.22412
G1 F748.6 X115.697 Y123.335 E81.23798
G1 X115.678 Y123 E81.24797
G1 F746.5 X115.7 Y122.661 E81.25811
G1 F742.4 X115.84 Y122.218 E81.27206
G1 F750.7 X116.093 Y121.823 E81.28598
G1 F752.8 X116.422 Y121.518 E81.29926
G1 F744.4 X116.827 Y121.298 E81.31306
G1 F748.6 X117.157 Y121.21 E81.32322
G1 F754.9 X117.5 Y121.168 E81.33342
G1 F759.2 X117.843 Y121.208 E81.34356
G1 F752.8 X118.208 Y121.309 E81.35477
G1 F740.3 X118.577 Y121.52 E81.36757
G1 X118.904 Y121.824 E81.381
G1 F748.6 X119.158 Y122.22 E81.39501
G1 F752.8 X119.299 Y122.661 E81.40871
G1 X119.318 Y122.991 E81.4185
G1 X119.299 Y123.335 E81.4287
G1 X119.158 Y123.78 E81.44252
G1 F748.6 X118.904 Y124.171 E81.4564
G1 F742.4 X118.577 Y124.476 E81.46982
G1 F740.3 X118.168 Y124.702 E81.48388
G1 F752.8 X117.855 Y124.789 E81.4935
G1 F757.1 X117.5 Y124.829 E81.50402
G0 F9000 X117.5 Y124.47
G1 F759.2 X117.52 Y124.473 E81.50461
G1 X117.788 Y124.446 E81.51252
G1 F770.1 X118.176 Y124.317 E81.52435
G1 F765.7 X118.578 Y124.01 E81.53907
G1 F757.1 X118.83 Y123.64 E81.55224
G1 X118.968 Y123.2 E81.56582
G1 X118.954 Y122.746 E81.57919
G1 X118.828 Y122.352 E81.59136
G1 F761.4 X118.574 Y121.989 E81.60433
G1 F765.7 X118.221 Y121.694 E81.61772
G1 F770.1 X117.787 Y121.554 E81.63092
G1 F761.4 X117.528 Y121.523 E81.63855
G1 F759.2 X117.072 Y121.58 E81.65204
G1 F761.4 X116.681 Y121.77 E81.66476
G1 F757.1 X116.347 Y122.076 E81.6781
G1 F761.4 X116.132 Y122.429 E81.69019
G1 X116.025 Y122.852 E81.70296
G1 F757.1 X116.054 Y123.305 E81.71633
G1 F754.9 X116.14 Y123.58 E81.72483
G1 F757.1 X116.363 Y123.941 E81.73732
G1 F759.2 X116.678 Y124.227 E81.74981
G1 F763.5 X117.073 Y124.417 E81.7626
G1 F765.7 X117.5 Y124.47 E81.77512
G1 F2700 E76.77512
;MESH:NONMESH
G0 F300 Z2.2
G0 F9000 X112.085 Y119.319
;TIME_ELAPSED:200.260349
;LAYER:10
;note -- min layer time used
;TYPE:WALL-OUTER
;MESH:rpicam_v3_standoff-Body.stl(1)
G1 F2700 E81.77512
G1 F754.9 X112 Y119.329 E81.77765
G1 F752.8 X111.657 Y119.289 E81.78787
G1 F748.6 X111.328 Y119.202 E81.798
G1 F744.4 X110.922 Y118.978 E81.81188
G1 F752.8 X110.593 Y118.673 E81.82516
G1 X110.34 Y118.278 E81.83905
G1 F748.6 X110.197 Y117.835 E81.85291
G1 X110.178 Y117.5 E81.86289
G1 F746.5 X110.2 Y117.161 E81.87303
G1 F742.4 X110.34 Y116.718 E81.88698
G1 F750.7 X110.593 Y116.323 E81.90091
G1 F752.8 X110.922 Y116.018 E81.91419
G1 F744.4 X111.327 Y115.798 E81.92798
G1 F748.6 X111.657 Y115.71 E81.93815
G1 F754.9 X112 Y115.668 E81.94835
G1 F759.2 X112.343 Y115.708 E81.95848
G1 F752.8 X112.708 Y115.809 E81.9697
G1 F740.3 X113.077 Y116.02 E81.98249
G1 X113.404 Y116.324 E81.99593
G1 F748.6 X113.658 Y116.72 E82.00993
G1 F752.8 X113.799 Y117.161 E82.02364
G1 X113.818 Y117.491 E82.03342
G1 X113.799 Y117.835 E82.04362
G1 X113.658 Y118.28 E82.05744
G1 F748.6 X113.404 Y118.671 E82.07132
G1 F742.4 X113.077 Y118.976 E82.08474
G1 F740.3 X112.668 Y119.202 E82.09881
G1 F752.8 X112.355 Y119.289 E82.10842
G1 F761.4 X112.085 Y119.319 E82.11638
G0 F9000 X112.069 Y118.968
G1 F765.7 X112.288 Y118.946 E82.12278
G1 F770.1 X112.676 Y118.817 E82.13461
G1 F765.7 X113.078 Y118.51 E82.14933
G1 F757.1 X113.33 Y118.14 E82.16251
G1 X113.468 Y117.7 E82.17608
G1 X113.454 Y117.246 E82.18945
G1 X113.328 Y116.852 E82.20163
G1 F761.4 X113.074 Y116.489 E82.2146
G1 F765.7 X112.721 Y116.194 E82.22799
G1 F770.1 X112.287 Y116.054 E82.24118
G1 F761.4 X112.028 Y116.023 E82.24882
G1 F759.2 X111.572 Y116.08 E82.2623
G1 F761.4 X111.181 Y116.27 E82.27503
G1 F757.1 X110.847 Y116.576 E82.28836
G1 F761.4 X110.632 Y116.929 E82.30046
G1 X110.525 Y117.352 E82.31323
G1 F757.1 X110.554 Y117.805 E82.32659
G1 F754.9 X110.64 Y118.08 E82.3351
G1 F757.1 X110.863 Y118.441 E82.34759
G1 F759.2 X111.178 Y118.727 E82.36008
G1 F763.5 X111.573 Y118.917 E82.37287
G1 F757.1 X112.02 Y118.973 E82.38613
G1 X112.069 Y118.968 E82.38758
G1 F2700 E77.38758
;MESH:rpicam_v3_standoff-Body.stl
G0 F9000 X117.5 Y119.329
G1 F2700 E82.38758
G1 F752.8 X117.157 Y119.289 E82.3978
G1 F748.6 X116.828 Y119.202 E82.40793
G1 F744.4 X116.422 Y118.978 E82.42181
G1 F752.8 X116.093 Y118.673 E82.43509
G1 X115.84 Y118.278 E82.44898
G1 F748.6 X115.697 Y117.835 E82.46283
G1 X115.678 Y117.509 E82.47255
G1 F746.5 X115.7 Y117.161 E82.48296
G1 F742.4 X115.84 Y116.718 E82.49691
G1 F750.7 X116.093 Y116.323 E82.51083
G1 F752.8 X116.422 Y116.018 E82.52411
G1 F744.4 X116.827 Y115.798 E82.53791
G1 F748.6 X117.157 Y115.71 E82.54808
G1 F754.9 X117.5 Y115.668 E82.55828
G1 F759.2 X117.843 Y115.708 E82.56841
G1 F752.8 X118.208 Y115.809 E82.57962
G1 F740.3 X118.577 Y116.02 E82.59242
G1 X118.904 Y116.324 E82.60586
G1 F748.6 X119.158 Y116.72 E82.61986
G1 F752.8 X119.299 Y117.161 E82.63357
G1 X119.318 Y117.491 E82.64335
G1 X119.299 Y117.835 E82.65355
G1 X119.158 Y118.28 E82.66737
G1 F748.6 X118.904 Y118.671 E82.68125
G1 F742.4 X118.577 Y118.976 E82.69467
G1 F740.3 X118.168 Y119.202 E82.70874
G1 F752.8 X117.855 Y119.289 E82.71835
G1 F757.1 X117.5 Y119.329 E82.72887
G0 F9000 X117.5 Y118.97
G1 F759.2 X117.52 Y118.973 E82.72946
G1 X117.788 Y118.946 E82.73737
G1 F770.1 X118.176 Y118.817 E82.7492
G1 F765.7 X118.578 Y118.51 E82.76392
G1 F757.1 X118.83 Y118.14 E82.7771
G1 X118.968 Y117.7 E82.79067
G1 X118.954 Y117.246 E82.80404
G1 X118.828 Y116.852 E82.81622
G1 F761.4 X118.574 Y116.489 E82.82918
G1 F765.7 X118.221 Y116.194 E82.84257
G1 F770.1 X117.787 Y116.054 E82.85577
G1 F761.4 X117.528 Y116.023 E82.8634
G1 F759.2 X117.072 Y116.08 E82.87689
G1 F761.4 X116.681 Y116.27 E82.88962
G1 F757.1 X116.347 Y116.576 E82.90295
G1 F761.4 X116.132 Y116.929 E82.91505
G1 X116.025 Y117.352 E82.92782
G1 F757.1 X116.054 Y117.805 E82.94118
G1 F754.9 X116.14 Y118.08 E82.94968
G1 F757.1 X116.363 Y118.441 E82.96217
G1 F759.2 X116.678 Y118.727 E82.97466
G1 F763.5 X117.073 Y118.917 E82.98746
G1 F765.7 X117.5 Y118.97 E82.99998
G1 F2700 E77.99998
;MESH:rpicam_v3_standoff-Body.stl(2)
G0 F9000 X122.932 Y118.962
G1 F2700 E82.99998
G1 F757.1 X123.02 Y118.973 E83.00259
G1 F759.2 X123.288 Y118.946 E83.01049
G1 F770.1 X123.676 Y118.817 E83.02233
G1 F765.7 X124.078 Y118.51 E83.03705
G1 F757.1 X124.33 Y118.14 E83.05022
G1 X124.468 Y117.7 E83.0638
G1 X124.454 Y117.246 E83.07717
G1 X124.328 Y116.852 E83.08934
G1 F761.4 X124.074 Y116.489 E83.10231
G1 F765.7 X123.721 Y116.194 E83.1157
G1 F770.1 X123.287 Y116.054 E83.12889
G1 F761.4 X123.028 Y116.023 E83.13653
G1 F759.2 X122.572 Y116.08 E83.15002
G1 F761.4 X122.181 Y116.27 E83.16274
G1 F757.1 X121.847 Y116.576 E83.17608
G1 F761.4 X121.632 Y116.929 E83.18817
G1 X121.525 Y117.352 E83.20094
G1 F757.1 X121.554 Y117.805 E83.2143
G1 F754.9 X121.64 Y118.08 E83.22281
G1 F757.1 X121.863 Y118.441 E83.2353
G1 F759.2 X122.178 Y118.727 E83.24779
G1 F763.5 X122.573 Y118.917 E83.26058
G1 F765.7 X122.932 Y118.962 E83.27111
G0 F9000 X122.915 Y119.319
G1 F754.9 X122.657 Y119.289 E83.27878
G1 F748.6 X122.328 Y119.202 E83.28891
G1 F744.4 X121.922 Y118.978 E83.30279
G1 F752.8 X121.593 Y118.673 E83.31607
G1 X121.34 Y118.278 E83.32995
G1 F748.6 X121.197 Y117.835 E83.34381
G1 X121.178 Y117.5 E83.3538
G1 F746.5 X121.2 Y117.161 E83.36394
G1 F742.4 X121.34 Y116.718 E83.37789
G1 F750.7 X121.593 Y116.323 E83.39181
G1 F752.8 X121.922 Y116.018 E83.40509
G1 F744.4 X122.327 Y115.798 E83.41889
G1 F748.6 X122.657 Y115.71 E83.42905
G1 F754.9 X123 Y115.668 E83.43925
G1 F759.2 X123.343 Y115.708 E83.44939
G1 F752.8 X123.708 Y115.809 E83.4606
G1 F740.3 X124.077 Y116.02 E83.47339
G1 X124.404 Y116.324 E83.48683
G1 F748.6 X124.658 Y116.72 E83.50084
G1 F752.8 X124.799 Y117.161 E83.51454
G1 X124.818 Y117.491 E83.52433
G1 X124.799 Y117.835 E83.53453
G1 X124.658 Y118.28 E83.54835
G1 F748.6 X124.404 Y118.671 E83.56222
G1 F742.4 X124.077 Y118.976 E83.57565
G1 F740.3 X123.668 Y119.202 E83.58971
G1 F752.8 X123.355 Y119.289 E83.59933
G1 F757.1 X123 Y119.329 E83.60985
G1 F752.8 X122.915 Y119.319 E83.61238
G1 F2700 E78.61238
;MESH:rpicam_v3_standoff-Body.stl(3)
G0 F9000 X122.5 Y120.119
G0 X121.865 Y119.913
G0 X121.3 Y119.553
G0 X120.844 Y119.068
G0 X120.52 Y118.48
G0 X119.98 Y116.52
G0 X119.656 Y115.932
G0 X119.2 Y115.447
G0 X118.88 Y115.243
G0 X117.667 Y114.66
G0 X117.5 Y113.47
G1 F2700 E83.61238
G1 F759.2 X117.52 Y113.473 E83.61297
G1 X117.788 Y113.446 E83.62088
G1 F770.1 X118.176 Y113.317 E83.63271
G1 F765.7 X118.578 Y113.01 E83.64743
G1 F757.1 X118.83 Y112.64 E83.66061
G1 X118.968 Y112.2 E83.67418
G1 X118.954 Y111.746 E83.68755
G1 X118.828 Y111.352 E83.69973
G1 F761.4 X118.574 Y110.989 E83.71269
G1 F765.7 X118.221 Y110.694 E83.72608
G1 F770.1 X117.787 Y110.554 E83.73928
G1 F761.4 X117.528 Y110.523 E83.74691
G1 F759.2 X117.072 Y110.58 E83.7604
G1 F761.4 X116.681 Y110.77 E83.77313
G1 F757.1 X116.347 Y111.076 E83.78646
G1 F761.4 X116.132 Y111.429 E83.79856
G1 X116.025 Y111.852 E83.81133
G1 F757.1 X116.054 Y112.305 E83.82469
G1 F754.9 X116.14 Y112.58 E83.83319
G1 F757.1 X116.363 Y112.941 E83.84568
G1 F759.2 X116.678 Y113.227 E83.85817
G1 F763.5 X117.073 Y113.417 E83.87097
G1 F765.7 X117.5 Y113.47 E83.88349
G0 F9000 X117.5 Y113.829
G1 F752.8 X117.157 Y113.789 E83.89371
G1 F748.6 X116.828 Y113.702 E83.90384
G1 F744.4 X116.422 Y113.478 E83.91772
G1 F752.8 X116.093 Y113.173 E83.931
G1 X115.84 Y112.778 E83.94489
G1 F748.6 X115.697 Y112.335 E83.95874
G1 X115.678 Y112 E83.96873
G1 F746.5 X115.7 Y111.661 E83.97887
G1 F742.4 X115.84 Y111.218 E83.99282
G1 F750.7 X116.093 Y110.823 E84.00674
G1 F752.8 X116.422 Y110.518 E84.02002
G1 F744.4 X116.827 Y110.298 E84.03382
G1 F748.6 X117.157 Y110.21 E84.04399
G1 F754.9 X117.5 Y110.168 E84.05419
G1 F759.2 X117.843 Y110.208 E84.06432
G1 F752.8 X118.208 Y110.309 E84.07553
G1 F740.3 X118.577 Y110.52 E84.08833
G1 X118.904 Y110.824 E84.10177
G1 F748.6 X119.158 Y111.22 E84.11577
G1 F752.8 X119.299 Y111.661 E84.12948
G1 X119.318 Y111.991 E84.13926
G1 X119.299 Y112.335 E84.14946
G1 X119.158 Y112.78 E84.16328
G1 F748.6 X118.904 Y113.171 E84.17716
G1 F742.4 X118.577 Y113.476 E84.19058
G1 F740.3 X118.168 Y113.702 E84.20464
G1 F752.8 X117.855 Y113.789 E84.21426
G1 F757.1 X117.5 Y113.829 E84.22478
G1 F2700 E79.22478
;MESH:rpicam_v3_standoff-Body.stl(4)
G0 F9000 X117.5 Y124.829
G1 F2700 E84.22478
G1 F752.8 X117.157 Y124.789 E84.235
G1 F748.6 X116.828 Y124.702 E84.24513
G1 F744.4 X116.422 Y124.478 E84.25901
G1 F752.8 X116.093 Y124.173 E84.27229
G1 X115.84 Y123.778 E84.28618
G1 F748.6 X115.697 Y123.335 E84.30003
G1 X115.678 Y123 E84.31002
G1 F746.5 X115.7 Y122.661 E84.32016
G1 F742.4 X115.84 Y122.218 E84.33411
G1 F750.7 X116.093 Y121.823 E84.34803
G1 F752.8 X116.422 Y121.518 E84.36131
G1 F744.4 X116.827 Y121.298 E84.37511
G1 F748.6 X117.157 Y121.21 E84.38527
G1 F754.9 X117.5 Y121.168 E84.39548
G1 F759.2 X117.843 Y121.208 E84.40561
G1 F752.8 X118.208 Y121.309 E84.41682
G1 F740.3 X118.577 Y121.52 E84.42962
G1 X118.904 Y121.824 E84.44306
G1 F748.6 X119.158 Y122.22 E84.45706
G1 F752.8 X119.299 Y122.661 E84.47077
G1 X119.318 Y122.991 E84.48055
G1 X119.299 Y123.335 E84.49075
G1 X119.158 Y123.78 E84.50457
G1 F748.6 X118.904 Y124.171 E84.51845
G1 F742.4 X118.577 Y124.476 E84.53187
G1 F740.3 X118.168 Y124.702 E84.54593
G1 F752.8 X117.855 Y124.789 E84.55555
G1 F757.1 X117.5 Y124.829 E84.56607
G0 F9000 X117.5 Y124.47
G1 F759.2 X117.52 Y124.473 E84.56666
G1 X117.788 Y124.446 E84.57457
G1 F770.1 X118.176 Y124.317 E84.5864
G1 F765.7 X118.578 Y124.01 E84.60112
G1 F757.1 X118.83 Y123.64 E84.6143
G1 X118.968 Y123.2 E84.62787
G1 X118.954 Y122.746 E84.64124
G1 X118.828 Y122.352 E84.65342
G1 F761.4 X118.574 Y121.989 E84.66638
G1 F765.7 X118.221 Y121.694 E84.67977
G1 F770.1 X117.787 Y121.554 E84.69297
G1 F761.4 X117.528 Y121.523 E84.7006
G1 F759.2 X117.072 Y121.58 E84.71409
G1 F761.4 X116.681 Y121.77 E84.72681
G1 F757.1 X116.347 Y122.076 E84.74015
G1 F761.4 X116.132 Y122.429 E84.75224
G1 X116.025 Y122.852 E84.76502
G1 F757.1 X116.054 Y123.305 E84.77838
G1 F754.9 X116.14 Y123.58 E84.78688
G1 F757.1 X116.363 Y123.941 E84.79937
G1 F759.2 X116.678 Y124.227 E84.81186
G1 F763.5 X117.073 Y124.417 E84.82465
G1 F765.7 X117.5 Y124.47 E84.83718
G1 F2700 E79.83718
;MESH:NONMESH
G0 F300 Z2.4
G0 F9000 X112.085 Y119.319
;TIME_ELAPSED:211.980544
;LAYER:11
;note -- min layer time used
;TYPE:WALL-OUTER
;MESH:rpicam_v3_standoff-Body.stl(1)
G1 F2700 E84.83718
G1 F754.9 X112 Y119.329 E84.8397
G1 F752.8 X111.657 Y119.289 E84.84992
G1 F748.6 X111.328 Y119.202 E84.86005
G1 F744.4 X110.922 Y118.978 E84.87393
G1 F752.8 X110.593 Y118.673 E84.88721
G1 X110.34 Y118.278 E84.9011
G1 F748.6 X110.197 Y117.835 E84.91496
G1 X110.178 Y117.5 E84.92495
G1 F746.5 X110.2 Y117.161 E84.93509
G1 F742.4 X110.34 Y116.718 E84.94903
G1 F750.7 X110.593 Y116.323 E84.96296
G1 F752.8 X110.922 Y116.018 E84.97624
G1 F744.4 X111.327 Y115.798 E84.99003
G1 F748.6 X111.657 Y115.71 E85.0002
G1 F754.9 X112 Y115.668 E85.0104
G1 F759.2 X112.343 Y115.708 E85.02054
G1 F752.8 X112.708 Y115.809 E85.03175
G1 F740.3 X113.077 Y116.02 E85.04454
G1 X113.404 Y116.324 E85.05798
G1 F748.6 X113.658 Y116.72 E85.07199
G1 F752.8 X113.799 Y117.161 E85.08569
G1 X113.818 Y117.491 E85.09547
G1 X113.799 Y117.835 E85.10567
G1 X113.658 Y118.28 E85.11949
G1 F748.6 X113.404 Y118.671 E85.13337
G1 F742.4 X113.077 Y118.976 E85.14679
G1 F740.3 X112.668 Y119.202 E85.16086
G1 F752.8 X112.355 Y119.289 E85.17048
G1 F761.4 X112.085 Y119.319 E85.17843
G0 F9000 X112.069 Y118.968
G1 F765.7 X112.288 Y118.946 E85.18483
G1 F770.1 X112.676 Y118.817 E85.19666
G1 F765.7 X113.078 Y118.51 E85.21138
G1 F757.1 X113.33 Y118.14 E85.22456
G1 X113.468 Y117.7 E85.23814
G1 X113.454 Y117.246 E85.25151
G1 X113.328 Y116.852 E85.26368
G1 F761.4 X113.074 Y116.489 E85.27665
G1 F765.7 X112.721 Y116.194 E85.29004
G1 F770.1 X112.287 Y116.054 E85.30323
G1 F761.4 X112.028 Y116.023 E85.31087
G1 F759.2 X111.572 Y116.08 E85.32436
G1 F761.4 X111.181 Y116.27 E85.33708
G1 F757.1 X110.847 Y116.576 E85.35041
G1 F761.4 X110.632 Y116.929 E85.36251
G1 X110.525 Y117.352 E85.37528
G1 F757.1 X110.554 Y117.805 E85.38864
G1 F754.9 X110.64 Y118.08 E85.39715
G1 F757.1 X110.863 Y118.441 E85.40964
G1 F759.2 X111.178 Y118.727 E85.42213
G1 F763.5 X111.573 Y118.917 E85.43492
G1 F757.1 X112.02 Y118.973 E85.44818
G1 X112.069 Y118.968 E85.44963
G1 F2700 E80.44963
;MESH:rpicam_v3_standoff-Body.stl
G0 F9000 X117.5 Y119.329
G1 F2700 E85.44963
G1 F752.8 X117.157 Y119.289 E85.45985
G1 F748.6 X116.828 Y119.202 E85.46998
G1 F744.4 X116.422 Y118.978 E85.48386
G1 F752.8 X116.093 Y118.673 E85.49714
G1 X115.84 Y118.278 E85.51103
G1 F748.6 X115.697 Y117.835 E85.52488
G1 X115.678 Y117.5 E85.53487
G1 F746.5 X115.7 Y117.161 E85.54501
G1 F742.4 X115.84 Y116.718 E85.55896
G1 F750.7 X116.093 Y116.323 E85.57288
G1 F752.8 X116.422 Y116.018 E85.58616
G1 F744.4 X116.827 Y115.798 E85.59996
G1 F748.6 X117.157 Y115.71 E85.61013
G1 F754.9 X117.5 Y115.668 E85.62033
G1 F759.2 X117.843 Y115.708 E85.63046
G1 F752.8 X118.208 Y115.809 E85.64167
G1 F740.3 X118.577 Y116.02 E85.65447
G1 X118.904 Y116.324 E85.66791
G1 F748.6 X119.158 Y116.72 E85.68191
G1 F752.8 X119.299 Y117.161 E85.69562
G1 X119.318 Y117.491 E85.7054
G1 X119.299 Y117.835 E85.7156
G1 X119.158 Y118.28 E85.72942
G1 F748.6 X118.904 Y118.671 E85.7433
G1 F742.4 X118.577 Y118.976 E85.75672
G1 F740.3 X118.168 Y119.202 E85.77079
G1 F752.8 X117.855 Y119.289 E85.7804
G1 F757.1 X117.5 Y119.329 E85.79092
G0 F9000 X117.5 Y118.97
G1 F759.2 X117.52 Y118.973 E85.79151
G1 X117.788 Y118.946 E85.79942
G1 F770.1 X118.176 Y118.817 E85.81125
G1 F765.7 X118.578 Y118.51 E85.82597
G1 F757.1 X118.83 Y118.14 E85.83915
G1 X118.968 Y117.7 E85.85272
G1 X118.954 Y117.246 E85.86609
G1 X118.828 Y116.852 E85.87827
G1 F761.4 X118.574 Y116.489 E85.89124
G1 F765.7 X118.221 Y116.194 E85.90462
G1 F770.1 X117.787 Y116.054 E85.91782
G1 F761.4 X117.528 Y116.023 E85.92545
G1 F759.2 X117.072 Y116.08 E85.93894
G1 F761.4 X116.681 Y116.27 E85.95167
G1 F757.1 X116.347 Y116.576 E85.965
G1 F761.4 X116.132 Y116.929 E85.9771
G1 X116.025 Y117.352 E85.98987
G1 F757.1 X116.054 Y117.805 E86.00323
G1 F754.9 X116.14 Y118.08 E86.01173
G1 F757.1 X116.363 Y118.441 E86.02422
G1 F759.2 X116.678 Y118.727 E86.03671
G1 F763.5 X117.073 Y118.917 E86.04951
G1 F765.7 X117.5 Y118.97 E86.06203
G1 F2700 E81.06203
;MESH:rpicam_v3_standoff-Body.stl(2)
G0 F9000 X122.932 Y118.962
G1 F2700 E86.06203
G1 F757.1 X123.02 Y118.973 E86.06464
G1 F759.2 X123.288 Y118.946 E86.07254
G1 F770.1 X123.676 Y118.817 E86.08438
G1 F765.7 X124.078 Y118.51 E86.0991
G1 F757.1 X124.33 Y118.14 E86.11227
G1 X124.468 Y117.7 E86.12585
G1 X124.454 Y117.246 E86.13922
G1 X124.328 Y116.852 E86.15139
G1 F761.4 X124.074 Y116.489 E86.16436
G1 F765.7 X123.721 Y116.194 E86.17775
G1 F770.1 X123.287 Y116.054 E86.19094
G1 F761.4 X123.028 Y116.023 E86.19858
G1 F759.2 X122.572 Y116.08 E86.21207
G1 F761.4 X122.181 Y116.27 E86.22479
G1 F757.1 X121.847 Y116.576 E86.23813
G1 F761.4 X121.632 Y116.929 E86.25022
G1 X121.525 Y117.352 E86.26299
G1 F757.1 X121.554 Y117.805 E86.27636
G1 F754.9 X121.64 Y118.08 E86.28486
G1 F757.1 X121.863 Y118.441 E86.29735
G1 F759.2 X122.178 Y118.727 E86.30984
G1 F763.5 X122.573 Y118.917 E86.32263
G1 F765.7 X122.932 Y118.962 E86.33316
G0 F9000 X122.915 Y119.319
G1 F754.9 X122.657 Y119.289 E86.34083
G1 F748.6 X122.328 Y119.202 E86.35096
G1 F744.4 X121.922 Y118.978 E86.36484
G1 F752.8 X121.593 Y118.673 E86.37812
G1 X121.34 Y118.278 E86.392
G1 F748.6 X121.197 Y117.835 E86.40586
G1 X121.178 Y117.5 E86.41585
G1 F746.5 X121.2 Y117.161 E86.42599
G1 F742.4 X121.34 Y116.718 E86.43994
G1 F750.7 X121.593 Y116.323 E86.45386
G1 F752.8 X121.922 Y116.018 E86.46714
G1 F744.4 X122.327 Y115.798 E86.48094
G1 F748.6 X122.657 Y115.71 E86.4911
G1 F754.9 X123 Y115.668 E86.5013
G1 F759.2 X123.343 Y115.708 E86.51144
G1 F752.8 X123.708 Y115.809 E86.52265
G1 F740.3 X124.077 Y116.02 E86.53545
G1 X124.404 Y116.324 E86.54888
G1 F748.6 X124.658 Y116.72 E86.56289
G1 F752.8 X124.799 Y117.161 E86.57659
G1 X124.818 Y117.491 E86.58638
G1 X124.799 Y117.835 E86.59658
G1 X124.658 Y118.28 E86.6104
G1 F748.6 X124.404 Y118.671 E86.62428
G1 F742.4 X124.077 Y118.976 E86.6377
G1 F740.3 X123.668 Y119.202 E86.65176
G1 F752.8 X123.355 Y119.289 E86.66138
G1 F757.1 X123 Y119.329 E86.6719
G1 F752.8 X122.915 Y119.319 E86.67443
G1 F2700 E81.67443
;MESH:rpicam_v3_standoff-Body.stl(3)
G0 F9000 X122.5 Y120.119
G0 X121.865 Y119.913
G0 X121.3 Y119.553
G0 X120.844 Y119.068
G0 X120.52 Y118.48
G0 X119.98 Y116.52
G0 X119.656 Y115.932
G0 X119.2 Y115.447
G0 X118.88 Y115.243
G0 X117.667 Y114.66
G0 X117.5 Y113.47
G1 F2700 E86.67443
G1 F759.2 X117.52 Y113.473 E86.67502
G1 X117.788 Y113.446 E86.68293
G1 F770.1 X118.176 Y113.317 E86.69476
G1 F765.7 X118.578 Y113.01 E86.70948
G1 F757.1 X118.83 Y112.64 E86.72266
G1 X118.968 Y112.2 E86.73623
G1 X118.954 Y111.746 E86.7496
G1 X118.828 Y111.352 E86.76178
G1 F761.4 X118.574 Y110.989 E86.77475
G1 F765.7 X118.221 Y110.694 E86.78813
G1 F770.1 X117.787 Y110.554 E86.80133
G1 F761.4 X117.528 Y110.523 E86.80896
G1 F759.2 X117.072 Y110.58 E86.82245
G1 F761.4 X116.681 Y110.77 E86.83518
G1 F757.1 X116.347 Y111.076 E86.84851
G1 F761.4 X116.132 Y111.429 E86.86061
G1 X116.025 Y111.852 E86.87338
G1 F757.1 X116.054 Y112.305 E86.88674
G1 F754.9 X116.14 Y112.58 E86.89524
G1 F757.1 X116.363 Y112.941 E86.90773
G1 F759.2 X116.678 Y113.227 E86.92022
G1 F763.5 X117.073 Y113.417 E86.93302
G1 F765.7 X117.5 Y113.47 E86.94554
G0 F9000 X117.5 Y113.829
G1 F752.8 X117.157 Y113.789 E86.95576
G1 F748.6 X116.828 Y113.702 E86.96589
G1 F744.4 X116.422 Y113.478 E86.97977
G1 F752.8 X116.093 Y113.173 E86.99305
G1 X115.84 Y112.778 E87.00694
G1 F748.6 X115.697 Y112.335 E87.02079
G1 X115.678 Y112 E87.03078
G1 F746.5 X115.7 Y111.661 E87.04092
G1 F742.4 X115.84 Y111.218 E87.05487
G1 F750.7 X116.093 Y110.823 E87.06879
G1 F752.8 X116.422 Y110.518 E87.08207
G1 F744.4 X116.827 Y110.298 E87.09587
G1 F748.6 X117.157 Y110.21 E87.10604
G1 F754.9 X117.5 Y110.168 E87.11624
G1 F759.2 X117.843 Y110.208 E87.12637
G1 F752.8 X118.208 Y110.309 E87.13758
G1 F740.3 X118.577 Y110.52 E87.15038
G1 X118.904 Y110.824 E87.16382
G1 F748.6 X119.158 Y111.22 E87.17782
G1 F752.8 X119.299 Y111.661 E87.19153
G1 X119.318 Y111.991 E87.20131
G1 X119.299 Y112.335 E87.21151
G1 X119.158 Y112.78 E87.22533
G1 F748.6 X118.904 Y113.171 E87.23921
G1 F742.4 X118.577 Y113.476 E87.25263
G1 F740.3 X118.168 Y113.702 E87.2667
G1 F752.8 X117.855 Y113.789 E87.27631
G1 F757.1 X117.5 Y113.829 E87.28683
G1 F2700 E82.28683
;MESH:rpicam_v3_standoff-Body.stl(4)
G0 F9000 X117.5 Y124.829
G1 F2700 E87.28683
G1 F752.8 X117.157 Y124.789 E87.29705
G1 F748.6 X116.828 Y124.702 E87.30718
G1 F744.4 X116.422 Y124.478 E87.32106
G1 F752.8 X116.093 Y124.173 E87.33434
G1 X115.84 Y123.778 E87.34823
G1 F748.6 X115.697 Y123.335 E87.36208
G1 X115.678 Y123 E87.37207
G1 F746.5 X115.7 Y122.661 E87.38221
G1 F742.4 X115.84 Y122.218 E87.39616
G1 F750.7 X116.093 Y121.823 E87.41008
G1 F752.8 X116.422 Y121.518 E87.42336
G1 F744.4 X116.827 Y121.298 E87.43716
G1 F748.6 X117.157 Y121.21 E87.44733
G1 F754.9 X117.5 Y121.168 E87.45753
G1 F759.2 X117.843 Y121.208 E87.46766
G1 F752.8 X118.208 Y121.309 E87.47887
G1 F740.3 X118.577 Y121.52 E87.49167
G1 X118.904 Y121.824 E87.50511
G1 F748.6 X119.158 Y122.22 E87.51911
G1 F752.8 X119.299 Y122.661 E87.53282
G1 X119.318 Y122.991 E87.5426
G1 X119.299 Y123.335 E87.5528
G1 X119.158 Y123.78 E87.56662
G1 F748.6 X118.904 Y124.171 E87.5805
G1 F742.4 X118.577 Y124.476 E87.59392
G1 F740.3 X118.168 Y124.702 E87.60798
G1 F752.8 X117.855 Y124.789 E87.6176
G1 F757.1 X117.5 Y124.829 E87.62812
G0 F9000 X117.5 Y124.47
G1 F759.2 X117.52 Y124.473 E87.62871
G1 X117.788 Y124.446 E87.63662
G1 F770.1 X118.176 Y124.317 E87.64845
G1 F765.7 X118.578 Y124.01 E87.66317
G1 F757.1 X118.83 Y123.64 E87.67635
G1 X118.968 Y123.2 E87.68992
G1 X118.954 Y122.746 E87.70329
G1 X118.828 Y122.352 E87.71547
G1 F761.4 X118.574 Y121.989 E87.72843
G1 F765.7 X118.221 Y121.694 E87.74182
G1 F770.1 X117.787 Y121.554 E87.75502
G1 F761.4 X117.528 Y121.523 E87.76265
G1 F759.2 X117.072 Y121.58 E87.77614
G1 F761.4 X116.681 Y121.77 E87.78886
G1 F757.1 X116.347 Y122.076 E87.8022
G1 F761.4 X116.132 Y122.429 E87.8143
G1 X116.025 Y122.852 E87.82707
G1 F757.1 X116.054 Y123.305 E87.84043
G1 F754.9 X116.14 Y123.58 E87.84893
G1 F757.1 X116.363 Y123.941 E87.86142
G1 F759.2 X116.678 Y124.227 E87.87391
G1 F763.5 X117.073 Y124.417 E87.8867
G1 F765.7 X117.5 Y124.47 E87.89923
G1 F2700 E82.89923
;MESH:NONMESH
G0 F300 Z2.6
G0 F9000 X112.085 Y119.319
;TIME_ELAPSED:223.700737
;LAYER:12
;note -- min layer time used
;TYPE:WALL-OUTER
;MESH:rpicam_v3_standoff-Body.stl(1)
G1 F2700 E87.89923
G1 F754.9 X112 Y119.329 E87.90175
G1 F752.8 X111.657 Y119.289 E87.91197
G1 F748.6 X111.328 Y119.202 E87.9221
G1 F744.4 X110.922 Y118.978 E87.93598
G1 F752.8 X110.593 Y118.673 E87.94926
G1 X110.34 Y118.278 E87.96315
G1 F748.6 X110.197 Y117.835 E87.97701
G1 X110.178 Y117.5 E87.987
G1 F746.5 X110.2 Y117.161 E87.99714
G1 F742.4 X110.34 Y116.718 E88.01108
G1 F750.7 X110.593 Y116.323 E88.02501
G1 F752.8 X110.922 Y116.018 E88.03829
G1 F744.4 X111.327 Y115.798 E88.05208
G1 F748.6 X111.657 Y115.71 E88.06225
G1 F754.9 X112 Y115.668 E88.07245
G1 F759.2 X112.343 Y115.708 E88.08259
G1 F752.8 X112.708 Y115.809 E88.0938
G1 F740.3 X113.077 Y116.02 E88.10659
G1 X113.404 Y116.324 E88.12003
G1 F748.6 X113.658 Y116.72 E88.13404
G1 F752.8 X113.799 Y117.161 E88.14774
G1 X113.818 Y117.491 E88.15753
G1 X113.799 Y117.835 E88.16772
G1 X113.658 Y118.28 E88.18154
G1 F748.6 X113.404 Y118.671 E88.19542
G1 F742.4 X113.077 Y118.976 E88.20884
G1 F740.3 X112.668 Y119.202 E88.22291
G1 F752.8 X112.355 Y119.289 E88.23253
G1 F761.4 X112.085 Y119.319 E88.24048
G0 F9000 X112.069 Y118.968
G1 F765.7 X112.288 Y118.946 E88.24688
G1 F770.1 X112.676 Y118.817 E88.25871
G1 F765.7 X113.078 Y118.51 E88.27344
G1 F757.1 X113.33 Y118.14 E88.28661
G1 X113.468 Y117.7 E88.30019
G1 X113.454 Y117.246 E88.31356
G1 X113.328 Y116.852 E88.32573
G1 F761.4 X113.074 Y116.489 E88.3387
G1 F765.7 X112.721 Y116.194 E88.35209
G1 F770.1 X112.287 Y116.054 E88.36528
G1 F761.4 X112.028 Y116.023 E88.37292
G1 F759.2 X111.572 Y116.08 E88.38641
G1 F761.4 X111.181 Y116.27 E88.39913
G1 F757.1 X110.847 Y116.576 E88.41246
G1 F761.4 X110.632 Y116.929 E88.42456
G1 X110.525 Y117.352 E88.43733
G1 F757.1 X110.554 Y117.805 E88.45069
G1 F754.9 X110.64 Y118.08 E88.4592
G1 F757.1 X110.863 Y118.441 E88.47169
G1 F759.2 X111.178 Y118.727 E88.48418
G1 F763.5 X111.573 Y118.917 E88.49697
G1 F757.1 X112.02 Y118.973 E88.51023
G1 X112.069 Y118.968 E88.51168
G1 F2700 E83.51168
;MESH:rpicam_v3_standoff-Body.stl
G0 F9000 X117.5 Y119.329
G1 F2700 E88.51168
G1 F752.8 X117.157 Y119.289 E88.5219
G1 F748.6 X116.828 Y119.202 E88.53203
G1 F744.4 X116.422 Y118.978 E88.54591
G1 F752.8 X116.093 Y118.673 E88.55919
G1 X115.84 Y118.278 E88.57308
G1 F748.6 X115.697 Y117.835 E88.58694
G1 X115.678 Y117.5 E88.59692
G1 F746.5 X115.7 Y117.161 E88.60706
G1 F742.4 X115.84 Y116.718 E88.62101
G1 F750.7 X116.093 Y116.323 E88.63493
G1 F752.8 X116.422 Y116.018 E88.64821
G1 F744.4 X116.827 Y115.798 E88.66201
G1 F748.6 X117.157 Y115.71 E88.67218
G1 F754.9 X117.5 Y115.668 E88.68238
G1 F759.2 X117.843 Y115.708 E88.69251
G1 F752.8 X118.208 Y115.809 E88.70372
G1 F740.3 X118.577 Y116.02 E88.71652
G1 X118.904 Y116.324 E88.72996
G1 F748.6 X119.158 Y116.72 E88.74396
G1 F752.8 X119.299 Y117.161 E88.75767
G1 X119.318 Y117.491 E88.76745
G1 X119.299 Y117.835 E88.77765
G1 X119.158 Y118.28 E88.79147
G1 F748.6 X118.904 Y118.671 E88.80535
G1 F742.4 X118.577 Y118.976 E88.81877
G1 F740.3 X118.168 Y119.202 E88.83284
G1 F752.8 X117.855 Y119.289 E88.84245
G1 F757.1 X117.5 Y119.329 E88.85297
G0 F9000 X117.5 Y118.97
G1 F759.2 X117.52 Y118.973 E88.85356
G1 X117.788 Y118.946 E88.86147
G1 F770.1 X118.176 Y118.817 E88.8733
G1 F765.7 X118.578 Y118.51 E88.88802
G1 F757.1 X118.83 Y118.14 E88.9012
G1 X118.968 Y117.7 E88.91477
G1 X118.954 Y117.246 E88.92814
G1 X118.828 Y116.852 E88.94032
G1 F761.4 X118.574 Y116.489 E88.95329
G1 F765.7 X118.221 Y116.194 E88.96667
G1 F770.1 X117.787 Y116.054 E88.97987
G1 F761.4 X117.528 Y116.023 E88.9875
G1 F759.2 X117.072 Y116.08 E89.00099
G1 F761.4 X116.681 Y116.27 E89.01372
G1 F757.1 X116.347 Y116.576 E89.02705
G1 F761.4 X116.132 Y116.929 E89.03915
G1 X116.025 Y117.352 E89.05192
G1 F757.1 X116.054 Y117.805 E89.06528
G1 F754.9 X116.14 Y118.08 E89.07379
G1 F757.1 X116.363 Y118.441 E89.08628
G1 F759.2 X116.678 Y118.727 E89.09876
G1 F763.5 X117.073 Y118.917 E89.11156
G1 F765.7 X117.5 Y118.97 E89.12408
G1 F2700 E84.12408
;MESH:rpicam_v3_standoff-Body.stl(2)
G0 F9000 X122.932 Y118.962
G1 F2700 E89.12408
G1 F757.1 X123.02 Y118.973 E89.12669
G1 F759.2 X123.288 Y118.946 E89.13459
G1 F770.1 X123.676 Y118.817 E89.14643
G1 F765.7 X124.078 Y118.51 E89.16115
G1 F757.1 X124.33 Y118.14 E89.17432
G1 X124.468 Y117.7 E89.1879
G1 X124.454 Y117.246 E89.20127
G1 X124.328 Y116.852 E89.21344
G1 F761.4 X124.074 Y116.489 E89.22641
G1 F765.7 X123.721 Y116.194 E89.2398
G1 F770.1 X123.287 Y116.054 E89.253
G1 F761.4 X123.028 Y116.023 E89.26063
G1 F759.2 X122.572 Y116.08 E89.27412
G1 F761.4 X122.181 Y116.27 E89.28684
G1 F757.1 X121.847 Y116.576 E89.30018
G1 F761.4 X121.632 Y116.929 E89.31227
G1 X121.525 Y117.352 E89.32504
G1 F757.1 X121.554 Y117.805 E89.33841
G1 F754.9 X121.64 Y118.08 E89.34691
G1 F757.1 X121.863 Y118.441 E89.3594
G1 F759.2 X122.178 Y118.727 E89.37189
G1 F763.5 X122.573 Y118.917 E89.38468
G1 F765.7 X122.932 Y118.962 E89.39521
G0 F9000 X122.915 Y119.319
G1 F754.9 X122.657 Y119.289 E89.40288
G1 F748.6 X122.328 Y119.202 E89.41301
G1 F744.4 X121.922 Y118.978 E89.42689
G1 F752.8 X121.593 Y118.673 E89.44017
G1 X121.34 Y118.278 E89.45405
G1 F748.6 X121.197 Y117.835 E89.46791
G1 X121.178 Y117.5 E89.4779
G1 F746.5 X121.2 Y117.161 E89.48804
G1 F742.4 X121.34 Y116.718 E89.50199
G1 F750.7 X121.593 Y116.323 E89.51591
G1 F752.8 X121.922 Y116.018 E89.52919
G1 F744.4 X122.327 Y115.798 E89.54299
G1 F748.6 X122.657 Y115.71 E89.55315
G1 F754.9 X123 Y115.668 E89.56335
G1 F759.2 X123.343 Y115.708 E89.57349
G1 F752.8 X123.708 Y115.809 E89.5847
G1 F740.3 X124.077 Y116.02 E89.5975
G1 X124.404 Y116.324 E89.61094
G1 F748.6 X124.658 Y116.72 E89.62494
G1 F752.8 X124.799 Y117.161 E89.63864
G1 X124.818 Y117.491 E89.64843
G1 X124.799 Y117.835 E89.65863
G1 X124.658 Y118.28 E89.67245
G1 F748.6 X124.404 Y118.671 E89.68633
G1 F742.4 X124.077 Y118.976 E89.69975
G1 F740.3 X123.668 Y119.202 E89.71381
G1 F752.8 X123.355 Y119.289 E89.72343
G1 F757.1 X123 Y119.329 E89.73395
G1 F752.8 X122.915 Y119.319 E89.73648
G1 F2700 E84.73648
;MESH:rpicam_v3_standoff-Body.stl(3)
G0 F9000 X122.5 Y120.119
G0 X121.865 Y119.913
G0 X121.3 Y119.553
G0 X120.844 Y119.068
G0 X120.52 Y118.48
G0 X119.98 Y116.52
G0 X119.656 Y115.932
G0 X119.2 Y115.447
G0 X118.88 Y115.243
G0 X117.667 Y114.66
G0 X117.5 Y113.47
G1 F2700 E89.73648
G1 F759.2 X117.52 Y113.473 E89.73707
G1 X117.788 Y113.446 E89.74498
G1 F770.1 X118.176 Y113.317 E89.75681
G1 F765.7 X118.578 Y113.01 E89.77153
G1 F757.1 X118.83 Y112.64 E89.78471
G1 X118.968 Y112.2 E89.79828
G1 X118.954 Y111.746 E89.81165
G1 X118.828 Y111.352 E89.82383
G1 F761.4 X118.574 Y110.989 E89.8368
G1 F765.7 X118.221 Y110.694 E89.85018
G1 F770.1 X117.787 Y110.554 E89.86338
G1 F761.4 X117.528 Y110.523 E89.87101
G1 F759.2 X117.072 Y110.58 E89.8845
G1 F761.4 X116.681 Y110.77 E89.89723
G1 F757.1 X116.347 Y111.076 E89.91056
G1 F761.4 X116.132 Y111.429 E89.92266
G1 X116.025 Y111.852 E89.93543
G1 F757.1 X116.054 Y112.305 E89.94879
G1 F754.9 X116.14 Y112.58 E89.9573
G1 F757.1 X116.363 Y112.941 E89.96979
G1 F759.2 X116.678 Y113.227 E89.98227
G1 F763.5 X117.073 Y113.417 E89.99507
G1 F765.7 X117.5 Y113.47 E90.00759
G0 F9000 X117.5 Y113.829
G1 F752.8 X117.157 Y113.789 E90.01781
G1 F748.6 X116.828 Y113.702 E90.02794
G1 F744.4 X116.422 Y113.478 E90.04182
G1 F752.8 X116.093 Y113.173 E90.0551
G1 X115.84 Y112.778 E90.06899
G1 F748.6 X115.697 Y112.335 E90.08284
G1 X115.678 Y112 E90.09283
G1 F746.5 X115.7 Y111.661 E90.10297
G1 F742.4 X115.84 Y111.218 E90.11692
G1 F750.7 X116.093 Y110.823 E90.13084
G1 F752.8 X116.422 Y110.518 E90.14412
G1 F744.4 X116.827 Y110.298 E90.15792
G1 F748.6 X117.157 Y110.21 E90.16809
G1 F754.9 X117.5 Y110.168 E90.17829
G1 F759.2 X117.843 Y110.208 E90.18842
G1 F752.8 X118.208 Y110.309 E90.19963
G1 F740.3 X118.577 Y110.52 E90.21243
G1 X118.904 Y110.824 E90.22587
G1 F748.6 X119.158 Y111.22 E90.23987
G1 F752.8 X119.299 Y111.661 E90.25358
G1 X119.318 Y111.991 E90.26336
G1 X119.299 Y112.335 E90.27356
G1 X119.158 Y112.78 E90.28738
G1 F748.6 X118.904 Y113.171 E90.30126
G1 F742.4 X118.577 Y113.476 E90.31468
G1 F740.3 X118.168 Y113.702 E90.32875
G1 F752.8 X117.855 Y113.789 E90.33836
G1 F757.1 X117.5 Y113.829 E90.34888
G1 F2700 E85.34888
;MESH:rpicam_v3_standoff-Body.stl(4)
G0 F9000 X117.5 Y124.829
G1 F2700 E90.34888
G1 F752.8 X117.157 Y124.789 E90.3591
G1 F748.6 X116.828 Y124.702 E90.36923
G1 F744.4 X116.422 Y124.478 E90.38311
G1 F752.8 X116.093 Y124.173 E90.39639
G1 X115.84 Y123.778 E90.41028
G1 F748.6 X115.697 Y123.335 E90.42413
G1 X115.678 Y123 E90.43412
G1 F746.5 X115.7 Y122.661 E90.44426
G1 F742.4 X115.84 Y122.218 E90.45821
G1 F750.7 X116.093 Y121.823 E90.47213
G1 F752.8 X116.422 Y121.518 E90.48541
G1 F744.4 X116.827 Y121.298 E90.49921
G1 F748.6 X117.157 Y121.21 E90.50938
G1 F754.9 X117.5 Y121.168 E90.51958
G1 F759.2 X117.843 Y121.208 E90.52971
G1 F752.8 X118.208 Y121.309 E90.54092
G1 F740.3 X118.577 Y121.52 E90.55372
G1 X118.904 Y121.824 E90.56716
G1 F748.6 X119.158 Y122.22 E90.58116
G1 F752.8 X119.299 Y122.661 E90.59487
G1 X119.318 Y122.991 E90.60465
G1 X119.299 Y123.335 E90.61485
G1 X119.158 Y123.78 E90.62867
G1 F748.6 X118.904 Y124.171 E90.64255
G1 F742.4 X118.577 Y124.476 E90.65597
G1 F740.3 X118.168 Y124.702 E90.67004
G1 F752.8 X117.855 Y124.789 E90.67965
G1 F757.1 X117.5 Y124.829 E90.69017
G0 F9000 X117.5 Y124.47
G1 F759.2 X117.52 Y124.473 E90.69076
G1 X117.788 Y124.446 E90.69867
G1 F770.1 X118.176 Y124.317 E90.7105
G1 F765.7 X118.578 Y124.01 E90.72522
G1 F757.1 X118.83 Y123.64 E90.7384
G1 X118.968 Y123.2 E90.75197
G1 X118.954 Y122.746 E90.76534
G1 X118.828 Y122.352 E90.77752
G1 F761.4 X118.574 Y121.989 E90.79048
G1 F765.7 X118.221 Y121.694 E90.80387
G1 F770.1 X117.787 Y121.554 E90.81707
G1 F761.4 X117.528 Y121.523 E90.8247
G1 F759.2 X117.072 Y121.58 E90.83819
G1 F761.4 X116.681 Y121.77 E90.85091
G1 F757.1 X116.347 Y122.076 E90.86425
G1 F761.4 X116.132 Y122.429 E90.87635
G1 X116.025 Y122.852 E90.88912
G1 F757.1 X116.054 Y123.305 E90.90248
G1 F754.9 X116.14 Y123.58 E90.91098
G1 F757.1 X116.363 Y123.941 E90.92347
G1 F759.2 X116.678 Y124.227 E90.93596
G1 F763.5 X117.073 Y124.417 E90.94875
G1 F765.7 X117.5 Y124.47 E90.96128
G1 F2700 E85.96128
;MESH:NONMESH
G0 F300 Z2.8
G0 F9000 X112.085 Y119.319
;TIME_ELAPSED:235.420930
;LAYER:13
;note -- min layer time used
;TYPE:WALL-OUTER
;MESH:rpicam_v3_standoff-Body.stl(1)
G1 F2700 E90.96128
G1 F754.9 X112 Y119.329 E90.9638
G1 F752.8 X111.657 Y119.289 E90.97402
G1 F748.6 X111.328 Y119.202 E90.98415
G1 F744.4 X110.922 Y118.978 E90.99804
G1 F752.8 X110.593 Y118.673 E91.01132
G1 X110.34 Y118.278 E91.0252
G1 F748.6 X110.197 Y117.835 E91.03906
G1 X110.178 Y117.5 E91.04905
G1 F746.5 X110.2 Y117.161 E91.05919
G1 F742.4 X110.34 Y116.718 E91.07313
G1 F750.7 X110.593 Y116.323 E91.08706
G1 F752.8 X110.922 Y116.018 E91.10034
G1 F744.4 X111.327 Y115.798 E91.11413
G1 F748.6 X111.657 Y115.71 E91.1243
G1 F754.9 X112 Y115.668 E91.1345
G1 F759.2 X112.343 Y115.708 E91.14464
G1 F752.8 X112.708 Y115.809 E91.15585
G1 F740.3 X113.077 Y116.02 E91.16864
G1 X113.404 Y116.324 E91.18208
G1 F748.6 X113.658 Y116.72 E91.19609
G1 F752.8 X113.799 Y117.161 E91.20979
G1 X113.818 Y117.491 E91.21958
G1 X113.799 Y117.835 E91.22977
G1 X113.658 Y118.28 E91.24359
G1 F748.6 X113.404 Y118.671 E91.25747
G1 F742.4 X113.077 Y118.976 E91.27089
G1 F740.3 X112.668 Y119.202 E91.28496
G1 F752.8 X112.355 Y119.289 E91.29458
G1 F761.4 X112.085 Y119.319 E91.30253
G0 F9000 X112.069 Y118.968
G1 F765.7 X112.288 Y118.946 E91.30893
G1 F770.1 X112.676 Y118.817 E91.32076
G1 F765.7 X113.078 Y118.51 E91.33549
G1 F757.1 X113.33 Y118.14 E91.34866
G1 X113.468 Y117.7 E91.36224
G1 X113.454 Y117.246 E91.37561
G1 X113.328 Y116.852 E91.38778
G1 F761.4 X113.074 Y116.489 E91.40075
G1 F765.7 X112.721 Y116.194 E91.41414
G1 F770.1 X112.287 Y116.054 E91.42733
G1 F761.4 X112.028 Y116.023 E91.43497
G1 F759.2 X111.572 Y116.08 E91.44846
G1 F761.4 X111.181 Y116.27 E91.46118
G1 F757.1 X110.847 Y116.576 E91.47451
G1 F761.4 X110.632 Y116.929 E91.48661
G1 X110.525 Y117.352 E91.49938
G1 F757.1 X110.554 Y117.805 E91.51274
G1 F754.9 X110.64 Y118.08 E91.52125
G1 F757.1 X110.863 Y118.441 E91.53374
G1 F759.2 X111.178 Y118.727 E91.54623
G1 F763.5 X111.573 Y118.917 E91.55902
G1 F757.1 X112.02 Y118.973 E91.57228
G1 X112.069 Y118.968 E91.57373
G1 F2700 E86.57373
;MESH:rpicam_v3_standoff-Body.stl
G0 F9000 X117.5 Y119.329
G1 F2700 E91.57373
G1 F752.8 X117.157 Y119.289 E91.58395
G1 F748.6 X116.828 Y119.202 E91.59408
G1 F744.4 X116.422 Y118.978 E91.60796
G1 F752.8 X116.093 Y118.673 E91.62124
G1 X115.84 Y118.278 E91.63513
G1 F748.6 X115.697 Y117.835 E91.64899
G1 X115.678 Y117.5 E91.65897
G1 F746.5 X115.7 Y117.161 E91.66911
G1 F742.4 X115.84 Y116.718 E91.68306
G1 F750.7 X116.093 Y116.323 E91.69698
G1 F752.8 X116.422 Y116.018 E91.71027
G1 F744.4 X116.827 Y115.798 E91.72406
G1 F748.6 X117.157 Y115.71 E91.73423
G1 F754.9 X117.5 Y115.668 E91.74443
G1 F759.2 X117.843 Y115.708 E91.75456
G1 F752.8 X118.208 Y115.809 E91.76578
G1 F740.3 X118.577 Y116.02 E91.77857
G1 X118.904 Y116.324 E91.79201
G1 F748.6 X119.158 Y116.72 E91.80601
G1 F752.8 X119.299 Y117.161 E91.81972
G1 X119.318 Y117.491 E91.8295
G1 X119.299 Y117.835 E91.8397
G1 X119.158 Y118.28 E91.85352
G1 F748.6 X118.904 Y118.671 E91.8674
G1 F742.4 X118.577 Y118.976 E91.88082
G1 F740.3 X118.168 Y119.202 E91.89489
G1 F752.8 X117.855 Y119.289 E91.9045
G1 F757.1 X117.5 Y119.329 E91.91502
G0 F9000 X117.5 Y118.97
G1 F759.2 X117.52 Y118.973 E91.91561
G1 X117.788 Y118.946 E91.92352
G1 F770.1 X118.176 Y118.817 E91.93535
G1 F765.7 X118.578 Y118.51 E91.95007
G1 F757.1 X118.83 Y118.14 E91.96325
G1 X118.968 Y117.7 E91.97682
G1 X118.954 Y117.246 E91.99019
G1 X118.828 Y116.852 E92.00237
G1 F761.4 X118.574 Y116.489 E92.01534
G1 F765.7 X118.221 Y116.194 E92.02872
G1 F770.1 X117.787 Y116.054 E92.04192
G1 F761.4 X117.528 Y116.023 E92.04955
G1 F759.2 X117.072 Y116.08 E92.06304
G1 F761.4 X116.681 Y116.27 E92.07577
G1 F757.1 X116.347 Y116.576 E92.0891
G1 F761.4 X116.132 Y116.929 E92.1012
G1 X116.025 Y117.352 E92.11397
G1 F757.1 X116.054 Y117.805 E92.12733
G1 F754.9 X116.14 Y118.08 E92.13584
G1 F757.1 X116.363 Y118.441 E92.14833
G1 F759.2 X116.678 Y118.727 E92.16081
G1 F763.5 X117.073 Y118.917 E92.17361
G1 F765.7 X117.5 Y118.97 E92.18613
G1 F2700 E87.18613
;MESH:rpicam_v3_standoff-Body.stl(2)
G0 F9000 X122.932 Y118.962
G1 F2700 E92.18613
G1 F757.1 X123.02 Y118.973 E92.18874
G1 F759.2 X123.288 Y118.946 E92.19665
G1 F770.1 X123.676 Y118.817 E92.20848
G1 F765.7 X124.078 Y118.51 E92.2232
G1 F757.1 X124.33 Y118.14 E92.23637
G1 X124.468 Y117.7 E92.24995
G1 X124.454 Y117.246 E92.26332
G1 X124.328 Y116.852 E92.27549
G1 F761.4 X124.074 Y116.489 E92.28846
G1 F765.7 X123.721 Y116.194 E92.30185
G1 F770.1 X123.287 Y116.054 E92.31505
G1 F761.4 X123.028 Y116.023 E92.32268
G1 F759.2 X122.572 Y116.08 E92.33617
G1 F761.4 X122.181 Y116.27 E92.34889
G1 F757.1 X121.847 Y116.576 E92.36223
G1 F761.4 X121.632 Y116.929 E92.37432
G1 X121.525 Y117.352 E92.38709
G1 F757.1 X121.554 Y117.805 E92.40046
G1 F754.9 X121.64 Y118.08 E92.40896
G1 F757.1 X121.863 Y118.441 E92.42145
G1 F759.2 X122.178 Y118.727 E92.43394
G1 F763.5 X122.573 Y118.917 E92.44673
G1 F765.7 X122.932 Y118.962 E92.45726
G0 F9000 X122.915 Y119.319
G1 F754.9 X122.657 Y119.289 E92.46493
G1 F748.6 X122.328 Y119.202 E92.47506
G1 F744.4 X121.922 Y118.978 E92.48894
G1 F752.8 X121.593 Y118.673 E92.50222
G1 X121.34 Y118.278 E92.5161
G1 F748.6 X121.197 Y117.835 E92.52996
G1 X121.178 Y117.5 E92.53995
G1 F746.5 X121.2 Y117.161 E92.55009
G1 F742.4 X121.34 Y116.718 E92.56404
G1 F750.7 X121.593 Y116.323 E92.57796
G1 F752.8 X121.922 Y116.018 E92.59124
G1 F744.4 X122.327 Y115.798 E92.60504
G1 F748.6 X122.657 Y115.71 E92.6152
G1 F754.9 X123 Y115.668 E92.62541
G1 F759.2 X123.343 Y115.708 E92.63554
G1 F752.8 X123.708 Y115.809 E92.64675
G1 F740.3 X124.077 Y116.02 E92.65955
G1 X124.404 Y116.324 E92.67299
G1 F748.6 X124.658 Y116.72 E92.68699
G1 F752.8 X124.799 Y117.161 E92.7007
G1 X124.818 Y117.491 E92.71048
G1 X124.799 Y117.835 E92.72068
G1 X124.658 Y118.28 E92.7345
G1 F748.6 X124.404 Y118.671 E92.74838
G1 F742.4 X124.077 Y118.976 E92.7618
G1 F740.3 X123.668 Y119.202 E92.77586
G1 F752.8 X123.355 Y119.289 E92.78548
G1 F757.1 X123 Y119.329 E92.796
G1 F752.8 X122.915 Y119.319 E92.79853
G1 F2700 E87.79853
;MESH:rpicam_v3_standoff-Body.stl(3)
G0 F9000 X122.5 Y120.119
G0 X121.865 Y119.913
G0 X121.3 Y119.553
G0 X120.844 Y119.068
G0 X120.52 Y118.48
G0 X119.98 Y116.52
G0 X119.656 Y115.932
G0 X119.2 Y115.447
G0 X118.88 Y115.243
G0 X117.667 Y114.66
G0 X117.5 Y113.47
G1 F2700 E92.79853
G1 F759.2 X117.52 Y113.473 E92.79912
G1 X117.788 Y113.446 E92.80703
G1 F770.1 X118.176 Y113.317 E92.81886
G1 F765.7 X118.578 Y113.01 E92.83358
G1 F757.1 X118.83 Y112.64 E92.84676
G1 X118.968 Y112.2 E92.86033
G1 X118.954 Y111.746 E92.8737
G1 X118.828 Y111.352 E92.88588
G1 F761.4 X118.574 Y110.989 E92.89885
G1 F765.7 X118.221 Y110.694 E92.91223
G1 F770.1 X117.787 Y110.554 E92.92543
G1 F761.4 X117.528 Y110.523 E92.93306
G1 F759.2 X117.072 Y110.58 E92.94655
G1 F761.4 X116.681 Y110.77 E92.95928
G1 F757.1 X116.347 Y111.076 E92.97261
G1 F761.4 X116.132 Y111.429 E92.98471
G1 X116.025 Y111.852 E92.99748
G1 F757.1 X116.054 Y112.305 E93.01084
G1 F754.9 X116.14 Y112.58 E93.01935
G1 F757.1 X116.363 Y112.941 E93.03184
G1 F759.2 X116.678 Y113.227 E93.04432
G1 F763.5 X117.073 Y113.417 E93.05712
G1 F765.7 X117.5 Y113.47 E93.06964
G0 F9000 X117.5 Y113.829
G1 F752.8 X117.157 Y113.789 E93.07986
G1 F748.6 X116.828 Y113.702 E93.08999
G1 F744.4 X116.422 Y113.478 E93.10387
G1 F752.8 X116.093 Y113.173 E93.11715
G1 X115.84 Y112.778 E93.13104
G1 F748.6 X115.697 Y112.335 E93.14489
G1 X115.678 Y112 E93.15488
G1 F746.5 X115.7 Y111.661 E93.16502
G1 F742.4 X115.84 Y111.218 E93.17897
G1 F750.7 X116.093 Y110.823 E93.19289
G1 F752.8 X116.422 Y110.518 E93.20617
G1 F744.4 X116.827 Y110.298 E93.21997
G1 F748.6 X117.157 Y110.21 E93.23014
G1 F754.9 X117.5 Y110.168 E93.24034
G1 F759.2 X117.843 Y110.208 E93.25047
G1 F752.8 X118.208 Y110.309 E93.26168
G1 F740.3 X118.577 Y110.52 E93.27448
G1 X118.904 Y110.824 E93.28792
G1 F748.6 X119.158 Y111.22 E93.30192
G1 F752.8 X119.299 Y111.661 E93.31563
G1 X119.318 Y111.991 E93.32541
G1 X119.299 Y112.335 E93.33561
G1 X119.158 Y112.78 E93.34943
G1 F748.6 X118.904 Y113.171 E93.36331
G1 F742.4 X118.577 Y113.476 E93.37673
G1 F740.3 X118.168 Y113.702 E93.3908
G1 F752.8 X117.855 Y113.789 E93.40041
G1 F757.1 X117.5 Y113.829 E93.41093
G1 F2700 E88.41093
;MESH:rpicam_v3_standoff-Body.stl(4)
G0 F9000 X117.5 Y124.829
G1 F2700 E93.41093
G1 F752.8 X117.157 Y124.789 E93.42115
G1 F748.6 X116.828 Y124.702 E93.43128
G1 F744.4 X116.422 Y124.478 E93.44516
G1 F752.8 X116.093 Y124.173 E93.45844
G1 X115.84 Y123.778 E93.47233
G1 F748.6 X115.697 Y123.335 E93.48618
G1 X115.678 Y123 E93.49617
G1 F746.5 X115.7 Y122.661 E93.50631
G1 F742.4 X115.84 Y122.218 E93.52026
G1 F750.7 X116.093 Y121.823 E93.53418
G1 F752.8 X116.422 Y121.518 E93.54746
G1 F744.4 X116.827 Y121.298 E93.56126
G1 F748.6 X117.157 Y121.21 E93.57143
G1 F754.9 X117.5 Y121.168 E93.58163
G1 F759.2 X117.843 Y121.208 E93.59176
G1 F752.8 X118.208 Y121.309 E93.60297
G1 F740.3 X118.577 Y121.52 E93.61577
G1 X118.904 Y121.824 E93.62921
G1 F748.6 X119.158 Y122.22 E93.64321
G1 F752.8 X119.299 Y122.661 E93.65692
G1 X119.318 Y122.991 E93.6667
G1 X119.299 Y123.335 E93.6769
G1 X119.158 Y123.78 E93.69072
G1 F748.6 X118.904 Y124.171 E93.7046
G1 F742.4 X118.577 Y124.476 E93.71802
G1 F740.3 X118.168 Y124.702 E93.73209
G1 F752.8 X117.855 Y124.789 E93.7417
G1 F757.1 X117.5 Y124.829 E93.75222
G0 F9000 X117.5 Y124.47
G1 F759.2 X117.52 Y124.473 E93.75281
G1 X117.788 Y124.446 E93.76072
G1 F770.1 X118.176 Y124.317 E93.77255
G1 F765.7 X118.578 Y124.01 E93.78727
G1 F757.1 X118.83 Y123.64 E93.80045
G1 X118.968 Y123.2 E93.81402
G1 X118.954 Y122.746 E93.82739
G1 X118.828 Y122.352 E93.83957
G1 F761.4 X118.574 Y121.989 E93.85253
G1 F765.7 X118.221 Y121.694 E93.86592
G1 F770.1 X117.787 Y121.554 E93.87912
G1 F761.4 X117.528 Y121.523 E93.88675
G1 F759.2 X117.072 Y121.58 E93.90024
G1 F761.4 X116.681 Y121.77 E93.91296
G1 F757.1 X116.347 Y122.076 E93.9263
G1 F761.4 X116.132 Y122.429 E93.9384
G1 X116.025 Y122.852 E93.95117
G1 F757.1 X116.054 Y123.305 E93.96453
G1 F754.9 X116.14 Y123.58 E93.97303
G1 F757.1 X116.363 Y123.941 E93.98552
G1 F759.2 X116.678 Y124.227 E93.99801
G1 F763.5 X117.073 Y124.417 E94.0108
G1 F765.7 X117.5 Y124.47 E94.02333
G1 F2700 E89.02333
;MESH:NONMESH
G0 F300 Z3
G0 F9000 X112.085 Y119.319
;TIME_ELAPSED:247.141123
;LAYER:14
;note -- min layer time used
;TYPE:WALL-OUTER
;MESH:rpicam_v3_standoff-Body.stl(1)
G1 F2700 E94.02333
G1 F754.9 X112 Y119.329 E94.02585
G1 F752.8 X111.657 Y119.289 E94.03608
G1 F748.6 X111.328 Y119.202 E94.04621
G1 F744.4 X110.922 Y118.978 E94.06009
G1 F752.8 X110.593 Y118.673 E94.07337
G1 X110.34 Y118.278 E94.08725
G1 F748.6 X110.197 Y117.835 E94.10111
G1 X110.178 Y117.5 E94.1111
G1 F746.5 X110.2 Y117.161 E94.12124
G1 F742.4 X110.34 Y116.718 E94.13518
G1 F750.7 X110.593 Y116.323 E94.14911
G1 F752.8 X110.922 Y116.018 E94.16239
G1 F744.4 X111.327 Y115.798 E94.17618
G1 F748.6 X111.657 Y115.71 E94.18635
G1 F754.9 X112 Y115.668 E94.19655
G1 F759.2 X112.343 Y115.708 E94.20669
G1 F752.8 X112.708 Y115.809 E94.2179
G1 F740.3 X113.077 Y116.02 E94.23069
G1 X113.404 Y116.324 E94.24413
G1 F748.6 X113.658 Y116.72 E94.25814
G1 F752.8 X113.799 Y117.161 E94.27184
G1 X113.818 Y117.491 E94.28163
G1 X113.799 Y117.835 E94.29182
G1 X113.658 Y118.28 E94.30564
G1 F748.6 X113.404 Y118.671 E94.31952
G1 F742.4 X113.077 Y118.976 E94.33294
G1 F740.3 X112.668 Y119.202 E94.34701
G1 F752.8 X112.355 Y119.289 E94.35663
G1 F761.4 X112.085 Y119.319 E94.36458
G0 F9000 X112.069 Y118.968
G1 F765.7 X112.288 Y118.946 E94.37098
G1 F770.1 X112.676 Y118.817 E94.38282
G1 F765.7 X113.078 Y118.51 E94.39754
G1 F757.1 X113.33 Y118.14 E94.41071
G1 X113.468 Y117.7 E94.42429
G1 X113.454 Y117.246 E94.43766
G1 X113.328 Y116.852 E94.44983
G1 F761.4 X113.074 Y116.489 E94.4628
G1 F765.7 X112.721 Y116.194 E94.47619
G1 F770.1 X112.287 Y116.054 E94.48938
G1 F761.4 X112.028 Y116.023 E94.49702
G1 F759.2 X111.572 Y116.08 E94.51051
G1 F761.4 X111.181 Y116.27 E94.52323
G1 F757.1 X110.847 Y116.576 E94.53656
G1 F761.4 X110.632 Y116.929 E94.54866
G1 X110.525 Y117.352 E94.56143
G1 F757.1 X110.554 Y117.805 E94.57479
G1 F754.9 X110.64 Y118.08 E94.5833
G1 F757.1 X110.863 Y118.441 E94.59579
G1 F759.2 X111.178 Y118.727 E94.60828
G1 F763.5 X111.573 Y118.917 E94.62107
G1 F757.1 X112.02 Y118.973 E94.63433
G1 X112.069 Y118.968 E94.63578
G1 F2700 E89.63578
;MESH:rpicam_v3_standoff-Body.stl
G0 F9000 X117.5 Y119.329
G1 F2700 E94.63578
G1 F752.8 X117.157 Y119.289 E94.646
G1 F748.6 X116.828 Y119.202 E94.65613
G1 F744.4 X116.422 Y118.978 E94.67001
G1 F752.8 X116.093 Y118.673 E94.68329
G1 X115.84 Y118.278 E94.69718
G1 F748.6 X115.697 Y117.835 E94.71104
G1 X115.678 Y117.5 E94.72102
G1 F746.5 X115.7 Y117.161 E94.73117
G1 F742.4 X115.84 Y116.718 E94.74511
G1 F750.7 X116.093 Y116.323 E94.75904
G1 F752.8 X116.422 Y116.018 E94.77232
G1 F744.4 X116.827 Y115.798 E94.78611
G1 F748.6 X117.157 Y115.71 E94.79628
G1 F754.9 X117.5 Y115.668 E94.80648
G1 F759.2 X117.843 Y115.708 E94.81662
G1 F752.8 X118.208 Y115.809 E94.82783
G1 F740.3 X118.577 Y116.02 E94.84062
G1 X118.904 Y116.324 E94.85406
G1 F748.6 X119.158 Y116.72 E94.86806
G1 F752.8 X119.299 Y117.161 E94.88177
G1 X119.318 Y117.491 E94.89155
G1 X119.299 Y117.835 E94.90175
G1 X119.158 Y118.28 E94.91557
G1 F748.6 X118.904 Y118.671 E94.92945
G1 F742.4 X118.577 Y118.976 E94.94287
G1 F740.3 X118.168 Y119.202 E94.95694
G1 F752.8 X117.855 Y119.289 E94.96655
G1 F757.1 X117.5 Y119.329 E94.97707
G0 F9000 X117.5 Y118.97
G1 F759.2 X117.52 Y118.973 E94.97766
G1 X117.788 Y118.946 E94.98557
G1 F770.1 X118.176 Y118.817 E94.9974
G1 F765.7 X118.578 Y118.51 E95.01212
G1 F757.1 X118.83 Y118.14 E95.0253
G1 X118.968 Y117.7 E95.03887
G1 X118.954 Y117.246 E95.05224
G1 X118.828 Y116.852 E95.06442
G1 F761.4 X118.574 Y116.489 E95.07739
G1 F765.7 X118.221 Y116.194 E95.09077
G1 F770.1 X117.787 Y116.054 E95.10397
G1 F761.4 X117.528 Y116.023 E95.11161
G1 F759.2 X117.072 Y116.08 E95.12509
G1 F761.4 X116.681 Y116.27 E95.13782
G1 F757.1 X116.347 Y116.576 E95.15115
G1 F761.4 X116.132 Y116.929 E95.16325
G1 X116.025 Y117.352 E95.17602
G1 F757.1 X116.054 Y117.805 E95.18938
G1 F754.9 X116.14 Y118.08 E95.19789
G1 F757.1 X116.363 Y118.441 E95.21038
G1 F759.2 X116.678 Y118.727 E95.22286
G1 F763.5 X117.073 Y118.917 E95.23566
G1 F765.7 X117.5 Y118.97 E95.24818
G1 F2700 E90.24818
;MESH:rpicam_v3_standoff-Body.stl(2)
G0 F9000 X122.932 Y118.962
G1 F2700 E95.24818
G1 F757.1 X123.02 Y118.973 E95.25079
G1 F759.2 X123.288 Y118.946 E95.2587
G1 F770.1 X123.676 Y118.817 E95.27053
G1 F765.7 X124.078 Y118.51 E95.28525
G1 F757.1 X124.33 Y118.14 E95.29843
G1 X124.468 Y117.7 E95.312
G1 X124.454 Y117.246 E95.32537
G1 X124.328 Y116.852 E95.33754
G1 F761.4 X124.074 Y116.489 E95.35051
G1 F765.7 X123.721 Y116.194 E95.3639
G1 F770.1 X123.287 Y116.054 E95.3771
G1 F761.4 X123.028 Y116.023 E95.38473
G1 F759.2 X122.572 Y116.08 E95.39822
G1 F761.4 X122.181 Y116.27 E95.41094
G1 F757.1 X121.847 Y116.576 E95.42428
G1 F761.4 X121.632 Y116.929 E95.43637
G1 X121.525 Y117.352 E95.44914
G1 F757.1 X121.554 Y117.805 E95.46251
G1 F754.9 X121.64 Y118.08 E95.47101
G1 F757.1 X121.863 Y118.441 E95.4835
G1 F759.2 X122.178 Y118.727 E95.49599
G1 F763.5 X122.573 Y118.917 E95.50878
G1 F765.7 X122.932 Y118.962 E95.51931
G0 F9000 X122.915 Y119.319
G1 F754.9 X122.657 Y119.289 E95.52698
G1 F748.6 X122.328 Y119.202 E95.53711
G1 F744.4 X121.922 Y118.978 E95.55099
G1 F752.8 X121.593 Y118.673 E95.56427
G1 X121.34 Y118.278 E95.57816
G1 F748.6 X121.197 Y117.835 E95.59201
G1 X121.178 Y117.5 E95.602
G1 F746.5 X121.2 Y117.161 E95.61214
G1 F742.4 X121.34 Y116.718 E95.62609
G1 F750.7 X121.593 Y116.323 E95.64001
G1 F752.8 X121.922 Y116.018 E95.65329
G1 F744.4 X122.327 Y115.798 E95.66709
G1 F748.6 X122.657 Y115.71 E95.67726
G1 F754.9 X123 Y115.668 E95.68746
G1 F759.2 X123.343 Y115.708 E95.69759
G1 F752.8 X123.708 Y115.809 E95.7088
G1 F740.3 X124.077 Y116.02 E95.7216
G1 X124.404 Y116.324 E95.73504
G1 F748.6 X124.658 Y116.72 E95.74904
G1 F752.8 X124.799 Y117.161 E95.76275
G1 X124.818 Y117.491 E95.77253
G1 X124.799 Y117.835 E95.78273
G1 X124.658 Y118.28 E95.79655
G1 F748.6 X124.404 Y118.671 E95.81043
G1 F742.4 X124.077 Y118.976 E95.82385
G1 F740.3 X123.668 Y119.202 E95.83791
G1 F752.8 X123.355 Y119.289 E95.84753
G1 F757.1 X123 Y119.329 E95.85805
G1 F752.8 X122.915 Y119.319 E95.86058
G1 F2700 E90.86058
;MESH:rpicam_v3_standoff-Body.stl(3)
G0 F9000 X122.5 Y120.119
G0 X121.865 Y119.913
G0 X121.3 Y119.553
G0 X120.844 Y119.068
G0 X120.52 Y118.48
G0 X119.98 Y116.52
G0 X119.656 Y115.932
G0 X119.2 Y115.447
G0 X118.88 Y115.243
G0 X117.667 Y114.66
G0 X117.5 Y113.47
G1 F2700 E95.86058
G1 F759.2 X117.52 Y113.473 E95.86117
G1 X117.788 Y113.446 E95.86908
G1 F770.1 X118.176 Y113.317 E95.88091
G1 F765.7 X118.578 Y113.01 E95.89563
G1 F757.1 X118.83 Y112.64 E95.90881
G1 X118.968 Y112.2 E95.92238
G1 X118.954 Y111.746 E95.93575
G1 X118.828 Y111.352 E95.94793
G1 F761.4 X118.574 Y110.989 E95.9609
G1 F765.7 X118.221 Y110.694 E95.97428
G1 F770.1 X117.787 Y110.554 E95.98748
G1 F761.4 X117.528 Y110.523 E95.99511
G1 F759.2 X117.072 Y110.58 E96.0086
G1 F761.4 X116.681 Y110.77 E96.02133
G1 F757.1 X116.347 Y111.076 E96.03466
G1 F761.4 X116.132 Y111.429 E96.04676
G1 X116.025 Y111.852 E96.05953
G1 F757.1 X116.054 Y112.305 E96.07289
G1 F754.9 X116.14 Y112.58 E96.0814
G1 F757.1 X116.363 Y112.941 E96.09389
G1 F759.2 X116.678 Y113.227 E96.10637
G1 F763.5 X117.073 Y113.417 E96.11917
G1 F765.7 X117.5 Y113.47 E96.13169
G0 F9000 X117.5 Y113.829
G1 F752.8 X117.157 Y113.789 E96.14191
G1 F748.6 X116.828 Y113.702 E96.15204
G1 F744.4 X116.422 Y113.478 E96.16592
G1 F752.8 X116.093 Y113.173 E96.1792
G1 X115.84 Y112.778 E96.19309
G1 F748.6 X115.697 Y112.335 E96.20694
G1 X115.678 Y112 E96.21693
G1 F746.5 X115.7 Y111.661 E96.22707
G1 F742.4 X115.84 Y111.218 E96.24102
G1 F750.7 X116.093 Y110.823 E96.25494
G1 F752.8 X116.422 Y110.518 E96.26822
G1 F744.4 X116.827 Y110.298 E96.28202
G1 F748.6 X117.157 Y110.21 E96.29219
G1 F754.9 X117.5 Y110.168 E96.30239
G1 F759.2 X117.843 Y110.208 E96.31252
G1 F752.8 X118.208 Y110.309 E96.32373
G1 F740.3 X118.577 Y110.52 E96.33653
G1 X118.904 Y110.824 E96.34997
G1 F748.6 X119.158 Y111.22 E96.36397
G1 F752.8 X119.299 Y111.661 E96.37768
G1 X119.318 Y111.991 E96.38746
G1 X119.299 Y112.335 E96.39766
G1 X119.158 Y112.78 E96.41148
G1 F748.6 X118.904 Y113.171 E96.42536
G1 F742.4 X118.577 Y113.476 E96.43878
G1 F740.3 X118.168 Y113.702 E96.45285
G1 F752.8 X117.855 Y113.789 E96.46246
G1 F757.1 X117.5 Y113.829 E96.47298
G1 F2700 E91.47298
;MESH:rpicam_v3_standoff-Body.stl(4)
G0 F9000 X117.5 Y124.829
G1 F2700 E96.47298
G1 F752.8 X117.157 Y124.789 E96.4832
G1 F748.6 X116.828 Y124.702 E96.49333
G1 F744.4 X116.422 Y124.478 E96.50721
G1 F752.8 X116.093 Y124.173 E96.52049
G1 X115.84 Y123.778 E96.53438
G1 F748.6 X115.697 Y123.335 E96.54823
G1 X115.678 Y123 E96.55822
G1 F746.5 X115.7 Y122.661 E96.56836
G1 F742.4 X115.84 Y122.218 E96.58231
G1 F750.7 X116.093 Y121.823 E96.59623
G1 F752.8 X116.422 Y121.518 E96.60951
G1 F744.4 X116.827 Y121.298 E96.62331
G1 F748.6 X117.157 Y121.21 E96.63348
G1 F754.9 X117.5 Y121.168 E96.64368
G1 F759.2 X117.843 Y121.208 E96.65381
G1 F752.8 X118.208 Y121.309 E96.66502
G1 F740.3 X118.577 Y121.52 E96.67782
G1 X118.904 Y121.824 E96.69126
G1 F748.6 X119.158 Y122.22 E96.70526
G1 F752.8 X119.299 Y122.661 E96.71897
G1 X119.318 Y122.991 E96.72875
G1 X119.299 Y123.335 E96.73895
G1 X119.158 Y123.78 E96.75277
G1 F748.6 X118.904 Y124.171 E96.76665
G1 F742.4 X118.577 Y124.476 E96.78007
G1 F740.3 X118.168 Y124.702 E96.79414
G1 F752.8 X117.855 Y124.789 E96.80375
G1 F757.1 X117.5 Y124.829 E96.81427
G0 F9000 X117.5 Y124.47
G1 F759.2 X117.52 Y124.473 E96.81486
G1 X117.788 Y124.446 E96.82277
G1 F770.1 X118.176 Y124.317 E96.8346
G1 F765.7 X118.578 Y124.01 E96.84932
G1 F757.1 X118.83 Y123.64 E96.8625
G1 X118.968 Y123.2 E96.87607
G1 X118.954 Y122.746 E96.88944
G1 X118.828 Y122.352 E96.90162
G1 F761.4 X118.574 Y121.989 E96.91458
G1 F765.7 X118.221 Y121.694 E96.92797
G1 F770.1 X117.787 Y121.554 E96.94117
G1 F761.4 X117.528 Y121.523 E96.9488
G1 F759.2 X117.072 Y121.58 E96.96229
G1 F761.4 X116.681 Y121.77 E96.97502
G1 F757.1 X116.347 Y122.076 E96.98835
G1 F761.4 X116.132 Y122.429 E97.00045
G1 X116.025 Y122.852 E97.01322
G1 F757.1 X116.054 Y123.305 E97.02658
G1 F754.9 X116.14 Y123.58 E97.03508
G1 F757.1 X116.363 Y123.941 E97.04757
G1 F759.2 X116.678 Y124.227 E97.06006
G1 F763.5 X117.073 Y124.417 E97.07285
G1 F765.7 X117.5 Y124.47 E97.08538
G1 F2700 E92.08538
;MESH:NONMESH
G0 F300 Z3.2
G0 F9000 X112.085 Y119.319
;TIME_ELAPSED:258.861317
;LAYER:15
;note -- min layer time used
;TYPE:WALL-OUTER
;MESH:rpicam_v3_standoff-Body.stl(1)
G1 F2700 E97.08538
G1 F754.9 X112 Y119.329 E97.0879
G1 F752.8 X111.657 Y119.289 E97.09813
G1 F748.6 X111.328 Y119.202 E97.10826
G1 F744.4 X110.922 Y118.978 E97.12214
G1 F752.8 X110.593 Y118.673 E97.13542
G1 X110.34 Y118.278 E97.1493
G1 F748.6 X110.197 Y117.835 E97.16316
G1 X110.178 Y117.5 E97.17315
G1 F746.5 X110.2 Y117.161 E97.18329
G1 F742.4 X110.34 Y116.718 E97.19723
G1 F750.7 X110.593 Y116.323 E97.21116
G1 F752.8 X110.922 Y116.018 E97.22444
G1 F744.4 X111.327 Y115.798 E97.23823
G1 F748.6 X111.657 Y115.71 E97.2484
G1 F754.9 X112 Y115.668 E97.2586
G1 F759.2 X112.343 Y115.708 E97.26874
G1 F752.8 X112.708 Y115.809 E97.27995
G1 F740.3 X113.077 Y116.02 E97.29274
G1 X113.404 Y116.324 E97.30618
G1 F748.6 X113.658 Y116.72 E97.32019
G1 F752.8 X113.799 Y117.161 E97.33389
G1 X113.818 Y117.491 E97.34368
G1 X113.799 Y117.835 E97.35388
G1 X113.658 Y118.28 E97.36769
G1 F748.6 X113.404 Y118.671 E97.38157
G1 F742.4 X113.077 Y118.976 E97.395
G1 F740.3 X112.668 Y119.202 E97.40906
G1 F752.8 X112.355 Y119.289 E97.41868
G1 F761.4 X112.085 Y119.319 E97.42663
G0 F9000 X112.069 Y118.968
G1 F765.7 X112.288 Y118.946 E97.43303
G1 F770.1 X112.676 Y118.817 E97.44487
G1 F765.7 X113.078 Y118.51 E97.45959
G1 F757.1 X113.33 Y118.14 E97.47276
G1 X113.468 Y117.7 E97.48634
G1 X113.454 Y117.246 E97.49971
G1 X113.328 Y116.852 E97.51188
G1 F761.4 X113.074 Y116.489 E97.52485
G1 F765.7 X112.721 Y116.194 E97.53824
G1 F770.1 X112.287 Y116.054 E97.55143
G1 F761.4 X112.028 Y116.023 E97.55907
G1 F759.2 X111.572 Y116.08 E97.57256
G1 F761.4 X111.181 Y116.27 E97.58528
G1 F757.1 X110.847 Y116.576 E97.59862
G1 F761.4 X110.632 Y116.929 E97.61071
G1 X110.525 Y117.352 E97.62348
G1 F757.1 X110.554 Y117.805 E97.63684
G1 F754.9 X110.64 Y118.08 E97.64535
G1 F757.1 X110.863 Y118.441 E97.65784
G1 F759.2 X111.178 Y118.727 E97.67033
G1 F763.5 X111.573 Y118.917 E97.68312
G1 F757.1 X112.02 Y118.973 E97.69638
G1 X112.069 Y118.968 E97.69783
G1 F2700 E92.69783
;MESH:rpicam_v3_standoff-Body.stl
G0 F9000 X117.5 Y119.329
G1 F2700 E97.69783
G1 F752.8 X117.157 Y119.289 E97.70805
G1 F748.6 X116.828 Y119.202 E97.71818
G1 F744.4 X116.422 Y118.978 E97.73206
G1 F752.8 X116.093 Y118.673 E97.74534
G1 X115.84 Y118.278 E97.75923
G1 F748.6 X115.697 Y117.835 E97.77309
G1 X115.678 Y117.5 E97.78307
G1 F746.5 X115.7 Y117.161 E97.79322
G1 F742.4 X115.84 Y116.718 E97.80716
G1 F750.7 X116.093 Y116.323 E97.82109
G1 F752.8 X116.422 Y116.018 E97.83437
G1 F744.4 X116.827 Y115.798 E97.84816
G1 F748.6 X117.157 Y115.71 E97.85833
G1 F754.9 X117.5 Y115.668 E97.86853
G1 F759.2 X117.843 Y115.708 E97.87867
G1 F752.8 X118.208 Y115.809 E97.88988
G1 F740.3 X118.577 Y116.02 E97.90267
G1 X118.904 Y116.324 E97.91611
G1 F748.6 X119.158 Y116.72 E97.93011
G1 F752.8 X119.299 Y117.161 E97.94382
G1 X119.318 Y117.491 E97.9536
G1 X119.299 Y117.835 E97.9638
G1 X119.158 Y118.28 E97.97762
G1 F748.6 X118.904 Y118.671 E97.9915
G1 F742.4 X118.577 Y118.976 E98.00492
G1 F740.3 X118.168 Y119.202 E98.01899
G1 F752.8 X117.855 Y119.289 E98.02861
G1 F757.1 X117.5 Y119.329 E98.03912
G0 F9000 X117.5 Y118.97
G1 F759.2 X117.52 Y118.973 E98.03971
G1 X117.788 Y118.946 E98.04762
G1 F770.1 X118.176 Y118.817 E98.05945
G1 F765.7 X118.578 Y118.51 E98.07417
G1 F757.1 X118.83 Y118.14 E98.08735
G1 X118.968 Y117.7 E98.10092
G1 X118.954 Y117.246 E98.11429
G1 X118.828 Y116.852 E98.12647
G1 F761.4 X118.574 Y116.489 E98.13944
G1 F765.7 X118.221 Y116.194 E98.15283
G1 F770.1 X117.787 Y116.054 E98.16602
G1 F761.4 X117.528 Y116.023 E98.17366
G1 F759.2 X117.072 Y116.08 E98.18714
G1 F761.4 X116.681 Y116.27 E98.19987
G1 F757.1 X116.347 Y116.576 E98.2132
G1 F761.4 X116.132 Y116.929 E98.2253
G1 X116.025 Y117.352 E98.23807
G1 F757.1 X116.054 Y117.805 E98.25143
G1 F754.9 X116.14 Y118.08 E98.25994
G1 F757.1 X116.363 Y118.441 E98.27243
G1 F759.2 X116.678 Y118.727 E98.28491
G1 F763.5 X117.073 Y118.917 E98.29771
G1 F765.7 X117.5 Y118.97 E98.31023
G1 F2700 E93.31023
;MESH:rpicam_v3_standoff-Body.stl(2)
G0 F9000 X122.932 Y118.962
G1 F2700 E98.31023
G1 F757.1 X123.02 Y118.973 E98.31284
G1 F759.2 X123.288 Y118.946 E98.32075
G1 F770.1 X123.676 Y118.817 E98.33258
G1 F765.7 X124.078 Y118.51 E98.3473
G1 F757.1 X124.33 Y118.14 E98.36048
G1 X124.468 Y117.7 E98.37405
G1 X124.454 Y117.246 E98.38742
G1 X124.328 Y116.852 E98.3996
G1 F761.4 X124.074 Y116.489 E98.41256
G1 F765.7 X123.721 Y116.194 E98.42595
G1 F770.1 X123.287 Y116.054 E98.43915
G1 F761.4 X123.028 Y116.023 E98.44678
G1 F759.2 X122.572 Y116.08 E98.46027
G1 F761.4 X122.181 Y116.27 E98.47299
G1 F757.1 X121.847 Y116.576 E98.48633
G1 F761.4 X121.632 Y116.929 E98.49842
G1 X121.525 Y117.352 E98.5112
G1 F757.1 X121.554 Y117.805 E98.52456
G1 F754.9 X121.64 Y118.08 E98.53306
G1 F757.1 X121.863 Y118.441 E98.54555
G1 F759.2 X122.178 Y118.727 E98.55804
G1 F763.5 X122.573 Y118.917 E98.57083
G1 F765.7 X122.932 Y118.962 E98.58136
G0 F9000 X122.915 Y119.319
G1 F754.9 X122.657 Y119.289 E98.58903
G1 F748.6 X122.328 Y119.202 E98.59916
G1 F744.4 X121.922 Y118.978 E98.61304
G1 F752.8 X121.593 Y118.673 E98.62632
G1 X121.34 Y118.278 E98.64021
G1 F748.6 X121.197 Y117.835 E98.65406
G1 X121.178 Y117.5 E98.66405
G1 F746.5 X121.2 Y117.161 E98.67419
G1 F742.4 X121.34 Y116.718 E98.68814
G1 F750.7 X121.593 Y116.323 E98.70206
G1 F752.8 X121.922 Y116.018 E98.71534
G1 F744.4 X122.327 Y115.798 E98.72914
G1 F748.6 X122.657 Y115.71 E98.73931
G1 F754.9 X123 Y115.668 E98.74951
G1 F759.2 X123.343 Y115.708 E98.75964
G1 F752.8 X123.708 Y115.809 E98.77085
G1 F740.3 X124.077 Y116.02 E98.78365
G1 X124.404 Y116.324 E98.79709
G1 F748.6 X124.658 Y116.72 E98.81109
G1 F752.8 X124.799 Y117.161 E98.8248
G1 X124.818 Y117.491 E98.83458
G1 X124.799 Y117.835 E98.84478
G1 X124.658 Y118.28 E98.8586
G1 F748.6 X124.404 Y118.671 E98.87248
G1 F742.4 X124.077 Y118.976 E98.8859
G1 F740.3 X123.668 Y119.202 E98.89997
G1 F752.8 X123.355 Y119.289 E98.90958
G1 F757.1 X123 Y119.329 E98.9201
G1 F752.8 X122.915 Y119.319 E98.92263
G1 F2700 E93.92263
;MESH:rpicam_v3_standoff-Body.stl(3)
G0 F9000 X122.5 Y120.119
G0 X121.865 Y119.913
G0 X121.3 Y119.553
G0 X120.844 Y119.068
G0 X120.52 Y118.48
G0 X119.98 Y116.52
G0 X119.656 Y115.932
G0 X119.2 Y115.447
G0 X118.88 Y115.243
G0 X117.667 Y114.66
G0 X117.5 Y113.47
G1 F2700 E98.92263
G1 F759.2 X117.52 Y113.473 E98.92322
G1 X117.788 Y113.446 E98.93113
G1 F770.1 X118.176 Y113.317 E98.94296
G1 F765.7 X118.578 Y113.01 E98.95768
G1 F757.1 X118.83 Y112.64 E98.97086
G1 X118.968 Y112.2 E98.98443
G1 X118.954 Y111.746 E98.9978
G1 X118.828 Y111.352 E99.00998
G1 F761.4 X118.574 Y110.989 E99.02295
G1 F765.7 X118.221 Y110.694 E99.03634
G1 F770.1 X117.787 Y110.554 E99.04953
G1 F761.4 X117.528 Y110.523 E99.05717
G1 F759.2 X117.072 Y110.58 E99.07065
G1 F761.4 X116.681 Y110.77 E99.08338
G1 F757.1 X116.347 Y111.076 E99.09671
G1 F761.4 X116.132 Y111.429 E99.10881
G1 X116.025 Y111.852 E99.12158
G1 F757.1 X116.054 Y112.305 E99.13494
G1 F754.9 X116.14 Y112.58 E99.14345
G1 F757.1 X116.363 Y112.941 E99.15594
G1 F759.2 X116.678 Y113.227 E99.16842
G1 F763.5 X117.073 Y113.417 E99.18122
G1 F765.7 X117.5 Y113.47 E99.19374
G0 F9000 X117.5 Y113.829
G1 F752.8 X117.157 Y113.789 E99.20396
G1 F748.6 X116.828 Y113.702 E99.21409
G1 F744.4 X116.422 Y113.478 E99.22797
G1 F752.8 X116.093 Y113.173 E99.24125
G1 X115.84 Y112.778 E99.25514
G1 F748.6 X115.697 Y112.335 E99.26899
G1 X115.678 Y112 E99.27898
G1 F746.5 X115.7 Y111.661 E99.28912
G1 F742.4 X115.84 Y111.218 E99.30307
G1 F750.7 X116.093 Y110.823 E99.31699
G1 F752.8 X116.422 Y110.518 E99.33027
G1 F744.4 X116.827 Y110.298 E99.34407
G1 F748.6 X117.157 Y110.21 E99.35424
G1 F754.9 X117.5 Y110.168 E99.36444
G1 F759.2 X117.843 Y110.208 E99.37457
G1 F752.8 X118.208 Y110.309 E99.38578
G1 F740.3 X118.577 Y110.52 E99.39858
G1 X118.904 Y110.824 E99.41202
G1 F748.6 X119.158 Y111.22 E99.42602
G1 F752.8 X119.299 Y111.661 E99.43973
G1 X119.318 Y111.991 E99.44951
G1 X119.299 Y112.335 E99.45971
G1 X119.158 Y112.78 E99.47353
G1 F748.6 X118.904 Y113.171 E99.48741
G1 F742.4 X118.577 Y113.476 E99.50083
G1 F740.3 X118.168 Y113.702 E99.5149
G1 F752.8 X117.855 Y113.789 E99.52451
G1 F757.1 X117.5 Y113.829 E99.53503
G1 F2700 E94.53503
;MESH:rpicam_v3_standoff-Body.stl(4)
G0 F9000 X117.5 Y124.829
G1 F2700 E99.53503
G1 F752.8 X117.157 Y124.789 E99.54525
G1 F748.6 X116.828 Y124.702 E99.55538
G1 F744.4 X116.422 Y124.478 E99.56926
G1 F752.8 X116.093 Y124.173 E99.58254
G1 X115.84 Y123.778 E99.59643
G1 F748.6 X115.697 Y123.335 E99.61028
G1 X115.678 Y123 E99.62027
G1 F746.5 X115.7 Y122.661 E99.63041
G1 F742.4 X115.84 Y122.218 E99.64436
G1 F750.7 X116.093 Y121.823 E99.65828
G1 F752.8 X116.422 Y121.518 E99.67156
G1 F744.4 X116.827 Y121.298 E99.68536
G1 F748.6 X117.157 Y121.21 E99.69553
G1 F754.9 X117.5 Y121.168 E99.70573
G1 F759.2 X117.843 Y121.208 E99.71586
G1 F752.8 X118.208 Y121.309 E99.72707
G1 F740.3 X118.577 Y121.52 E99.73987
G1 X118.904 Y121.824 E99.75331
G1 F748.6 X119.158 Y122.22 E99.76731
G1 F752.8 X119.299 Y122.661 E99.78102
G1 X119.318 Y122.991 E99.7908
G1 X119.299 Y123.335 E99.801
G1 X119.158 Y123.78 E99.81482
G1 F748.6 X118.904 Y124.171 E99.8287
G1 F742.4 X118.577 Y124.476 E99.84212
G1 F740.3 X118.168 Y124.702 E99.85619
G1 F752.8 X117.855 Y124.789 E99.8658
G1 F757.1 X117.5 Y124.829 E99.87632
G0 F9000 X117.5 Y124.47
G1 F759.2 X117.52 Y124.473 E99.87691
G1 X117.788 Y124.446 E99.88482
G1 F770.1 X118.176 Y124.317 E99.89665
G1 F765.7 X118.578 Y124.01 E99.91137
G1 F757.1 X118.83 Y123.64 E99.92455
G1 X118.968 Y123.2 E99.93812
G1 X118.954 Y122.746 E99.95149
G1 X118.828 Y122.352 E99.96367
G1 F761.4 X118.574 Y121.989 E99.97663
G1 F765.7 X118.221 Y121.694 E99.99002
G1 F770.1 X117.787 Y121.554 E100.00322
G1 F761.4 X117.528 Y121.523 E100.01085
G1 F759.2 X117.072 Y121.58 E100.02434
G1 F761.4 X116.681 Y121.77 E100.03707
G1 F757.1 X116.347 Y122.076 E100.0504
G1 F761.4 X116.132 Y122.429 E100.0625
G1 X116.025 Y122.852 E100.07527
G1 F757.1 X116.054 Y123.305 E100.08863
G1 F754.9 X116.14 Y123.58 E100.09713
G1 F757.1 X116.363 Y123.941 E100.10962
G1 F759.2 X116.678 Y124.227 E100.12211
G1 F763.5 X117.073 Y124.417 E100.13491
G1 F765.7 X117.5 Y124.47 E100.14743
G1 F2700 E95.14743
;MESH:NONMESH
G0 F300 Z3.4
G0 F9000 X112.085 Y119.319
;TIME_ELAPSED:270.581510
;LAYER:16
;note -- min layer time used
;TYPE:WALL-OUTER
;MESH:rpicam_v3_standoff-Body.stl(1)
G1 F2700 E100.14743
G1 F754.9 X112 Y119.329 E100.14995
G1 F752.8 X111.657 Y119.289 E100.16018
G1 F748.6 X111.328 Y119.202 E100.17031
G1 F744.4 X110.922 Y118.978 E100.18419
G1 F752.8 X110.593 Y118.673 E100.19747
G1 X110.34 Y118.278 E100.21135
G1 F748.6 X110.197 Y117.835 E100.22521
G1 X110.178 Y117.5 E100.2352
G1 F746.5 X110.2 Y117.161 E100.24534
G1 F742.4 X110.34 Y116.718 E100.25928
G1 F750.7 X110.593 Y116.323 E100.27321
G1 F752.8 X110.922 Y116.018 E100.28649
G1 F744.4 X111.327 Y115.798 E100.30029
G1 F748.6 X111.657 Y115.71 E100.31045
G1 F754.9 X112 Y115.668 E100.32065
G1 F759.2 X112.343 Y115.708 E100.33079
G1 F752.8 X112.708 Y115.809 E100.342
G1 F740.3 X113.077 Y116.02 E100.35479
G1 X113.404 Y116.324 E100.36823
G1 F748.6 X113.658 Y116.72 E100.38224
G1 F752.8 X113.799 Y117.161 E100.39594
G1 X113.818 Y117.491 E100.40573
G1 X113.799 Y117.835 E100.41593
G1 X113.658 Y118.28 E100.42974
G1 F748.6 X113.404 Y118.671 E100.44362
G1 F742.4 X113.077 Y118.976 E100.45705
G1 F740.3 X112.668 Y119.202 E100.47111
G1 F752.8 X112.355 Y119.289 E100.48073
G1 F761.4 X112.085 Y119.319 E100.48868
G0 F9000 X112.069 Y118.968
G1 F765.7 X112.288 Y118.946 E100.49508
G1 F770.1 X112.676 Y118.817 E100.50692
G1 F765.7 X113.078 Y118.51 E100.52164
G1 F757.1 X113.33 Y118.14 E100.53481
G1 X113.468 Y117.7 E100.54839
G1 X113.454 Y117.246 E100.56176
G1 X113.328 Y116.852 E100.57393
G1 F761.4 X113.074 Y116.489 E100.5869
G1 F765.7 X112.721 Y116.194 E100.60029
G1 F770.1 X112.287 Y116.054 E100.61348
G1 F761.4 X112.028 Y116.023 E100.62112
G1 F759.2 X111.572 Y116.08 E100.63461
G1 F761.4 X111.181 Y116.27 E100.64733
G1 F757.1 X110.847 Y116.576 E100.66067
G1 F761.4 X110.632 Y116.929 E100.67276
G1 X110.525 Y117.352 E100.68553
G1 F757.1 X110.554 Y117.805 E100.6989
G1 F754.9 X110.64 Y118.08 E100.7074
G1 F757.1 X110.863 Y118.441 E100.71989
G1 F759.2 X111.178 Y118.727 E100.73238
G1 F763.5 X111.573 Y118.917 E100.74517
G1 F757.1 X112.02 Y118.973 E100.75843
G1 X112.069 Y118.968 E100.75988
G1 F2700 E95.75988
;MESH:rpicam_v3_standoff-Body.stl
G0 F9000 X117.5 Y119.329
G1 F2700 E100.75988
G1 F752.8 X117.157 Y119.289 E100.7701
G1 F748.6 X116.828 Y119.202 E100.78023
G1 F744.4 X116.422 Y118.978 E100.79411
G1 F752.8 X116.093 Y118.673 E100.80739
G1 X115.84 Y118.278 E100.82128
G1 F748.6 X115.697 Y117.835 E100.83514
G1 X115.678 Y117.5 E100.84513
G1 F746.5 X115.7 Y117.161 E100.85527
G1 F742.4 X115.84 Y116.718 E100.86921
G1 F750.7 X116.093 Y116.323 E100.88314
G1 F752.8 X116.422 Y116.018 E100.89642
G1 F744.4 X116.827 Y115.798 E100.91021
G1 F748.6 X117.157 Y115.71 E100.92038
G1 F754.9 X117.5 Y115.668 E100.93058
G1 F759.2 X117.843 Y115.708 E100.94072
G1 F752.8 X118.208 Y115.809 E100.95193
G1 F740.3 X118.577 Y116.02 E100.96472
G1 X118.904 Y116.324 E100.97816
G1 F748.6 X119.158 Y116.72 E100.99217
G1 F752.8 X119.299 Y117.161 E101.00587
G1 X119.318 Y117.491 E101.01565
G1 X119.299 Y117.835 E101.02585
G1 X119.158 Y118.28 E101.03967
G1 F748.6 X118.904 Y118.671 E101.05355
G1 F742.4 X118.577 Y118.976 E101.06697
G1 F740.3 X118.168 Y119.202 E101.08104
G1 F752.8 X117.855 Y119.289 E101.09066
G1 F757.1 X117.5 Y119.329 E101.10117
G0 F9000 X117.5 Y118.97
G1 F759.2 X117.52 Y118.973 E101.10176
G1 X117.788 Y118.946 E101.10967
G1 F770.1 X118.176 Y118.817 E101.1215
G1 F765.7 X118.578 Y118.51 E101.13622
G1 F757.1 X118.83 Y118.14 E101.1494
G1 X118.968 Y117.7 E101.16297
G1 X118.954 Y117.246 E101.17634
G1 X118.828 Y116.852 E101.18852
G1 F761.4 X118.574 Y116.489 E101.20149
G1 F765.7 X118.221 Y116.194 E101.21488
G1 F770.1 X117.787 Y116.054 E101.22807
G1 F761.4 X117.528 Y116.023 E101.23571
G1 F759.2 X117.072 Y116.08 E101.24919
G1 F761.4 X116.681 Y116.27 E101.26192
G1 F757.1 X116.347 Y116.576 E101.27525
G1 F761.4 X116.132 Y116.929 E101.28735
G1 X116.025 Y117.352 E101.30012
G1 F757.1 X116.054 Y117.805 E101.31348
G1 F754.9 X116.14 Y118.08 E101.32199
G1 F757.1 X116.363 Y118.441 E101.33448
G1 F759.2 X116.678 Y118.727 E101.34697
G1 F763.5 X117.073 Y118.917 E101.35976
G1 F765.7 X117.5 Y118.97 E101.37228
G1 F2700 E96.37228
;MESH:rpicam_v3_standoff-Body.stl(2)
G0 F9000 X122.932 Y118.962
G1 F2700 E101.37228
G1 F757.1 X123.02 Y118.973 E101.37489
G1 F759.2 X123.288 Y118.946 E101.3828
G1 F770.1 X123.676 Y118.817 E101.39463
G1 F765.7 X124.078 Y118.51 E101.40935
G1 F757.1 X124.33 Y118.14 E101.42253
G1 X124.468 Y117.7 E101.4361
G1 X124.454 Y117.246 E101.44947
G1 X124.328 Y116.852 E101.46165
G1 F761.4 X124.074 Y116.489 E101.47461
G1 F765.7 X123.721 Y116.194 E101.488
G1 F770.1 X123.287 Y116.054 E101.5012
G1 F761.4 X123.028 Y116.023 E101.50883
G1 F759.2 X122.572 Y116.08 E101.52232
G1 F761.4 X122.181 Y116.27 E101.53504
G1 F757.1 X121.847 Y116.576 E101.54838
G1 F761.4 X121.632 Y116.929 E101.56048
G1 X121.525 Y117.352 E101.57325
G1 F757.1 X121.554 Y117.805 E101.58661
G1 F754.9 X121.64 Y118.08 E101.59511
G1 F757.1 X121.863 Y118.441 E101.6076
G1 F759.2 X122.178 Y118.727 E101.62009
G1 F763.5 X122.573 Y118.917 E101.63288
G1 F765.7 X122.932 Y118.962 E101.64341
G0 F9000 X122.915 Y119.319
G1 F754.9 X122.657 Y119.289 E101.65108
G1 F748.6 X122.328 Y119.202 E101.66121
G1 F744.4 X121.922 Y118.978 E101.67509
G1 F752.8 X121.593 Y118.673 E101.68837
G1 X121.34 Y118.278 E101.70226
G1 F748.6 X121.197 Y117.835 E101.71611
G1 X121.178 Y117.509 E101.72583
G1 F746.5 X121.2 Y117.161 E101.73624
G1 F742.4 X121.34 Y116.718 E101.75019
G1 F750.7 X121.593 Y116.323 E101.76411
G1 F752.8 X121.922 Y116.018 E101.77739
G1 F744.4 X122.327 Y115.798 E101.79119
G1 F748.6 X122.657 Y115.71 E101.80136
G1 F754.9 X123 Y115.668 E101.81156
G1 F759.2 X123.343 Y115.708 E101.82169
G1 F752.8 X123.708 Y115.809 E101.8329
G1 F740.3 X124.077 Y116.02 E101.8457
G1 X124.404 Y116.324 E101.85914
G1 F748.6 X124.658 Y116.72 E101.87314
G1 F752.8 X124.799 Y117.161 E101.88685
G1 X124.818 Y117.491 E101.89663
G1 X124.799 Y117.835 E101.90683
G1 X124.658 Y118.28 E101.92065
G1 F748.6 X124.404 Y118.671 E101.93453
G1 F742.4 X124.077 Y118.976 E101.94795
G1 F740.3 X123.668 Y119.202 E101.96202
G1 F752.8 X123.355 Y119.289 E101.97163
G1 F757.1 X123 Y119.329 E101.98215
G1 F752.8 X122.915 Y119.319 E101.98468
G1 F2700 E96.98468
;MESH:rpicam_v3_standoff-Body.stl(3)
G0 F9000 X122.5 Y120.119
G0 X121.865 Y119.913
G0 X121.3 Y119.553
G0 X120.844 Y119.068
G0 X120.52 Y118.48
G0 X119.98 Y116.52
G0 X119.656 Y115.932
G0 X119.2 Y115.447
G0 X118.88 Y115.243
G0 X117.667 Y114.66
G0 X117.5 Y113.47
G1 F2700 E101.98468
G1 F759.2 X117.52 Y113.473 E101.98528
G1 X117.788 Y113.446 E101.99318
G1 F770.1 X118.176 Y113.317 E102.00501
G1 F765.7 X118.578 Y113.01 E102.01973
G1 F757.1 X118.83 Y112.64 E102.03291
G1 X118.968 Y112.2 E102.04648
G1 X118.954 Y111.746 E102.05985
G1 X118.828 Y111.352 E102.07203
G1 F761.4 X118.574 Y110.989 E102.085
G1 F765.7 X118.221 Y110.694 E102.09839
G1 F770.1 X117.787 Y110.554 E102.11158
G1 F761.4 X117.528 Y110.523 E102.11922
G1 F759.2 X117.072 Y110.58 E102.13271
G1 F761.4 X116.681 Y110.77 E102.14543
G1 F757.1 X116.347 Y111.076 E102.15876
G1 F761.4 X116.132 Y111.429 E102.17086
G1 X116.025 Y111.852 E102.18363
G1 F757.1 X116.054 Y112.305 E102.19699
G1 F754.9 X116.14 Y112.58 E102.2055
G1 F757.1 X116.363 Y112.941 E102.21799
G1 F759.2 X116.678 Y113.227 E102.23048
G1 F763.5 X117.073 Y113.417 E102.24327
G1 F765.7 X117.5 Y113.47 E102.25579
G0 F9000 X117.5 Y113.829
G1 F752.8 X117.157 Y113.789 E102.26601
G1 F748.6 X116.828 Y113.702 E102.27614
G1 F744.4 X116.422 Y113.478 E102.29002
G1 F752.8 X116.093 Y113.173 E102.3033
G1 X115.84 Y112.778 E102.31719
G1 F748.6 X115.697 Y112.335 E102.33105
G1 X115.678 Y112 E102.34103
G1 F746.5 X115.7 Y111.661 E102.35117
G1 F742.4 X115.84 Y111.218 E102.36512
G1 F750.7 X116.093 Y110.823 E102.37905
G1 F752.8 X116.422 Y110.518 E102.39233
G1 F744.4 X116.827 Y110.298 E102.40612
G1 F748.6 X117.157 Y110.21 E102.41629
G1 F754.9 X117.5 Y110.168 E102.42649
G1 F759.2 X117.843 Y110.208 E102.43662
G1 F752.8 X118.208 Y110.309 E102.44784
G1 F740.3 X118.577 Y110.52 E102.46063
G1 X118.904 Y110.824 E102.47407
G1 F748.6 X119.158 Y111.22 E102.48807
G1 F752.8 X119.299 Y111.661 E102.50178
G1 X119.318 Y111.991 E102.51156
G1 X119.299 Y112.335 E102.52176
G1 X119.158 Y112.78 E102.53558
G1 F748.6 X118.904 Y113.171 E102.54946
G1 F742.4 X118.577 Y113.476 E102.56288
G1 F740.3 X118.168 Y113.702 E102.57695
G1 F752.8 X117.855 Y113.789 E102.58656
G1 F757.1 X117.5 Y113.829 E102.59708
G1 F2700 E97.59708
;MESH:rpicam_v3_standoff-Body.stl(4)
G0 F9000 X117.5 Y124.829
G1 F2700 E102.59708
G1 F752.8 X117.157 Y124.789 E102.6073
G1 F748.6 X116.828 Y124.702 E102.61743
G1 F744.4 X116.422 Y124.478 E102.63131
G1 F752.8 X116.093 Y124.173 E102.64459
G1 X115.84 Y123.778 E102.65848
G1 F748.6 X115.697 Y123.335 E102.67234
G1 X115.678 Y123 E102.68232
G1 F746.5 X115.7 Y122.661 E102.69246
G1 F742.4 X115.84 Y122.218 E102.70641
G1 F750.7 X116.093 Y121.823 E102.72033
G1 F752.8 X116.422 Y121.518 E102.73361
G1 F744.4 X116.827 Y121.298 E102.74741
G1 F748.6 X117.157 Y121.21 E102.75758
G1 F754.9 X117.5 Y121.168 E102.76778
G1 F759.2 X117.843 Y121.208 E102.77791
G1 F752.8 X118.208 Y121.309 E102.78913
G1 F740.3 X118.577 Y121.52 E102.80192
G1 X118.904 Y121.824 E102.81536
G1 F748.6 X119.158 Y122.22 E102.82936
G1 F752.8 X119.299 Y122.661 E102.84307
G1 X119.318 Y122.991 E102.85285
G1 X119.299 Y123.335 E102.86305
G1 X119.158 Y123.78 E102.87687
G1 F748.6 X118.904 Y124.171 E102.89075
G1 F742.4 X118.577 Y124.476 E102.90417
G1 F740.3 X118.168 Y124.702 E102.91824
G1 F752.8 X117.855 Y124.789 E102.92785
G1 F757.1 X117.5 Y124.829 E102.93837
G0 F9000 X117.5 Y124.47
G1 F759.2 X117.52 Y124.473 E102.93896
G1 X117.788 Y124.446 E102.94687
G1 F770.1 X118.176 Y124.317 E102.9587
G1 F765.7 X118.578 Y124.01 E102.97342
G1 F757.1 X118.83 Y123.64 E102.9866
G1 X118.968 Y123.2 E103.00017
G1 X118.954 Y122.746 E103.01354
G1 X118.828 Y122.352 E103.02572
G1 F761.4 X118.574 Y121.989 E103.03869
G1 F765.7 X118.221 Y121.694 E103.05207
G1 F770.1 X117.787 Y121.554 E103.06527
G1 F761.4 X117.528 Y121.523 E103.0729
G1 F759.2 X117.072 Y121.58 E103.08639
G1 F761.4 X116.681 Y121.77 E103.09912
G1 F757.1 X116.347 Y122.076 E103.11245
G1 F761.4 X116.132 Y122.429 E103.12455
G1 X116.025 Y122.852 E103.13732
G1 F757.1 X116.054 Y123.305 E103.15068
G1 F754.9 X116.14 Y123.58 E103.15919
G1 F757.1 X116.363 Y123.941 E103.17168
G1 F759.2 X116.678 Y124.227 E103.18416
G1 F763.5 X117.073 Y124.417 E103.19696
G1 F765.7 X117.5 Y124.47 E103.20948
G1 F2700 E98.20948
;MESH:NONMESH
G0 F300 Z3.6
G0 F9000 X112.085 Y119.319
;TIME_ELAPSED:282.301705
;LAYER:17
;note -- min layer time used
;TYPE:WALL-OUTER
;MESH:rpicam_v3_standoff-Body.stl(1)
G1 F2700 E103.20948
G1 F754.9 X112 Y119.329 E103.212
G1 F752.8 X111.657 Y119.289 E103.22223
G1 F748.6 X111.328 Y119.202 E103.23236
G1 F744.4 X110.922 Y118.978 E103.24624
G1 F752.8 X110.593 Y118.673 E103.25952
G1 X110.34 Y118.278 E103.2734
G1 F748.6 X110.197 Y117.835 E103.28726
G1 X110.178 Y117.5 E103.29725
G1 F746.5 X110.2 Y117.161 E103.30739
G1 F742.4 X110.34 Y116.718 E103.32134
G1 F750.7 X110.593 Y116.323 E103.33526
G1 F752.8 X110.922 Y116.018 E103.34854
G1 F744.4 X111.327 Y115.798 E103.36234
G1 F748.6 X111.657 Y115.71 E103.3725
G1 F754.9 X112 Y115.668 E103.3827
G1 F759.2 X112.343 Y115.708 E103.39284
G1 F752.8 X112.708 Y115.809 E103.40405
G1 F740.3 X113.077 Y116.02 E103.41684
G1 X113.404 Y116.324 E103.43028
G1 F748.6 X113.658 Y116.72 E103.44429
G1 F752.8 X113.799 Y117.161 E103.45799
G1 X113.818 Y117.491 E103.46778
G1 X113.799 Y117.835 E103.47798
G1 X113.658 Y118.28 E103.49179
G1 F748.6 X113.404 Y118.671 E103.50567
G1 F742.4 X113.077 Y118.976 E103.5191
G1 F740.3 X112.668 Y119.202 E103.53316
G1 F752.8 X112.355 Y119.289 E103.54278
G1 F761.4 X112.085 Y119.319 E103.55073
G0 F9000 X112.069 Y118.968
G1 F765.7 X112.288 Y118.946 E103.55714
G1 F770.1 X112.676 Y118.817 E103.56897
G1 F765.7 X113.078 Y118.51 E103.58369
G1 F757.1 X113.33 Y118.14 E103.59687
G1 X113.468 Y117.7 E103.61044
G1 X113.454 Y117.246 E103.62381
G1 X113.328 Y116.852 E103.63598
G1 F761.4 X113.074 Y116.489 E103.64895
G1 F765.7 X112.721 Y116.194 E103.66234
G1 F770.1 X112.287 Y116.054 E103.67554
G1 F761.4 X112.028 Y116.023 E103.68317
G1 F759.2 X111.572 Y116.08 E103.69666
G1 F761.4 X111.181 Y116.27 E103.70938
G1 F757.1 X110.847 Y116.576 E103.72272
G1 F761.4 X110.632 Y116.929 E103.73481
G1 X110.525 Y117.352 E103.74758
G1 F757.1 X110.554 Y117.805 E103.76095
G1 F754.9 X110.64 Y118.08 E103.76945
G1 F757.1 X110.863 Y118.441 E103.78194
G1 F759.2 X111.178 Y118.727 E103.79443
G1 F763.5 X111.573 Y118.917 E103.80722
G1 F757.1 X112.02 Y118.973 E103.82048
G1 X112.069 Y118.968 E103.82193
G1 F2700 E98.82193
;MESH:rpicam_v3_standoff-Body.stl
G0 F9000 X117.5 Y119.329
G1 F2700 E103.82193
G1 F752.8 X117.157 Y119.289 E103.83215
G1 F748.6 X116.828 Y119.202 E103.84229
G1 F744.4 X116.422 Y118.978 E103.85617
G1 F752.8 X116.093 Y118.673 E103.86945
G1 X115.84 Y118.278 E103.88333
G1 F748.6 X115.697 Y117.835 E103.89719
G1 X115.678 Y117.5 E103.90718
G1 F746.5 X115.7 Y117.161 E103.91732
G1 F742.4 X115.84 Y116.718 E103.93126
G1 F750.7 X116.093 Y116.323 E103.94519
G1 F752.8 X116.422 Y116.018 E103.95847
G1 F744.4 X116.827 Y115.798 E103.97226
G1 F748.6 X117.157 Y115.71 E103.98243
G1 F754.9 X117.5 Y115.668 E103.99263
G1 F759.2 X117.843 Y115.708 E104.00277
G1 F752.8 X118.208 Y115.809 E104.01398
G1 F740.3 X118.577 Y116.02 E104.02677
G1 X118.904 Y116.324 E104.04021
G1 F748.6 X119.158 Y116.72 E104.05422
G1 F752.8 X119.299 Y117.161 E104.06792
G1 X119.318 Y117.491 E104.07771
G1 X119.299 Y117.835 E104.0879
G1 X119.158 Y118.28 E104.10172
G1 F748.6 X118.904 Y118.671 E104.1156
G1 F742.4 X118.577 Y118.976 E104.12902
G1 F740.3 X118.168 Y119.202 E104.14309
G1 F752.8 X117.855 Y119.289 E104.15271
G1 F757.1 X117.5 Y119.329 E104.16322
G0 F9000 X117.5 Y118.97
G1 F759.2 X117.52 Y118.973 E104.16382
G1 X117.788 Y118.946 E104.17172
G1 F770.1 X118.176 Y118.817 E104.18355
G1 F765.7 X118.578 Y118.51 E104.19827
G1 F757.1 X118.83 Y118.14 E104.21145
G1 X118.968 Y117.7 E104.22503
G1 X118.954 Y117.246 E104.2384
G1 X118.828 Y116.852 E104.25057
G1 F761.4 X118.574 Y116.489 E104.26354
G1 F765.7 X118.221 Y116.194 E104.27693
G1 F770.1 X117.787 Y116.054 E104.29012
G1 F761.4 X117.528 Y116.023 E104.29776
G1 F759.2 X117.072 Y116.08 E104.31125
G1 F761.4 X116.681 Y116.27 E104.32397
G1 F757.1 X116.347 Y116.576 E104.3373
G1 F761.4 X116.132 Y116.929 E104.3494
G1 X116.025 Y117.352 E104.36217
G1 F757.1 X116.054 Y117.805 E104.37553
G1 F754.9 X116.14 Y118.08 E104.38404
G1 F757.1 X116.363 Y118.441 E104.39653
G1 F759.2 X116.678 Y118.727 E104.40902
G1 F763.5 X117.073 Y118.917 E104.42181
G1 F765.7 X117.5 Y118.97 E104.43433
G1 F2700 E99.43433
;MESH:rpicam_v3_standoff-Body.stl(2)
G0 F9000 X122.932 Y118.962
G1 F2700 E104.43433
G1 F757.1 X123.02 Y118.973 E104.43694
G1 F759.2 X123.288 Y118.946 E104.44485
G1 F770.1 X123.676 Y118.817 E104.45668
G1 F765.7 X124.078 Y118.51 E104.4714
G1 F757.1 X124.33 Y118.14 E104.48458
G1 X124.468 Y117.7 E104.49815
G1 X124.454 Y117.246 E104.51152
G1 X124.328 Y116.852 E104.5237
G1 F761.4 X124.074 Y116.489 E104.53666
G1 F765.7 X123.721 Y116.194 E104.55005
G1 F770.1 X123.287 Y116.054 E104.56325
G1 F761.4 X123.028 Y116.023 E104.57088
G1 F759.2 X122.572 Y116.08 E104.58437
G1 F761.4 X122.181 Y116.27 E104.5971
G1 F757.1 X121.847 Y116.576 E104.61043
G1 F761.4 X121.632 Y116.929 E104.62253
G1 X121.525 Y117.352 E104.6353
G1 F757.1 X121.554 Y117.805 E104.64866
G1 F754.9 X121.64 Y118.08 E104.65716
G1 F757.1 X121.863 Y118.441 E104.66965
G1 F759.2 X122.178 Y118.727 E104.68214
G1 F763.5 X122.573 Y118.917 E104.69493
G1 F765.7 X122.932 Y118.962 E104.70546
G0 F9000 X122.915 Y119.319
G1 F754.9 X122.657 Y119.289 E104.71313
G1 F748.6 X122.328 Y119.202 E104.72326
G1 F744.4 X121.922 Y118.978 E104.73714
G1 F752.8 X121.593 Y118.673 E104.75042
G1 X121.34 Y118.278 E104.76431
G1 F748.6 X121.197 Y117.835 E104.77816
G1 X121.178 Y117.5 E104.78815
G1 F746.5 X121.2 Y117.161 E104.79829
G1 F742.4 X121.34 Y116.718 E104.81224
G1 F750.7 X121.593 Y116.323 E104.82616
G1 F752.8 X121.922 Y116.018 E104.83944
G1 F744.4 X122.327 Y115.798 E104.85324
G1 F748.6 X122.657 Y115.71 E104.86341
G1 F754.9 X123 Y115.668 E104.87361
G1 F759.2 X123.343 Y115.708 E104.88374
G1 F752.8 X123.708 Y115.809 E104.89495
G1 F740.3 X124.077 Y116.02 E104.90775
G1 X124.404 Y116.324 E104.92119
G1 F748.6 X124.658 Y116.72 E104.93519
G1 F752.8 X124.799 Y117.161 E104.9489
G1 X124.818 Y117.491 E104.95868
G1 X124.799 Y117.835 E104.96888
G1 X124.658 Y118.28 E104.9827
G1 F748.6 X124.404 Y118.671 E104.99658
G1 F742.4 X124.077 Y118.976 E105.01
G1 F740.3 X123.668 Y119.202 E105.02407
G1 F752.8 X123.355 Y119.289 E105.03368
G1 F757.1 X123 Y119.329 E105.0442
G1 F752.8 X122.915 Y119.319 E105.04673
G1 F2700 E100.04673
;MESH:rpicam_v3_standoff-Body.stl(3)
G0 F9000 X122.5 Y120.119
G0 X121.865 Y119.913
G0 X121.3 Y119.553
G0 X120.844 Y119.068
G0 X120.52 Y118.48
G0 X119.98 Y116.52
G0 X119.656 Y115.932
G0 X119.2 Y115.447
G0 X118.88 Y115.243
G0 X117.667 Y114.66
G0 X117.5 Y113.47
G1 F2700 E105.04673
G1 F759.2 X117.52 Y113.473 E105.04733
G1 X117.788 Y113.446 E105.05523
G1 F770.1 X118.176 Y113.317 E105.06706
G1 F765.7 X118.578 Y113.01 E105.08178
G1 F757.1 X118.83 Y112.64 E105.09496
G1 X118.968 Y112.2 E105.10853
G1 X118.954 Y111.746 E105.1219
G1 X118.828 Y111.352 E105.13408
G1 F761.4 X118.574 Y110.989 E105.14705
G1 F765.7 X118.221 Y110.694 E105.16044
G1 F770.1 X117.787 Y110.554 E105.17363
G1 F761.4 X117.528 Y110.523 E105.18127
G1 F759.2 X117.072 Y110.58 E105.19476
G1 F761.4 X116.681 Y110.77 E105.20748
G1 F757.1 X116.347 Y111.076 E105.22081
G1 F761.4 X116.132 Y111.429 E105.23291
G1 X116.025 Y111.852 E105.24568
G1 F757.1 X116.054 Y112.305 E105.25904
G1 F754.9 X116.14 Y112.58 E105.26755
G1 F757.1 X116.363 Y112.941 E105.28004
G1 F759.2 X116.678 Y113.227 E105.29253
G1 F763.5 X117.073 Y113.417 E105.30532
G1 F765.7 X117.5 Y113.47 E105.31784
G0 F9000 X117.5 Y113.829
G1 F752.8 X117.157 Y113.789 E105.32806
G1 F748.6 X116.828 Y113.702 E105.33819
G1 F744.4 X116.422 Y113.478 E105.35207
G1 F752.8 X116.093 Y113.173 E105.36535
G1 X115.84 Y112.778 E105.37924
G1 F748.6 X115.697 Y112.335 E105.3931
G1 X115.678 Y112 E105.40308
G1 F746.5 X115.7 Y111.661 E105.41323
G1 F742.4 X115.84 Y111.218 E105.42717
G1 F750.7 X116.093 Y110.823 E105.4411
G1 F752.8 X116.422 Y110.518 E105.45438
G1 F744.4 X116.827 Y110.298 E105.46817
G1 F748.6 X117.157 Y110.21 E105.47834
G1 F754.9 X117.5 Y110.168 E105.48854
G1 F759.2 X117.843 Y110.208 E105.49868
G1 F752.8 X118.208 Y110.309 E105.50989
G1 F740.3 X118.577 Y110.52 E105.52268
G1 X118.904 Y110.824 E105.53612
G1 F748.6 X119.158 Y111.22 E105.55012
G1 F752.8 X119.299 Y111.661 E105.56383
G1 X119.318 Y111.991 E105.57361
G1 X119.299 Y112.335 E105.58381
G1 X119.158 Y112.78 E105.59763
G1 F748.6 X118.904 Y113.171 E105.61151
G1 F742.4 X118.577 Y113.476 E105.62493
G1 F740.3 X118.168 Y113.702 E105.639
G1 F752.8 X117.855 Y113.789 E105.64862
G1 F757.1 X117.5 Y113.829 E105.65913
G1 F2700 E100.65913
;MESH:rpicam_v3_standoff-Body.stl(4)
G0 F9000 X117.5 Y124.829
G1 F2700 E105.65913
G1 F752.8 X117.157 Y124.789 E105.66935
G1 F748.6 X116.828 Y124.702 E105.67948
G1 F744.4 X116.422 Y124.478 E105.69336
G1 F752.8 X116.093 Y124.173 E105.70664
G1 X115.84 Y123.778 E105.72053
G1 F748.6 X115.697 Y123.335 E105.73439
G1 X115.678 Y123 E105.74437
G1 F746.5 X115.7 Y122.661 E105.75451
G1 F742.4 X115.84 Y122.218 E105.76846
G1 F750.7 X116.093 Y121.823 E105.78239
G1 F752.8 X116.422 Y121.518 E105.79567
G1 F744.4 X116.827 Y121.298 E105.80946
G1 F748.6 X117.157 Y121.21 E105.81963
G1 F754.9 X117.5 Y121.168 E105.82983
G1 F759.2 X117.843 Y121.208 E105.83996
G1 F752.8 X118.208 Y121.309 E105.85118
G1 F740.3 X118.577 Y121.52 E105.86397
G1 X118.904 Y121.824 E105.87741
G1 F748.6 X119.158 Y122.22 E105.89141
G1 F752.8 X119.299 Y122.661 E105.90512
G1 X119.318 Y122.991 E105.9149
G1 X119.299 Y123.335 E105.9251
G1 X119.158 Y123.78 E105.93892
G1 F748.6 X118.904 Y124.171 E105.9528
G1 F742.4 X118.577 Y124.476 E105.96622
G1 F740.3 X118.168 Y124.702 E105.98029
G1 F752.8 X117.855 Y124.789 E105.9899
G1 F757.1 X117.5 Y124.829 E106.00042
G0 F9000 X117.5 Y124.47
G1 F759.2 X117.52 Y124.473 E106.00101
G1 X117.788 Y124.446 E106.00892
G1 F770.1 X118.176 Y124.317 E106.02075
G1 F765.7 X118.578 Y124.01 E106.03547
G1 F757.1 X118.83 Y123.64 E106.04865
G1 X118.968 Y123.2 E106.06222
G1 X118.954 Y122.746 E106.07559
G1 X118.828 Y122.352 E106.08777
G1 F761.4 X118.574 Y121.989 E106.10074
G1 F765.7 X118.221 Y121.694 E106.11412
G1 F770.1 X117.787 Y121.554 E106.12732
G1 F761.4 X117.528 Y121.523 E106.13495
G1 F759.2 X117.072 Y121.58 E106.14844
G1 F761.4 X116.681 Y121.77 E106.16117
G1 F757.1 X116.347 Y122.076 E106.1745
G1 F761.4 X116.132 Y122.429 E106.1866
G1 X116.025 Y122.852 E106.19937
G1 F757.1 X116.054 Y123.305 E106.21273
G1 F754.9 X116.14 Y123.58 E106.22124
G1 F757.1 X116.363 Y123.941 E106.23373
G1 F759.2 X116.678 Y124.227 E106.24621
G1 F763.5 X117.073 Y124.417 E106.25901
G1 F765.7 X117.5 Y124.47 E106.27153
G1 F2700 E101.27153
;MESH:NONMESH
G0 F300 Z3.8
G0 F9000 X112.085 Y119.323
;TIME_ELAPSED:294.021853
;LAYER:18
;note -- min layer time used
;TYPE:WALL-OUTER
;MESH:rpicam_v3_standoff-Body.stl(1)
G1 F2700 E106.27153
G1 F761.2 X112.012 Y119.332 E106.27368
G1 F756.9 X111.537 Y119.271 E106.28778
G1 F750.5 X111.112 Y119.1 E106.30138
G1 F746.3 X110.843 Y118.906 E106.31128
G1 F752.6 X110.593 Y118.673 E106.32139
G1 X110.34 Y118.278 E106.33528
G1 F750.5 X110.201 Y117.848 E106.34869
G1 F752.6 X110.17 Y117.375 E106.36273
G1 X110.234 Y117.044 E106.37271
G1 F748.4 X110.34 Y116.718 E106.38291
G1 F750.5 X110.593 Y116.323 E106.39683
G1 F752.6 X110.922 Y116.018 E106.41011
G1 F744.3 X111.327 Y115.798 E106.42391
G1 F748.4 X111.657 Y115.71 E106.43408
G1 F761.2 X112.12 Y115.679 E106.44766
G1 F759 X112.451 Y115.727 E106.45748
G1 F756.9 X112.777 Y115.852 E106.46775
G1 F752.6 X113.074 Y116.019 E106.47784
G1 F746.3 X113.405 Y116.324 E106.49128
G1 F750.5 X113.658 Y116.72 E106.50522
G1 F752.6 X113.799 Y117.161 E106.51893
G1 X113.818 Y117.491 E106.52871
G1 X113.799 Y117.835 E106.53891
G1 X113.658 Y118.28 E106.55273
G1 F748.4 X113.404 Y118.671 E106.56661
G1 F742.2 X113.077 Y118.976 E106.58003
G1 F740.1 X112.668 Y119.202 E106.5941
G1 F752.6 X112.343 Y119.292 E106.60408
G1 F765.5 X112.085 Y119.323 E106.61164
G0 F9000 X112.066 Y118.971
G1 F765.5 X112.288 Y118.946 E106.61815
G1 F769.9 X112.676 Y118.817 E106.62998
G1 F765.5 X113.078 Y118.51 E106.6447
G1 F756.9 X113.33 Y118.14 E106.65787
G1 X113.468 Y117.7 E106.67145
G1 X113.454 Y117.246 E106.68482
G1 X113.324 Y116.844 E106.69725
G1 F765.5 X113.078 Y116.483 E106.70997
G1 F767.7 X112.681 Y116.191 E106.72427
G1 F761.2 X112.347 Y116.07 E106.73467
G1 F756.9 X112.069 Y116.026 E106.74295
G1 F765.5 X111.573 Y116.079 E106.75747
G1 F761.2 X111.181 Y116.27 E106.77023
G1 F756.9 X110.847 Y116.576 E106.78357
G1 F761.2 X110.633 Y116.93 E106.79567
G1 X110.525 Y117.384 E106.80933
G1 F756.9 X110.554 Y117.804 E106.82172
G1 F754.7 X110.64 Y118.08 E106.83026
G1 F756.9 X110.863 Y118.442 E106.84277
G1 X111.214 Y118.747 E106.85646
G1 X111.618 Y118.925 E106.86945
G1 F759 X112.066 Y118.971 E106.88267
G1 F2700 E101.88267
;MESH:rpicam_v3_standoff-Body.stl
G0 F9000 X117.5 Y119.33
G1 F2700 E106.88267
G1 F756.9 X117.037 Y119.271 E106.89641
G1 F750.5 X116.612 Y119.1 E106.91001
G1 F746.3 X116.343 Y118.906 E106.91991
G1 F752.6 X116.093 Y118.673 E106.93003
G1 X115.84 Y118.278 E106.94391
G1 F750.5 X115.701 Y117.848 E106.95733
G1 F752.6 X115.67 Y117.375 E106.97136
G1 X115.734 Y117.044 E106.98134
G1 F748.4 X115.84 Y116.718 E106.99154
G1 F750.5 X116.093 Y116.323 E107.00547
G1 F752.6 X116.422 Y116.018 E107.01875
G1 F744.3 X116.827 Y115.798 E107.03254
G1 F748.4 X117.157 Y115.71 E107.04271
G1 F761.2 X117.62 Y115.679 E107.05629
G1 F759 X117.951 Y115.727 E107.06611
G1 F756.9 X118.277 Y115.852 E107.07639
G1 F752.6 X118.574 Y116.019 E107.08647
G1 F746.3 X118.905 Y116.324 E107.09991
G1 F750.5 X119.158 Y116.72 E107.11386
G1 F752.6 X119.299 Y117.161 E107.12756
G1 X119.318 Y117.491 E107.13735
G1 X119.299 Y117.835 E107.14755
G1 X119.158 Y118.28 E107.16136
G1 F748.4 X118.904 Y118.671 E107.17524
G1 F742.2 X118.577 Y118.976 E107.18867
G1 F740.1 X118.168 Y119.202 E107.20273
G1 F752.6 X117.843 Y119.292 E107.21272
G1 F761.2 X117.512 Y119.332 E107.22247
G1 F759 X117.5 Y119.33 E107.22283
G0 F9000 X117.5 Y118.964
G1 F761.2 X117.566 Y118.971 E107.22477
G1 F765.5 X117.788 Y118.946 E107.23127
G1 F769.9 X118.176 Y118.817 E107.24311
G1 F765.5 X118.578 Y118.51 E107.25783
G1 F756.9 X118.83 Y118.14 E107.271
G1 X118.968 Y117.7 E107.28458
G1 X118.954 Y117.246 E107.29795
G1 X118.824 Y116.844 E107.31038
G1 F765.5 X118.578 Y116.483 E107.3231
G1 F767.7 X118.181 Y116.191 E107.3374
G1 F761.2 X117.847 Y116.07 E107.3478
G1 F756.9 X117.569 Y116.026 E107.35608
G1 F765.5 X117.073 Y116.079 E107.3706
G1 F761.2 X116.681 Y116.27 E107.38336
G1 F756.9 X116.347 Y116.576 E107.39669
G1 F761.2 X116.133 Y116.93 E107.4088
G1 X116.025 Y117.384 E107.42246
G1 F756.9 X116.054 Y117.804 E107.43485
G1 F754.7 X116.14 Y118.08 E107.44339
G1 F756.9 X116.363 Y118.442 E107.4559
G1 X116.714 Y118.747 E107.46959
G1 X117.118 Y118.925 E107.48258
G1 X117.5 Y118.964 E107.49389
G1 F2700 E102.49389
;MESH:rpicam_v3_standoff-Body.stl(2)
G0 F9000 X122.932 Y118.957
G1 F2700 E107.49389
G1 F761.2 X123.066 Y118.971 E107.49783
G1 F765.5 X123.288 Y118.946 E107.50433
G1 F769.9 X123.676 Y118.817 E107.51616
G1 F765.5 X124.078 Y118.51 E107.53088
G1 F756.9 X124.33 Y118.14 E107.54406
G1 X124.468 Y117.7 E107.55763
G1 X124.454 Y117.246 E107.571
G1 X124.324 Y116.844 E107.58344
G1 F765.5 X124.078 Y116.483 E107.59615
G1 F767.7 X123.681 Y116.191 E107.61046
G1 F761.2 X123.347 Y116.07 E107.62085
G1 F756.9 X123.069 Y116.026 E107.62914
G1 F765.5 X122.573 Y116.079 E107.64366
G1 F761.2 X122.181 Y116.27 E107.65642
G1 F756.9 X121.847 Y116.576 E107.66975
G1 F761.2 X121.633 Y116.93 E107.68186
G1 X121.525 Y117.384 E107.69552
G1 F756.9 X121.554 Y117.804 E107.70791
G1 F754.7 X121.64 Y118.08 E107.71644
G1 F756.9 X121.863 Y118.442 E107.72896
G1 X122.214 Y118.747 E107.74265
G1 X122.618 Y118.925 E107.75564
G1 X122.932 Y118.957 E107.76493
G0 F9000 X122.915 Y119.32
G1 F756.9 X122.537 Y119.271 E107.77615
G1 F750.5 X122.112 Y119.1 E107.78975
G1 F746.3 X121.843 Y118.906 E107.79965
G1 F752.6 X121.593 Y118.673 E107.80977
G1 X121.34 Y118.278 E107.82365
G1 F750.5 X121.201 Y117.848 E107.83707
G1 F752.6 X121.17 Y117.375 E107.8511
G1 X121.234 Y117.044 E107.86108
G1 F748.4 X121.34 Y116.718 E107.87128
G1 F750.5 X121.593 Y116.323 E107.88521
G1 F752.6 X121.922 Y116.018 E107.89849
G1 F744.3 X122.327 Y115.798 E107.91228
G1 F748.4 X122.657 Y115.71 E107.92245
G1 F761.2 X123.12 Y115.679 E107.93603
G1 F759 X123.451 Y115.727 E107.94585
G1 F756.9 X123.777 Y115.852 E107.95613
G1 F752.6 X124.074 Y116.019 E107.96621
G1 F746.3 X124.405 Y116.324 E107.97965
G1 F750.5 X124.658 Y116.72 E107.9936
G1 F752.6 X124.799 Y117.161 E108.0073
G1 X124.818 Y117.491 E108.01709
G1 X124.799 Y117.835 E108.02729
G1 X124.658 Y118.28 E108.0411
G1 F748.4 X124.404 Y118.671 E108.05498
G1 F742.2 X124.077 Y118.976 E108.06841
G1 F740.1 X123.668 Y119.202 E108.08247
G1 F752.6 X123.343 Y119.292 E108.09245
G1 F761.2 X123.012 Y119.332 E108.10221
G1 F759 X122.915 Y119.32 E108.10508
G1 F2700 E103.10508
;MESH:rpicam_v3_standoff-Body.stl(3)
G0 F9000 X122.808 Y120.158
G0 X122.33 Y120.096
G0 X121.703 Y119.848
G0 X121.057 Y119.325
G0 X120.663 Y118.785
G0 X120.139 Y117.304
G0 X119.98 Y116.52
G0 X119.656 Y115.932
G0 X119.2 Y115.447
G0 X118.88 Y115.243
G0 X117.666 Y114.66
G0 X117.5 Y113.464
G1 F2700 E108.10508
G1 F761.2 X117.566 Y113.471 E108.10702
G1 F765.5 X117.788 Y113.446 E108.11353
G1 F769.9 X118.176 Y113.317 E108.12536
G1 F765.5 X118.578 Y113.01 E108.14008
G1 F756.9 X118.83 Y112.64 E108.15325
G1 X118.968 Y112.2 E108.16683
G1 X118.954 Y111.746 E108.1802
G1 X118.824 Y111.344 E108.19263
G1 F765.5 X118.578 Y110.983 E108.20535
G1 F767.7 X118.181 Y110.691 E108.21965
G1 F761.2 X117.847 Y110.57 E108.23005
G1 F756.9 X117.569 Y110.526 E108.23833
G1 F765.5 X117.073 Y110.579 E108.25285
G1 F761.2 X116.681 Y110.77 E108.26561
G1 F756.9 X116.347 Y111.076 E108.27895
G1 F761.2 X116.133 Y111.43 E108.29105
G1 X116.025 Y111.884 E108.30471
G1 F756.9 X116.054 Y112.304 E108.3171
G1 F754.7 X116.14 Y112.58 E108.32564
G1 F756.9 X116.363 Y112.942 E108.33815
G1 X116.714 Y113.247 E108.35184
G1 X117.118 Y113.425 E108.36483
G1 X117.5 Y113.464 E108.37614
G0 F9000 X117.5 Y113.83
G1 F756.9 X117.037 Y113.771 E108.38988
G1 F750.5 X116.612 Y113.6 E108.40348
G1 F746.3 X116.343 Y113.406 E108.41338
G1 F752.6 X116.093 Y113.173 E108.42349
G1 X115.84 Y112.778 E108.43738
G1 F750.5 X115.701 Y112.348 E108.45079
G1 F752.6 X115.67 Y111.875 E108.46482
G1 X115.734 Y111.544 E108.4748
G1 F748.4 X115.84 Y111.218 E108.48501
G1 F750.5 X116.093 Y110.823 E108.49893
G1 F752.6 X116.422 Y110.518 E108.51221
G1 F744.3 X116.827 Y110.298 E108.52601
G1 F748.4 X117.157 Y110.21 E108.53617
G1 F761.2 X117.62 Y110.179 E108.54976
G1 F759 X117.951 Y110.227 E108.55957
G1 F756.9 X118.277 Y110.352 E108.56985
G1 F752.6 X118.574 Y110.519 E108.57994
G1 F746.3 X118.905 Y110.824 E108.59337
G1 F750.5 X119.158 Y111.22 E108.60732
G1 F752.6 X119.299 Y111.661 E108.62103
G1 X119.318 Y111.991 E108.63081
G1 X119.299 Y112.335 E108.64101
G1 X119.158 Y112.78 E108.65483
G1 F748.4 X118.904 Y113.171 E108.66871
G1 F742.2 X118.577 Y113.476 E108.68213
G1 F740.1 X118.168 Y113.702 E108.6962
G1 F752.6 X117.843 Y113.792 E108.70618
G1 F761.2 X117.512 Y113.832 E108.71594
G1 F759 X117.5 Y113.83 E108.71629
G1 F2700 E103.71629
;MESH:rpicam_v3_standoff-Body.stl(4)
G0 F9000 X117.5 Y124.83
G1 F2700 E108.71629
G1 F756.9 X117.037 Y124.771 E108.73003
G1 F750.5 X116.612 Y124.6 E108.74363
G1 F746.3 X116.343 Y124.406 E108.75353
G1 F752.6 X116.093 Y124.173 E108.76365
G1 X115.84 Y123.778 E108.77753
G1 F750.5 X115.701 Y123.348 E108.79095
G1 F752.6 X115.67 Y122.875 E108.80498
G1 X115.734 Y122.544 E108.81496
G1 F748.4 X115.84 Y122.218 E108.82516
G1 F750.5 X116.093 Y121.823 E108.83909
G1 F752.6 X116.422 Y121.518 E108.85237
G1 F744.3 X116.827 Y121.298 E108.86617
G1 F748.4 X117.157 Y121.21 E108.87633
G1 F761.2 X117.62 Y121.179 E108.88991
G1 F759 X117.951 Y121.227 E108.89973
G1 F756.9 X118.277 Y121.352 E108.91001
G1 F752.6 X118.574 Y121.519 E108.92009
G1 F746.3 X118.905 Y121.824 E108.93353
G1 F750.5 X119.158 Y122.22 E108.94748
G1 F752.6 X119.299 Y122.661 E108.96118
G1 X119.318 Y122.991 E108.97097
G1 X119.299 Y123.335 E108.98117
G1 X119.158 Y123.78 E108.99499
G1 F748.4 X118.904 Y124.171 E109.00887
G1 F742.2 X118.577 Y124.476 E109.02229
G1 F740.1 X118.168 Y124.702 E109.03635
G1 F752.6 X117.843 Y124.792 E109.04634
G1 F761.2 X117.512 Y124.832 E109.05609
G1 F759 X117.5 Y124.83 E109.05645
G0 F9000 X117.5 Y124.464
G1 F761.2 X117.566 Y124.471 E109.05839
G1 F765.5 X117.788 Y124.446 E109.0649
G1 F769.9 X118.176 Y124.317 E109.07673
G1 F765.5 X118.578 Y124.01 E109.09145
G1 F756.9 X118.83 Y123.64 E109.10463
G1 X118.968 Y123.2 E109.1182
G1 X118.954 Y122.746 E109.13157
G1 X118.824 Y122.344 E109.14401
G1 F765.5 X118.578 Y121.983 E109.15672
G1 F767.7 X118.181 Y121.691 E109.17102
G1 F761.2 X117.847 Y121.57 E109.18142
G1 F756.9 X117.569 Y121.526 E109.1897
G1 F765.5 X117.073 Y121.579 E109.20422
G1 F761.2 X116.681 Y121.77 E109.21698
G1 F756.9 X116.347 Y122.076 E109.23032
G1 F761.2 X116.133 Y122.43 E109.24242
G1 X116.025 Y122.884 E109.25608
G1 F756.9 X116.054 Y123.304 E109.26847
G1 F754.7 X116.14 Y123.58 E109.27701
G1 F756.9 X116.363 Y123.942 E109.28952
G1 X116.714 Y124.247 E109.30321
G1 X117.118 Y124.425 E109.31621
G1 X117.5 Y124.464 E109.32751
;TIME_ELAPSED:305.270343
G1 F2700 E104.32751
M140 S0
M107
G91 ;Relative positioning
G1 E-2 F2700 ;Retract a bit
G1 E-2 Z0.2 F2400 ;Retract and raise Z
G1 X5 Y5 F3000 ;Wipe out
G1 Z10 ;Raise Z more
G90 ;Absolute positioning

G1 X0 Y235 ;Present print
M106 S0 ;Turn-off fan
M104 S0 ;Turn-off hotend
M140 S0 ;Turn-off bed

M84 X Y E ;Disable all steppers but Z

M82 ;absolute extrusion mode
M104 S0
;End of Gcode
;SETTING_3 {"global_quality": "[general]\\nversion = 4\\nname = Dynamic Quality 
;SETTING_3 #2\\ndefinition = creality_ender3\\n\\n[metadata]\\ntype = quality_ch
;SETTING_3 anges\\nquality_type = adaptive\\nsetting_version = 26\\n\\n[values]\
;SETTING_3 \nadhesion_type = brim\\nmaterial_bed_temperature = 60\\n\\n", "extru
;SETTING_3 der_quality": ["[general]\\nversion = 4\\nname = Dynamic Quality #2\\
;SETTING_3 ndefinition = creality_ender3\\n\\n[metadata]\\ntype = quality_change
;SETTING_3 s\\nquality_type = adaptive\\nsetting_version = 26\\nposition = 0\\n\
;SETTING_3 \n[values]\\ninfill_sparse_density = 50.0\\nmaterial_print_temperatur
;SETTING_3 e = 220.0\\n\\n"]}
